PID	Sample	gene_target	gene_symbol	Marker_hg38	Marker.Type	Variant_Class	HGVSp_Short	amino_acids	protein_start	consequence	mane_select	transcript_id	canonical	VAF	nM	nT	hgvsc	hgvsp	biotype	codon	hotspot_codon	Mut_Status	status_rank
SJALCL014734	C2_WGS	DDX3X	DDX3X	chrX.41346942.G.A	SNV	Missense	p.V567M	V/M	567	missense_variant	NM_001356.5	ENST00000644876	1	0.233333333333333	7	30	ENST00000644876.2:c.1699G>A	ENSP00000494040.1:p.Val567Met	protein_coding	567	FALSE	Missense_Other	4
SJALCL014734	C2B_WGS	DDX3X	DDX3X	chrX.41346942.G.A	SNV	Missense	p.V567M	V/M	567	missense_variant	NM_001356.5	ENST00000644876	1	0.233333333333333	7	30	ENST00000644876.2:c.1699G>A	ENSP00000494040.1:p.Val567Met	protein_coding	567	FALSE	Missense_Other	4
SJALL062803	C4_WGS	KRAS	KRAS	chr12.25245317.A.C	SNV	Missense	p.L23R	L/R	23	missense_variant	NM_004985.5	ENST00000311936	1	0.653846153846154	17	26	ENST00000311936.8:c.68T>G	ENSP00000308495.3:p.Leu23Arg	protein_coding	23	FALSE	Missense_Other	4
SJALL064607	C2_WGS	KRAS	KRAS	chr12.25245317.A.C	SNV	Missense	p.L23R	L/R	23	missense_variant	NM_004985.5	ENST00000311936	1	0.653846153846154	17	26	ENST00000311936.8:c.68T>G	ENSP00000308495.3:p.Leu23Arg	protein_coding	23	FALSE	Missense_Other	4
SJALL064607	C1_WGS	KRAS	KRAS	chr12.25245317.A.C	SNV	Missense	p.L23R	L/R	23	missense_variant	NM_004985.5	ENST00000311936	1	0.558139534883721	24	43	ENST00000311936.8:c.68T>G	ENSP00000308495.3:p.Leu23Arg	protein_coding	23	FALSE	Missense_Other	4
SJALL064608	C1_WGS	H3F3A	H3F3A	chr1.226064434.A.T	SNV	Missense	p.K28M	K/M	28	missense_variant	NM_002107.7	ENST00000366815	1	0.322033898305085	19	59	ENST00000366815.10:c.83A>T	ENSP00000355780.3:p.Lys28Met	protein_coding	28	TRUE	Hotspot	5
SJALL064608	C1B_WGS	H3F3A	H3F3A	chr1.226064434.A.T	SNV	Missense	p.K28M	K/M	28	missense_variant	NM_002107.7	ENST00000366815	1	0.306122448979592	15	49	ENST00000366815.10:c.83A>T	ENSP00000355780.3:p.Lys28Met	protein_coding	28	TRUE	Hotspot	5
SJALL075982	C1_WGS	KRAS	KRAS	chr12.25245350.C.T	SNV	Missense	p.G12D	G/D	12	missense_variant	NM_004985.5	ENST00000311936	1	0.5	14	28	ENST00000311936.8:c.35G>A	ENSP00000308495.3:p.Gly12Asp	protein_coding	12	TRUE	Hotspot	5
SJALL075987	C1_WGS	KRAS	KRAS	chr12.25225628.C.T	SNV	Missense	p.A146T	A/T	146	missense_variant	NM_004985.5	ENST00000311936	1	0.235294117647059	8	34	ENST00000311936.8:c.436G>A	ENSP00000308495.3:p.Ala146Thr	protein_coding	146	TRUE	Hotspot	5
SJALL077037	C1_WGS	CTCF	CTCF	chr16.67611442.AC.AAC	Indel	Frameshift	p.T204NX	T/NX	204	frameshift_variant	NM_006565.4	ENST00000264010	1	0.425	17	40	ENST00000264010.10:c.610dup	ENSP00000264010.4:p.Thr204AsnfsTer26	protein_coding	204	FALSE	Truncating	2
SJALL077038	C1_WGS	CTCF	CTCF	chr16.67611442.AC.AAC	Indel	Frameshift	p.T204NX	T/NX	204	frameshift_variant	NM_006565.4	ENST00000264010	1	0.363636363636364	12	33	ENST00000264010.10:c.610dup	ENSP00000264010.4:p.Thr204AsnfsTer26	protein_coding	204	FALSE	Truncating	2
SJALL080087	C1_WGS	H3F3A	H3F3A	chr1.226065675.C.T	SNV	Missense	p.R50C	R/C	50	missense_variant	NM_002107.7	ENST00000366815	1	0.606060606060606	20	33	ENST00000366815.10:c.148C>T	ENSP00000355780.3:p.Arg50Cys	protein_coding	50	FALSE	Missense_Other	4
SJAML011230	C7_WGS	MYC	MYC	chr8.127738395.C.A	SNV	Missense	p.P60T	P/T	60	missense_variant	NM_002467.6	ENST00000621592	1	0.451612903225806	56	124	ENST00000621592.8:c.178C>A	ENSP00000478887.2:p.Pro60Thr	protein_coding	60	FALSE	Missense_Other	4
SJAML062810	C1_WGS	CTCF	CTCF	chr16.67611442.AC.AAC	Indel	Frameshift	p.T204NX	T/NX	204	frameshift_variant	NM_006565.4	ENST00000264010	1	0.282051282051282	11	39	ENST00000264010.10:c.610dup	ENSP00000264010.4:p.Thr204AsnfsTer26	protein_coding	204	FALSE	Truncating	2
SJAML066168	C1_WGS	PTPN11	PTPN11	chr12.112450395.C.T	SNV	Missense	p.A72V	A/V	72	missense_variant	NM_002834.5	ENST00000351677	1	0.645161290322581	20	31	ENST00000351677.7:c.215C>T	ENSP00000340944.3:p.Ala72Val	protein_coding	72	TRUE	Hotspot	5
SJAML066168	C3_WGS	PTPN11	PTPN11	chr12.112450395.C.T	SNV	Missense	p.A72V	A/V	72	missense_variant	NM_002834.5	ENST00000351677	1	0.571428571428571	16	28	ENST00000351677.7:c.215C>T	ENSP00000340944.3:p.Ala72Val	protein_coding	72	TRUE	Hotspot	5
SJAML066168	C3_WGS	PTPN11	PTPN11	chr12.112488466.C.T	SNV	Missense	p.T468M	T/M	468	missense_variant	NM_002834.5	ENST00000351677	1	0.490196078431373	25	51	ENST00000351677.7:c.1403C>T	ENSP00000340944.3:p.Thr468Met	protein_coding	468	FALSE	Missense_Other	4
SJAML066168	C1_WGS	PTPN11	PTPN11	chr12.112488466.C.T	SNV	Missense	p.T468M	T/M	468	missense_variant	NM_002834.5	ENST00000351677	1	0.451612903225806	14	31	ENST00000351677.7:c.1403C>T	ENSP00000340944.3:p.Thr468Met	protein_coding	468	FALSE	Missense_Other	4
SJAML066169	C1_WGS	KIT	KIT	chr4.54733155.A.T	SNV	Missense	p.D816V	D/V	816	missense_variant	NM_000222.3	ENST00000288135	1	0.625	15	24	ENST00000288135.6:c.2447A>T	ENSP00000288135.6:p.Asp816Val	protein_coding	816	TRUE	Hotspot	5
SJAML066169	C1_WGS	PTPN11	PTPN11	chr12.112450362.A.T	SNV	Missense	p.D61V	D/V	61	missense_variant	NM_002834.5	ENST00000351677	1	0.576923076923077	15	26	ENST00000351677.7:c.182A>T	ENSP00000340944.3:p.Asp61Val	protein_coding	61	FALSE	Missense_Other	4
SJAML068300	C1_WGS	KRAS	KRAS	chr12.25225628.C.T	SNV	Missense	p.A146T	A/T	146	missense_variant	NM_004985.5	ENST00000311936	1	0.647058823529412	11	17	ENST00000311936.8:c.436G>A	ENSP00000308495.3:p.Ala146Thr	protein_coding	146	TRUE	Hotspot	5
SJAML075983	C1_WGS	CTCF	CTCF	chr16.67611247.G.T	SNV	Nonsense	p.E139*	E/*	139	stop_gained	NM_006565.4	ENST00000264010	1	0.296296296296296	8	27	ENST00000264010.10:c.415G>T	ENSP00000264010.4:p.Glu139Ter	protein_coding	139	FALSE	Truncating	2
SJAML075984	C1_WGS	KRAS	KRAS	chr12.25225628.C.G	SNV	Missense	p.A146P	A/P	146	missense_variant	NM_004985.5	ENST00000311936	1	0.5	10	20	ENST00000311936.8:c.436G>C	ENSP00000308495.3:p.Ala146Pro	protein_coding	146	TRUE	Hotspot	5
SJAML077033	C1B_WGS	KRAS	KRAS	chr12.25227341.T.G	SNV	Missense	p.Q61H	Q/H	61	missense_variant	NM_004985.5	ENST00000311936	1	0.5	18	36	ENST00000311936.8:c.183A>C	ENSP00000308495.3:p.Gln61His	protein_coding	61	TRUE	Hotspot	5
SJAML077033	C2_WGS	KRAS	KRAS	chr12.25227341.T.G	SNV	Missense	p.Q61H	Q/H	61	missense_variant	NM_004985.5	ENST00000311936	1	0.5	18	36	ENST00000311936.8:c.183A>C	ENSP00000308495.3:p.Gln61His	protein_coding	61	TRUE	Hotspot	5
SJAML077033	C1_WGS	KRAS	KRAS	chr12.25227341.T.G	SNV	Missense	p.Q61H	Q/H	61	missense_variant	NM_004985.5	ENST00000311936	1	0.3	9	30	ENST00000311936.8:c.183A>C	ENSP00000308495.3:p.Gln61His	protein_coding	61	TRUE	Hotspot	5
SJAML077033	C1_WGS	PTPN11	PTPN11	chr12.112450393.T.A	SNV	Missense	p.F71L	F/L	71	missense_variant	NM_002834.5	ENST00000351677	1	0.482758620689655	14	29	ENST00000351677.7:c.213T>A	ENSP00000340944.3:p.Phe71Leu	protein_coding	71	FALSE	Missense_Other	4
SJAML077033	C1B_WGS	PTPN11	PTPN11	chr12.112450393.T.A	SNV	Missense	p.F71L	F/L	71	missense_variant	NM_002834.5	ENST00000351677	1	0.466666666666667	21	45	ENST00000351677.7:c.213T>A	ENSP00000340944.3:p.Phe71Leu	protein_coding	71	FALSE	Missense_Other	4
SJAML077033	C2_WGS	PTPN11	PTPN11	chr12.112450393.T.A	SNV	Missense	p.F71L	F/L	71	missense_variant	NM_002834.5	ENST00000351677	1	0.466666666666667	21	45	ENST00000351677.7:c.213T>A	ENSP00000340944.3:p.Phe71Leu	protein_coding	71	FALSE	Missense_Other	4
SJAML077106	C1_WGS	KRAS	KRAS	chr12.25225627.G.A	SNV	Missense	p.A146V	A/V	146	missense_variant	NM_004985.5	ENST00000311936	1	0.586206896551724	34	58	ENST00000311936.8:c.437C>T	ENSP00000308495.3:p.Ala146Val	protein_coding	146	TRUE	Hotspot	5
SJAML077106	C1_WGS	MYC	MYC	chr8.127738438.C.T	SNV	Missense	p.P74L	P/L	74	missense_variant	NM_002467.6	ENST00000621592	1	0.391304347826087	9	23	ENST00000621592.8:c.221C>T	ENSP00000478887.2:p.Pro74Leu	protein_coding	74	FALSE	Missense_Other	4
SJAML080079	C1_WGS	KIT	KIT	chr4.54733174.T.A	SNV	Missense	p.N822K	N/K	822	missense_variant	NM_000222.3	ENST00000288135	1	1	32	32	ENST00000288135.6:c.2466T>A	ENSP00000288135.6:p.Asn822Lys	protein_coding	822	FALSE	Missense_Other	4
SJAML080079	C1B_WGS	KIT	KIT	chr4.54733174.T.A	SNV	Missense	p.N822K	N/K	822	missense_variant	NM_000222.3	ENST00000288135	1	1	121	121	ENST00000288135.6:c.2466T>A	ENSP00000288135.6:p.Asn822Lys	protein_coding	822	FALSE	Missense_Other	4
SJAML080079	C1_WGS	MYC	MYC	chr8.127738438.C.A	SNV	Missense	p.P74Q	P/Q	74	missense_variant	NM_002467.6	ENST00000621592	1	0.782608695652174	18	23	ENST00000621592.8:c.221C>A	ENSP00000478887.2:p.Pro74Gln	protein_coding	74	FALSE	Missense_Other	4
SJAML080079	C1B_WGS	MYC	MYC	chr8.127738438.C.A	SNV	Missense	p.P74Q	P/Q	74	missense_variant	NM_002467.6	ENST00000621592	1	0.701754385964912	40	57	ENST00000621592.8:c.221C>A	ENSP00000478887.2:p.Pro74Gln	protein_coding	74	FALSE	Missense_Other	4
SJAML080365	C1_WGS	KIT	KIT	chr4.54733174.T.A	SNV	Missense	p.N822K	N/K	822	missense_variant	NM_000222.3	ENST00000288135	1	0.888888888888889	104	117	ENST00000288135.6:c.2466T>A	ENSP00000288135.6:p.Asn822Lys	protein_coding	822	FALSE	Missense_Other	4
SJAML080365	C2_WGS	KIT	KIT	chr4.54733174.T.A	SNV	Missense	p.N822K	N/K	822	missense_variant	NM_000222.3	ENST00000288135	1	0.888888888888889	104	117	ENST00000288135.6:c.2466T>A	ENSP00000288135.6:p.Asn822Lys	protein_coding	822	FALSE	Missense_Other	4
SJAML080365	C4_WGS	KIT	KIT	chr4.54733174.T.A	SNV	Missense	p.N822K	N/K	822	missense_variant	NM_000222.3	ENST00000288135	1	0.885057471264368	77	87	ENST00000288135.6:c.2466T>A	ENSP00000288135.6:p.Asn822Lys	protein_coding	822	FALSE	Missense_Other	4
SJAML080365	C5_WGS	KIT	KIT	chr4.54733174.T.A	SNV	Missense	p.N822K	N/K	822	missense_variant	NM_000222.3	ENST00000288135	1	0.78125	75	96	ENST00000288135.6:c.2466T>A	ENSP00000288135.6:p.Asn822Lys	protein_coding	822	FALSE	Missense_Other	4
SJAML080452	C2_WGS	FOXO1	FOXO1	chr13.40560817.C.T	SNV	Missense	p.R225H	R/H	225	missense_variant	NM_002015.4	ENST00000379561	1	0.578947368421053	33	57	ENST00000379561.6:c.674G>A	ENSP00000368880.4:p.Arg225His	protein_coding	225	FALSE	Missense_Other	4
SJAML080705	C1B_WGS	PTPN11	PTPN11	chr12.112450358.G.C	SNV	Missense	p.G60R	G/R	60	missense_variant	NM_002834.5	ENST00000351677	1	0.542857142857143	19	35	ENST00000351677.7:c.178G>C	ENSP00000340944.3:p.Gly60Arg	protein_coding	60	FALSE	Missense_Other	4
SJAML080705	C1_WGS	PTPN11	PTPN11	chr12.112450358.G.C	SNV	Missense	p.G60R	G/R	60	missense_variant	NM_002834.5	ENST00000351677	1	0.277777777777778	5	18	ENST00000351677.7:c.178G>C	ENSP00000340944.3:p.Gly60Arg	protein_coding	60	FALSE	Missense_Other	4
SJAML093353	C2_WGS	PTPN11	PTPN11	chr12.112450358.G.C	SNV	Missense	p.G60R	G/R	60	missense_variant	NM_002834.5	ENST00000351677	1	0.545454545454545	18	33	ENST00000351677.7:c.178G>C	ENSP00000340944.3:p.Gly60Arg	protein_coding	60	FALSE	Missense_Other	4
SJAML096692	C1_WGS	KRAS	KRAS	chr12.25245350.C.A	SNV	Missense	p.G12V	G/V	12	missense_variant	NM_004985.5	ENST00000311936	1	0.566666666666667	17	30	ENST00000311936.8:c.35G>T	ENSP00000308495.3:p.Gly12Val	protein_coding	12	TRUE	Hotspot	5
SJAMLM083676	C1_WGS	MYC	MYC	chr8.127738395.C.A	SNV	Missense	p.P60T	P/T	60	missense_variant	NM_002467.6	ENST00000621592	1	0.632911392405063	50	79	ENST00000621592.8:c.178C>A	ENSP00000478887.2:p.Pro60Thr	protein_coding	60	FALSE	Missense_Other	4
SJATRT096738	C1_WGS	ERG	ERG	chr21.38383744.G.A	SNV	Missense	p.R367C	R/C	367	missense_variant	NM_182918.4	ENST00000288319	1	0.387096774193548	12	31	ENST00000288319.12:c.1099C>T	ENSP00000288319.7:p.Arg367Cys	protein_coding	367	FALSE	Missense_Other	4
SJBALL011827	C10_WGS	CTCF	CTCF	chr16.67611442.AC.AAC	Indel	Frameshift	p.T204NX	T/NX	204	frameshift_variant	NM_006565.4	ENST00000264010	1	0.432432432432432	16	37	ENST00000264010.10:c.610dup	ENSP00000264010.4:p.Thr204AsnfsTer26	protein_coding	204	FALSE	Truncating	2
SJBALL020016	C185_WGS	ALK	ALK	chr2.29220829.G.T	SNV	Missense	p.F1174L	F/L	1174	missense_variant	NM_004304.5	ENST00000389048	1	0.375	36	96	ENST00000389048.8:c.3522C>A	ENSP00000373700.3:p.Phe1174Leu	protein_coding	1174	TRUE	Hotspot	5
SJBALL060369	C1_WGS	KRAS	KRAS	chr12.25245351.C.T	SNV	Missense	p.G12S	G/S	12	missense_variant	NM_004985.5	ENST00000311936	1	0.48780487804878	20	41	ENST00000311936.8:c.34G>A	ENSP00000308495.3:p.Gly12Ser	protein_coding	12	TRUE	Hotspot	5
SJBALL060370	C1_WGS	KRAS	KRAS	chr12.25245347.C.T	SNV	Missense	p.G13D	G/D	13	missense_variant	NM_004985.5	ENST00000311936	1	1	23	23	ENST00000311936.8:c.38G>A	ENSP00000308495.3:p.Gly13Asp	protein_coding	13	TRUE	Hotspot	5
SJBALL068301	C1_WGS	KRAS	KRAS	chr12.25225628.C.T	SNV	Missense	p.A146T	A/T	146	missense_variant	NM_004985.5	ENST00000311936	1	0.346153846153846	9	26	ENST00000311936.8:c.436G>A	ENSP00000308495.3:p.Ala146Thr	protein_coding	146	TRUE	Hotspot	5
SJBALL069444	C10_WGS	PTPN11	PTPN11	chr12.112489080.T.C	SNV	Missense	p.S502P	S/P	502	missense_variant	NM_002834.5	ENST00000351677	1	0.571428571428571	24	42	ENST00000351677.7:c.1504T>C	ENSP00000340944.3:p.Ser502Pro	protein_coding	502	FALSE	Missense_Other	4
SJBALL077297	C1_WGS	KRAS	KRAS	chr12.25245350.C.T	SNV	Missense	p.G12D	G/D	12	missense_variant	NM_004985.5	ENST00000311936	1	0.682926829268293	28	41	ENST00000311936.8:c.35G>A	ENSP00000308495.3:p.Gly12Asp	protein_coding	12	TRUE	Hotspot	5
SJBALL077298	C1_WGS	PTPN11	PTPN11	chr12.112489080.T.C	SNV	Missense	p.S502P	S/P	502	missense_variant	NM_002834.5	ENST00000351677	1	0.508196721311475	62	122	ENST00000351677.7:c.1504T>C	ENSP00000340944.3:p.Ser502Pro	protein_coding	502	FALSE	Missense_Other	4
SJBALL077301	C1_WGS	MYC	MYC	chr8.127738446.T.C	SNV	Missense	p.S77P	S/P	77	missense_variant	NM_002467.6	ENST00000621592	1	0.347826086956522	8	23	ENST00000621592.8:c.229T>C	ENSP00000478887.2:p.Ser77Pro	protein_coding	77	FALSE	Missense_Other	4
SJBALL077301	C1_WGS	PDGFRA	PDGFRA	chr4.54285866.G.A	SNV	Missense	p.R822H	R/H	822	missense_variant	NM_006206.6	ENST00000257290	1	0.384615384615385	5	13	ENST00000257290.10:c.2465G>A	ENSP00000257290.5:p.Arg822His	protein_coding	822	FALSE	Missense_Other	4
SJBALL077302	C1_WGS	KRAS	KRAS	chr12.25245345.C.G	SNV	Missense	p.V14L	V/L	14	missense_variant	NM_004985.5	ENST00000311936	1	0.703703703703704	19	27	ENST00000311936.8:c.40G>C	ENSP00000308495.3:p.Val14Leu	protein_coding	14	FALSE	Missense_Other	4
SJBALL080707	C1_WGS	KRAS	KRAS	chr12.25245351.C.G	SNV	Missense	p.G12R	G/R	12	missense_variant	NM_004985.5	ENST00000311936	1	0.48	12	25	ENST00000311936.8:c.34G>C	ENSP00000308495.3:p.Gly12Arg	protein_coding	12	TRUE	Hotspot	5
SJBALL080710	C1_WGS	H3F3A	H3F3A	chr1.226065733.A.G	SNV	Missense	p.Q69R	Q/R	69	missense_variant	NM_002107.7	ENST00000366815	1	0.416666666666667	10	24	ENST00000366815.10:c.206A>G	ENSP00000355780.3:p.Gln69Arg	protein_coding	69	FALSE	Missense_Other	4
SJBALL080710	C2_WGS	H3F3A	H3F3A	chr1.226065733.A.G	SNV	Missense	p.Q69R	Q/R	69	missense_variant	NM_002107.7	ENST00000366815	1	0	0	31	ENST00000366815.10:c.206A>G	ENSP00000355780.3:p.Gln69Arg	protein_coding	69	FALSE	Missense_Other	4
SJBALL083049	C2_WGS	MYC	MYC	chr8.127738291.G.C	SNV	Missense	p.R25T	R/T	25	missense_variant	NM_002467.6	ENST00000621592	1	0.730769230769231	38	52	ENST00000621592.8:c.74G>C	ENSP00000478887.2:p.Arg25Thr	protein_coding	25	FALSE	Missense_Other	4
SJBALL092592	C1_WGS	KRAS	KRAS	chr12.25245350.C.T	SNV	Missense	p.G12D	G/D	12	missense_variant	NM_004985.5	ENST00000311936	1	0.631578947368421	36	57	ENST00000311936.8:c.35G>A	ENSP00000308495.3:p.Gly12Asp	protein_coding	12	TRUE	Hotspot	5
SJBALL092620	C1_WGS	MYC	MYC	chr8.127738431.C.A	SNV	Missense	p.P72T	P/T	72	missense_variant	NM_002467.6	ENST00000621592	1	0.54	27	50	ENST00000621592.8:c.214C>A	ENSP00000478887.2:p.Pro72Thr	protein_coding	72	FALSE	Missense_Other	4
SJBALL092620	C1_WGS	MYC	MYC	chr8.127738791.T.C	SNV	Missense	p.Y192H	Y/H	192	missense_variant	NM_002467.6	ENST00000621592	1	0.480769230769231	25	52	ENST00000621592.8:c.574T>C	ENSP00000478887.2:p.Tyr192His	protein_coding	192	FALSE	Missense_Other	4
SJBALL092620	C1_WGS	MYC	MYC	chr8.127738799.G.C	SNV	Missense	p.Q194H	Q/H	194	missense_variant	NM_002467.6	ENST00000621592	1	0.471698113207547	25	53	ENST00000621592.8:c.582G>C	ENSP00000478887.2:p.Gln194His	protein_coding	194	FALSE	Missense_Other	4
SJBALL092620	C1_WGS	MYC	MYC	chr8.127739017.C.G	SNV	Missense	p.S267C	S/C	267	missense_variant,splice_region_variant	NM_002467.6	ENST00000621592	1	0.44	22	50	ENST00000621592.8:c.800C>G	ENSP00000478887.2:p.Ser267Cys	protein_coding	267	FALSE	Missense_Other	4
SJBALL096744	C1_WGS	KRAS	KRAS	chr12.25245350.C.T	SNV	Missense	p.G12D	G/D	12	missense_variant	NM_004985.5	ENST00000311936	1	0.540540540540541	20	37	ENST00000311936.8:c.35G>A	ENSP00000308495.3:p.Gly12Asp	protein_coding	12	TRUE	Hotspot	5
SJBALL097444	C1_WGS	KRAS	KRAS	chr12.25245345.C.T	SNV	Missense	p.V14I	V/I	14	missense_variant	NM_004985.5	ENST00000311936	1	0.517241379310345	15	29	ENST00000311936.8:c.40G>A	ENSP00000308495.3:p.Val14Ile	protein_coding	14	FALSE	Missense_Other	4
SJBL073624	C1_WGS	DDX3X	DDX3X	chrX.41344401.T.G	SNV	Splice	""	""		splice_donor_variant	NM_001356.5	ENST00000644876	1	1	7	7	ENST00000644876.2:c.1025+2T>G	""	protein_coding		FALSE	Truncating	2
SJBL073624	C1B_WGS	DDX3X	DDX3X	chrX.41344401.T.G	SNV	Splice	""	""		splice_donor_variant	NM_001356.5	ENST00000644876	1	1	10	10	ENST00000644876.2:c.1025+2T>G	""	protein_coding		FALSE	Truncating	2
SJBL073624	C1_WGS	MYC	MYC	chr8.127738393.C.T	SNV	Missense	p.A59V	A/V	59	missense_variant	NM_002467.6	ENST00000621592	1	0.571428571428571	8	14	ENST00000621592.8:c.176C>T	ENSP00000478887.2:p.Ala59Val	protein_coding	59	FALSE	Missense_Other	4
SJBL073624	C1B_WGS	MYC	MYC	chr8.127738435.C.T	SNV	Missense	p.T73I	T/I	73	missense_variant	NM_002467.6	ENST00000621592	1	0.542857142857143	19	35	ENST00000621592.8:c.218C>T	ENSP00000478887.2:p.Thr73Ile	protein_coding	73	FALSE	Missense_Other	4
SJBL073624	C1_WGS	MYC	MYC	chr8.127738435.C.T	SNV	Missense	p.T73I	T/I	73	missense_variant	NM_002467.6	ENST00000621592	1	0.428571428571429	9	21	ENST00000621592.8:c.218C>T	ENSP00000478887.2:p.Thr73Ile	protein_coding	73	FALSE	Missense_Other	4
SJBL073624	C1_WGS	MYC	MYC	chr8.127738434.ACCC.ATTC	MNV	Missense	p.TP73IP	TP/IP	73	missense_variant	NM_002467.6	ENST00000621592	1	0.416666666666667	15	36	ENST00000621592.8:c.218_219delinsTT	ENSP00000478887.2:p.Thr73Ile	protein_coding	73	FALSE	Missense_Other	4
SJBL073624	C1_WGS	MYC	MYC	chr8.127738379.G.C	SNV	Missense	p.E54D	E/D	54	missense_variant	NM_002467.6	ENST00000621592	1	0.333333333333333	7	21	ENST00000621592.8:c.162G>C	ENSP00000478887.2:p.Glu54Asp	protein_coding	54	FALSE	Missense_Other	4
SJBL073624	C1B_WGS	MYC	MYC	chr8.127738279.G.C	SNV	Missense	p.S21T	S/T	21	missense_variant	NM_002467.6	ENST00000621592	1	0.290322580645161	9	31	ENST00000621592.8:c.62G>C	ENSP00000478887.2:p.Ser21Thr	protein_coding	21	FALSE	Missense_Other	4
SJBL073624	C1B_WGS	MYC	MYC	chr8.127738379.G.C	SNV	Missense	p.E54D	E/D	54	missense_variant	NM_002467.6	ENST00000621592	1	0.285714285714286	10	35	ENST00000621592.8:c.162G>C	ENSP00000478887.2:p.Glu54Asp	protein_coding	54	FALSE	Missense_Other	4
SJBL073624	C1B_WGS	MYC	MYC	chr8.127738266.C.T	SNV	Missense	p.P17S	P/S	17	missense_variant	NM_002467.6	ENST00000621592	1	0.241379310344828	7	29	ENST00000621592.8:c.49C>T	ENSP00000478887.2:p.Pro17Ser	protein_coding	17	FALSE	Missense_Other	4
SJBL073624	C1_WGS	MYC	MYC	chr8.127738266.C.T	SNV	Missense	p.P17S	P/S	17	missense_variant	NM_002467.6	ENST00000621592	1	0.192307692307692	5	26	ENST00000621592.8:c.49C>T	ENSP00000478887.2:p.Pro17Ser	protein_coding	17	FALSE	Missense_Other	4
SJBL073624	C1B_WGS	MYC	MYC	chr8.127738276.T.C	SNV	Missense	p.V20A	V/A	20	missense_variant	NM_002467.6	ENST00000621592	1	0.1875	6	32	ENST00000621592.8:c.59T>C	ENSP00000478887.2:p.Val20Ala	protein_coding	20	FALSE	Missense_Other	4
SJBL073624	C1_WGS	MYC	MYC	chr8.127738279.G.C	SNV	Missense	p.S21T	S/T	21	missense_variant	NM_002467.6	ENST00000621592	1	0.166666666666667	4	24	ENST00000621592.8:c.62G>C	ENSP00000478887.2:p.Ser21Thr	protein_coding	21	FALSE	Missense_Other	4
SJBL073624	C1B_WGS	MYC	MYC	chr8.127738393.C.T	SNV	Missense	p.A59V	A/V	59	missense_variant	NM_002467.6	ENST00000621592	1	0.162162162162162	6	37	ENST00000621592.8:c.176C>T	ENSP00000478887.2:p.Ala59Val	protein_coding	59	FALSE	Missense_Other	4
SJBL080478	C2_WGS	DDX3X	DDX3X	chrX.41346608.G.A	SNV	Missense	p.R534H	R/H	534	missense_variant	NM_001356.5	ENST00000644876	1	0.535714285714286	15	28	ENST00000644876.2:c.1601G>A	ENSP00000494040.1:p.Arg534His	protein_coding	534	TRUE	Hotspot	5
SJBL080478	C1_WGS	DDX3X	DDX3X	chrX.41346608.G.A	SNV	Missense	p.R534H	R/H	534	missense_variant	NM_001356.5	ENST00000644876	1	0.289473684210526	11	38	ENST00000644876.2:c.1601G>A	ENSP00000494040.1:p.Arg534His	protein_coding	534	TRUE	Hotspot	5
SJBL080478	C2_WGS	FOXO1	FOXO1	chr13.40666143.T.C	SNV	Missense	p.T24A	T/A	24	missense_variant	NM_002015.4	ENST00000379561	1	0.369565217391304	17	46	ENST00000379561.6:c.70A>G	ENSP00000368880.4:p.Thr24Ala	protein_coding	24	FALSE	Missense_Other	4
SJBL080478	C1_WGS	PDGFRA	PDGFRA	chr4.54270659.G.A	SNV	Missense	p.R383H	R/H	383	missense_variant	NM_006206.6	ENST00000257290	1	0.142857142857143	8	56	ENST00000257290.10:c.1148G>A	ENSP00000257290.5:p.Arg383His	protein_coding	383	FALSE	Missense_Other	4
SJBL085539	C2_WGS	MYC	MYC	chr8.127738671.GGCTTC.GACTCC	MNV	Missense	p.GF152DS	GF/DS	152	missense_variant	NM_002467.6	ENST00000621592	1	0.491228070175439	28	57	ENST00000621592.8:c.455_458delinsACTC	ENSP00000478887.2:p.Gly152_Phe153delinsAspSer	protein_coding	152	FALSE	Missense_Other	4
SJBL085539	C1_WGS	MYC	MYC	chr8.127738671.GGCTTC.GACTCC	MNV	Missense	p.GF152DS	GF/DS	152	missense_variant	NM_002467.6	ENST00000621592	1	0.346153846153846	9	26	ENST00000621592.8:c.455_458delinsACTC	ENSP00000478887.2:p.Gly152_Phe153delinsAspSer	protein_coding	152	FALSE	Missense_Other	4
SJBL085540	C1_WGS	MYC	MYC	chr8.127736612.G.A	SNV	Missense	p.V7M	V/M	7	missense_variant	NM_002467.6	ENST00000621592	1	0.368421052631579	7	19	ENST00000621592.8:c.19G>A	ENSP00000478887.2:p.Val7Met	protein_coding	7	FALSE	Missense_Other	4
SJBL085540	C1_WGS	MYC	MYC	chr8.127738434.A.G	SNV	Missense	p.T73A	T/A	73	missense_variant	NM_002467.6	ENST00000621592	1	0.333333333333333	4	12	ENST00000621592.8:c.217A>G	ENSP00000478887.2:p.Thr73Ala	protein_coding	73	FALSE	Missense_Other	4
SJBL085543	C1_WGS	FOXO1	FOXO1	chr13.40666149.A.G	SNV	Missense	p.S22P	S/P	22	missense_variant	NM_002015.4	ENST00000379561	1	0.25	4	16	ENST00000379561.6:c.64T>C	ENSP00000368880.4:p.Ser22Pro	protein_coding	22	FALSE	Missense_Other	4
SJBL085543	C1_WGS	MYC	MYC	chr8.127738297.A.C	SNV	Missense	p.Y27S	Y/S	27	missense_variant	NM_002467.6	ENST00000621592	1	0.481481481481481	13	27	ENST00000621592.8:c.80A>C	ENSP00000478887.2:p.Tyr27Ser	protein_coding	27	FALSE	Missense_Other	4
SJBL085557	C1_WGS	DDX3X	DDX3X	chrX.41342648.GGAACAGTAAGTTTTTGAAGTGTATGTTACTTGT.GT	Indel	Splice	""	""	147	splice_donor_variant,splice_donor_5th_base_variant,coding_sequence_variant,intron_variant	NM_001356.5	ENST00000644876	1	1	14	14	ENST00000644876.2:c.439_443+27del	""	protein_coding	147	FALSE	Truncating	2
SJBL085557	C1_WGS	FOXO1	FOXO1	chr13.40666152.G.A	SNV	Missense	p.R21C	R/C	21	missense_variant	NM_002015.4	ENST00000379561	1	0.407407407407407	11	27	ENST00000379561.6:c.61C>T	ENSP00000368880.4:p.Arg21Cys	protein_coding	21	FALSE	Missense_Other	4
SJBL085563	C1_WGS	CTCF	CTCF	chr16.67637721.C.T	SNV	Missense	p.T678I	T/I	678	missense_variant	NM_006565.4	ENST00000264010	1	0.5625	27	48	ENST00000264010.10:c.2033C>T	ENSP00000264010.4:p.Thr678Ile	protein_coding	678	FALSE	Missense_Other	4
SJBL085563	C2_WGS	CTCF	CTCF	chr16.67637721.C.T	SNV	Missense	p.T678I	T/I	678	missense_variant	NM_006565.4	ENST00000264010	1	0.513513513513513	19	37	ENST00000264010.10:c.2033C>T	ENSP00000264010.4:p.Thr678Ile	protein_coding	678	FALSE	Missense_Other	4
SJBL085563	C1_WGS	FOXO1	FOXO1	chr13.40666142.G.A	SNV	Missense	p.T24I	T/I	24	missense_variant	NM_002015.4	ENST00000379561	1	0.566666666666667	17	30	ENST00000379561.6:c.71C>T	ENSP00000368880.4:p.Thr24Ile	protein_coding	24	FALSE	Missense_Other	4
SJBL085563	C2_WGS	FOXO1	FOXO1	chr13.40666142.G.A	SNV	Missense	p.T24I	T/I	24	missense_variant	NM_002015.4	ENST00000379561	1	0.423076923076923	11	26	ENST00000379561.6:c.71C>T	ENSP00000368880.4:p.Thr24Ile	protein_coding	24	FALSE	Missense_Other	4
SJBL085563	C2_WGS	MYC	MYC	chr8.127738276.T.C	SNV	Missense	p.V20A	V/A	20	missense_variant	NM_002467.6	ENST00000621592	1	0.52	13	25	ENST00000621592.8:c.59T>C	ENSP00000478887.2:p.Val20Ala	protein_coding	20	FALSE	Missense_Other	4
SJBL085563	C2_WGS	MYC	MYC	chr8.127739007.A.C	SNV	Missense	p.S264R	S/R	264	missense_variant	NM_002467.6	ENST00000621592	1	0.458333333333333	11	24	ENST00000621592.8:c.790A>C	ENSP00000478887.2:p.Ser264Arg	protein_coding	264	FALSE	Missense_Other	4
SJBL085563	C1_WGS	MYC	MYC	chr8.127738276.T.C	SNV	Missense	p.V20A	V/A	20	missense_variant	NM_002467.6	ENST00000621592	1	0.391304347826087	18	46	ENST00000621592.8:c.59T>C	ENSP00000478887.2:p.Val20Ala	protein_coding	20	FALSE	Missense_Other	4
SJBL085563	C2_WGS	MYC	MYC	chr8.127738437.C.T	SNV	Missense	p.P74S	P/S	74	missense_variant	NM_002467.6	ENST00000621592	1	0.142857142857143	6	42	ENST00000621592.8:c.220C>T	ENSP00000478887.2:p.Pro74Ser	protein_coding	74	FALSE	Missense_Other	4
SJBL085563	C1_WGS	MYC	MYC	chr8.127738275.GTTAGCTT.GCTAGCGT	MNV	Missense	p.VSF20ASV	VSF/ASV	20	missense_variant	NM_002467.6	ENST00000621592	1	0.0967741935483871	3	31	ENST00000621592.8:c.59_64delinsCTAGCG	ENSP00000478887.2:p.Val20_Phe22delinsAlaSerVal	protein_coding	20	FALSE	Missense_Other	4
SJBL085567	C1_WGS	MYC	MYC	chr8.127738707.C.G	SNV	Missense	p.L164V	L/V	164	missense_variant	NM_002467.6	ENST00000621592	1	0.75	12	16	ENST00000621592.8:c.490C>G	ENSP00000478887.2:p.Leu164Val	protein_coding	164	FALSE	Missense_Other	4
SJBL085567	C1_WGS	MYC	MYC	chr8.127738379.G.C	SNV	Missense	p.E54D	E/D	54	missense_variant	NM_002467.6	ENST00000621592	1	0.571428571428571	4	7	ENST00000621592.8:c.162G>C	ENSP00000478887.2:p.Glu54Asp	protein_coding	54	FALSE	Missense_Other	4
SJBL085585	C1_WGS	FOXO1	FOXO1	chr13.40666148.G.C	SNV	Missense	p.S22W	S/W	22	missense_variant	NM_002015.4	ENST00000379561	1	0.481481481481481	13	27	ENST00000379561.6:c.65C>G	ENSP00000368880.4:p.Ser22Trp	protein_coding	22	FALSE	Missense_Other	4
SJBL085585	C1_WGS	MYC	MYC	chr8.127738434.A.G	SNV	Missense	p.T73A	T/A	73	missense_variant	NM_002467.6	ENST00000621592	1	0.5625	27	48	ENST00000621592.8:c.217A>G	ENSP00000478887.2:p.Thr73Ala	protein_coding	73	FALSE	Missense_Other	4
SJBL085585	C1_WGS	MYC	MYC	chr8.127736612.G.A	SNV	Missense	p.V7M	V/M	7	missense_variant	NM_002467.6	ENST00000621592	1	0.42	21	50	ENST00000621592.8:c.19G>A	ENSP00000478887.2:p.Val7Met	protein_coding	7	FALSE	Missense_Other	4
SJBL097086	C1_WGS	FOXO1	FOXO1	chr13.40666149.A.G	SNV	Missense	p.S22P	S/P	22	missense_variant	NM_002015.4	ENST00000379561	1	0.833333333333333	5	6	ENST00000379561.6:c.64T>C	ENSP00000368880.4:p.Ser22Pro	protein_coding	22	FALSE	Missense_Other	4
SJBL097086	C1_WGS	MYC	MYC	chr8.127738431.C.T	SNV	Missense	p.P72S	P/S	72	missense_variant	NM_002467.6	ENST00000621592	1	0.363636363636364	4	11	ENST00000621592.8:c.214C>T	ENSP00000478887.2:p.Pro72Ser	protein_coding	72	FALSE	Missense_Other	4
SJBL097318	C1_WGS	DDX3X	DDX3X	chrX.41345288.TATG.TG	Indel	Frameshift	p.M379X	M/X	379	frameshift_variant	NM_001356.5	ENST00000644876	1	0.35	7	20	ENST00000644876.2:c.1135_1136del	ENSP00000494040.1:p.Met379AspfsTer3	protein_coding	379	FALSE	Truncating	2
SJBL097318	C1_WGS	MYC	MYC	chr8.127738369.A.T	SNV	Missense	p.Q51L	Q/L	51	missense_variant	NM_002467.6	ENST00000621592	1	0.771929824561403	44	57	ENST00000621592.8:c.152A>T	ENSP00000478887.2:p.Gln51Leu	protein_coding	51	FALSE	Missense_Other	4
SJBL097318	C1_WGS	MYC	MYC	chr8.127738285.C.G	SNV	Missense	p.T23S	T/S	23	missense_variant	NM_002467.6	ENST00000621592	1	0.759259259259259	41	54	ENST00000621592.8:c.68C>G	ENSP00000478887.2:p.Thr23Ser	protein_coding	23	FALSE	Missense_Other	4
SJBL097318	C1_WGS	MYC	MYC	chr8.127738431.C.A	SNV	Missense	p.P72T	P/T	72	missense_variant	NM_002467.6	ENST00000621592	1	0.759259259259259	41	54	ENST00000621592.8:c.214C>A	ENSP00000478887.2:p.Pro72Thr	protein_coding	72	FALSE	Missense_Other	4
SJBL097318	C1_WGS	MYC	MYC	chr8.127738545.A.C	SNV	Missense	p.T110P	T/P	110	missense_variant	NM_002467.6	ENST00000621592	1	0.745454545454545	41	55	ENST00000621592.8:c.328A>C	ENSP00000478887.2:p.Thr110Pro	protein_coding	110	FALSE	Missense_Other	4
SJBL097318	C1_WGS	MYC	MYC	chr8.127738810.C.T	SNV	Missense	p.A198V	A/V	198	missense_variant	NM_002467.6	ENST00000621592	1	0.666666666666667	32	48	ENST00000621592.8:c.593C>T	ENSP00000478887.2:p.Ala198Val	protein_coding	198	FALSE	Missense_Other	4
SJBLCA063783	C2_WGS	KRAS	KRAS	chr12.25245351.C.A	SNV	Missense	p.G12C	G/C	12	missense_variant	NM_004985.5	ENST00000311936	1	1	78	78	ENST00000311936.8:c.34G>T	ENSP00000308495.3:p.Gly12Cys	protein_coding	12	TRUE	Hotspot	5
SJBLCA077104	C3_WGS	MYC	MYC	chr8.127738506.C.T	SNV	Missense	p.L97F	L/F	97	missense_variant	NM_002467.6	ENST00000621592	1	0.35	7	20	ENST00000621592.8:c.289C>T	ENSP00000478887.2:p.Leu97Phe	protein_coding	97	FALSE	Missense_Other	4
SJBLCA077104	C1_WGS	MYC	MYC	chr8.127738506.C.T	SNV	Missense	p.L97F	L/F	97	missense_variant	NM_002467.6	ENST00000621592	1	0.3125	5	16	ENST00000621592.8:c.289C>T	ENSP00000478887.2:p.Leu97Phe	protein_coding	97	FALSE	Missense_Other	4
SJBLCA093047	C1_WGS	MYC	MYC	chr8.127738506.C.T	SNV	Missense	p.L97F	L/F	97	missense_variant	NM_002467.6	ENST00000621592	1	0.380952380952381	24	63	ENST00000621592.8:c.289C>T	ENSP00000478887.2:p.Leu97Phe	protein_coding	97	FALSE	Missense_Other	4
SJBLCA093149	C1_WGS	PIK3CA	PIK3CA	chr3.179218303.G.A	SNV	Missense	p.E545K	E/K	545	missense_variant	NM_006218.4	ENST00000263967	1	0.580645161290323	18	31	ENST00000263967.4:c.1633G>A	ENSP00000263967.3:p.Glu545Lys	protein_coding	545	TRUE	Hotspot	5
SJBLCA093201	C1_WGS	PIK3CA	PIK3CA	chr3.179218294.G.A	SNV	Missense	p.E542K	E/K	542	missense_variant	NM_006218.4	ENST00000263967	1	0.566666666666667	17	30	ENST00000263967.4:c.1624G>A	ENSP00000263967.3:p.Glu542Lys	protein_coding	542	TRUE	Hotspot	5
SJBLCA093279	C1_WGS	PIK3CA	PIK3CA	chr3.179234297.A.G	SNV	Missense	p.H1047R	H/R	1047	missense_variant	NM_006218.4	ENST00000263967	1	0.673913043478261	31	46	ENST00000263967.4:c.3140A>G	ENSP00000263967.3:p.His1047Arg	protein_coding	1047	TRUE	Hotspot	5
SJBRCA010843	C1_WGS	PIK3CA	PIK3CA	chr3.179199158.G.C	SNV	Missense	p.K111N	K/N	111	missense_variant	NM_006218.4	ENST00000263967	1	0.229166666666667	11	48	ENST00000263967.4:c.333G>C	ENSP00000263967.3:p.Lys111Asn	protein_coding	111	FALSE	Missense_Other	4
SJBRCA080131	C5_WGS	DDX3X	DDX3X	chrX.41344255.G.C	SNV	Missense	p.R294T	R/T	294	missense_variant	NM_001356.5	ENST00000644876	1	1	10	10	ENST00000644876.2:c.881G>C	ENSP00000494040.1:p.Arg294Thr	protein_coding	294	FALSE	Missense_Other	4
SJBRCA080476	C2_WGS	PIK3CA	PIK3CA	chr3.179210192.T.C	SNV	Missense	p.C420R	C/R	420	missense_variant	NM_006218.4	ENST00000263967	1	0.589041095890411	43	73	ENST00000263967.4:c.1258T>C	ENSP00000263967.3:p.Cys420Arg	protein_coding	420	TRUE	Hotspot	5
SJBRCA092642	C1_WGS	DDX3X	DDX3X	chrX.41344248.C.G	SNV	Missense	p.R292G	R/G	292	missense_variant	NM_001356.5	ENST00000644876	1	1	5	5	ENST00000644876.2:c.874C>G	ENSP00000494040.1:p.Arg292Gly	protein_coding	292	FALSE	Missense_Other	4
SJBRCA092642	C1_WGS	PIK3CA	PIK3CA	chr3.179234297.A.G	SNV	Missense	p.H1047R	H/R	1047	missense_variant	NM_006218.4	ENST00000263967	1	0.266666666666667	8	30	ENST00000263967.4:c.3140A>G	ENSP00000263967.3:p.His1047Arg	protein_coding	1047	TRUE	Hotspot	5
SJBRCA092642	C1_WGS	PIK3CA	PIK3CA	chr3.179218286.C.G	SNV	Missense	p.P539R	P/R	539	missense_variant	NM_006218.4	ENST00000263967	1	0.333333333333333	11	33	ENST00000263967.4:c.1616C>G	ENSP00000263967.3:p.Pro539Arg	protein_coding	539	FALSE	Missense_Other	4
SJBRCA092648	C1_WGS	PIK3CA	PIK3CA	chr3.179218294.G.A	SNV	Missense	p.E542K	E/K	542	missense_variant	NM_006218.4	ENST00000263967	1	0.45945945945946	17	37	ENST00000263967.4:c.1624G>A	ENSP00000263967.3:p.Glu542Lys	protein_coding	542	TRUE	Hotspot	5
SJBRCA092658	C1_WGS	PIK3CA	PIK3CA	chr3.179218294.G.A	SNV	Missense	p.E542K	E/K	542	missense_variant	NM_006218.4	ENST00000263967	1	0.552631578947368	21	38	ENST00000263967.4:c.1624G>A	ENSP00000263967.3:p.Glu542Lys	protein_coding	542	TRUE	Hotspot	5
SJBRCA092720	C1_WGS	FGFR2	FGFR2	chr10.121551307.G.A	SNV	Missense	p.R203C	R/C	203	missense_variant	NM_000141.5	ENST00000358487	1	0.431818181818182	19	44	ENST00000358487.10:c.607C>T	ENSP00000351276.6:p.Arg203Cys	protein_coding	203	FALSE	Missense_Other	4
SJBRCA092722	C1_WGS	PPM1D	PPM1D	chr17.60663082.TTA.TA	Indel	Frameshift	p.L450X	L/X	450	frameshift_variant	NM_003620.4	ENST00000305921	1	0.178571428571429	5	28	ENST00000305921.8:c.1349del	ENSP00000306682.2:p.Leu450Ter	protein_coding	450	FALSE	Truncating	2
SJBRCA092725	C1_WGS	PIK3CA	PIK3CA	chr3.179234297.A.G	SNV	Missense	p.H1047R	H/R	1047	missense_variant	NM_006218.4	ENST00000263967	1	0.85	34	40	ENST00000263967.4:c.3140A>G	ENSP00000263967.3:p.His1047Arg	protein_coding	1047	TRUE	Hotspot	5
SJBRCA092726	C1_WGS	CTCF	CTCF	chr16.67636719.G.C	SNV	Missense	p.E623Q	E/Q	623	missense_variant	NM_006565.4	ENST00000264010	1	0.147058823529412	5	34	ENST00000264010.10:c.1867G>C	ENSP00000264010.4:p.Glu623Gln	protein_coding	623	FALSE	Missense_Other	4
SJBRCA092726	C1_WGS	PIK3CA	PIK3CA	chr3.179218303.G.A	SNV	Missense	p.E545K	E/K	545	missense_variant	NM_006218.4	ENST00000263967	1	0.465116279069767	20	43	ENST00000263967.4:c.1633G>A	ENSP00000263967.3:p.Glu545Lys	protein_coding	545	TRUE	Hotspot	5
SJBRCA092754	C1_WGS	KRAS	KRAS	chr12.25245350.C.A	SNV	Missense	p.G12V	G/V	12	missense_variant	NM_004985.5	ENST00000311936	1	0.753623188405797	52	69	ENST00000311936.8:c.35G>T	ENSP00000308495.3:p.Gly12Val	protein_coding	12	TRUE	Hotspot	5
SJBRCA092832	C1_WGS	FGFR2	FGFR2	chr10.121488002.T.C	SNV	Missense	p.K659E	K/E	659	missense_variant	NM_000141.5	ENST00000358487	1	0.65	13	20	ENST00000358487.10:c.1975A>G	ENSP00000351276.6:p.Lys659Glu	protein_coding	659	TRUE	Hotspot	5
SJBRCA092832	C1_WGS	PIK3CA	PIK3CA	chr3.179234297.A.T	SNV	Missense	p.H1047L	H/L	1047	missense_variant	NM_006218.4	ENST00000263967	1	1	47	47	ENST00000263967.4:c.3140A>T	ENSP00000263967.3:p.His1047Leu	protein_coding	1047	TRUE	Hotspot	5
SJBRCA092832	C1_WGS	PTPN11	PTPN11	chr12.112489111.G.C	SNV	Missense	p.R512P	R/P	512	missense_variant	NM_002834.5	ENST00000351677	1	0.25	9	36	ENST00000351677.7:c.1535G>C	ENSP00000340944.3:p.Arg512Pro	protein_coding	512	FALSE	Missense_Other	4
SJBRCA092876	C1_WGS	BRAF	BRAF	chr7.140781617.C.A	SNV	Missense	p.G464V	G/V	464	missense_variant	NM_004333.6	ENST00000646891	1	0.530612244897959	26	49	ENST00000646891.2:c.1391G>T	ENSP00000493543.1:p.Gly464Val	protein_coding	464	FALSE	Missense_Other	4
SJBRCA092876	C1_WGS	KRAS	KRAS	chr12.25245347.C.T	SNV	Missense	p.G13D	G/D	13	missense_variant	NM_004985.5	ENST00000311936	1	0.692307692307692	18	26	ENST00000311936.8:c.38G>A	ENSP00000308495.3:p.Gly13Asp	protein_coding	13	TRUE	Hotspot	5
SJBRCA092877	C1_WGS	BRAF	BRAF	chr7.140753316.A.T	SNV	Missense	p.S607T	S/T	607	missense_variant	NM_004333.6	ENST00000646891	1	0.0588235294117647	2	34	ENST00000646891.2:c.1819T>A	ENSP00000493543.1:p.Ser607Thr	protein_coding	607	FALSE	Missense_Other	4
SJBRCA092877	C1_WGS	PIK3CA	PIK3CA	chr3.179218303.G.A	SNV	Missense	p.E545K	E/K	545	missense_variant	NM_006218.4	ENST00000263967	1	0.148148148148148	4	27	ENST00000263967.4:c.1633G>A	ENSP00000263967.3:p.Glu545Lys	protein_coding	545	TRUE	Hotspot	5
SJBRCA092878	C1_WGS	DDX3X	DDX3X	chrX.41345202.G.C	SNV	Missense	p.D350H	D/H	350	missense_variant	NM_001356.5	ENST00000644876	1	0.371794871794872	29	78	ENST00000644876.2:c.1048G>C	ENSP00000494040.1:p.Asp350His	protein_coding	350	FALSE	Missense_Other	4
SJBRCA092879	C1_WGS	PIK3CA	PIK3CA	chr3.179234297.A.G	SNV	Missense	p.H1047R	H/R	1047	missense_variant	NM_006218.4	ENST00000263967	1	0.648648648648649	24	37	ENST00000263967.4:c.3140A>G	ENSP00000263967.3:p.His1047Arg	protein_coding	1047	TRUE	Hotspot	5
SJBRCA093127	C1_WGS	PIK3CA	PIK3CA	chr3.179234297.A.G	SNV	Missense	p.H1047R	H/R	1047	missense_variant	NM_006218.4	ENST00000263967	1	0.581818181818182	32	55	ENST00000263967.4:c.3140A>G	ENSP00000263967.3:p.His1047Arg	protein_coding	1047	TRUE	Hotspot	5
SJBRCA093164	C1_WGS	PIK3CA	PIK3CA	chr3.179234297.A.G	SNV	Missense	p.H1047R	H/R	1047	missense_variant	NM_006218.4	ENST00000263967	1	0.310344827586207	9	29	ENST00000263967.4:c.3140A>G	ENSP00000263967.3:p.His1047Arg	protein_coding	1047	TRUE	Hotspot	5
SJBRCA093236	C1_WGS	PIK3CA	PIK3CA	chr3.179218303.G.A	SNV	Missense	p.E545K	E/K	545	missense_variant	NM_006218.4	ENST00000263967	1	0.565217391304348	13	23	ENST00000263967.4:c.1633G>A	ENSP00000263967.3:p.Glu545Lys	protein_coding	545	TRUE	Hotspot	5
SJBRCA093271	C1_WGS	PIK3CA	PIK3CA	chr3.179210192.T.C	SNV	Missense	p.C420R	C/R	420	missense_variant	NM_006218.4	ENST00000263967	1	0.714285714285714	15	21	ENST00000263967.4:c.1258T>C	ENSP00000263967.3:p.Cys420Arg	protein_coding	420	TRUE	Hotspot	5
SJBRCA093282	C1_WGS	PIK3CA	PIK3CA	chr3.179234297.A.G	SNV	Missense	p.H1047R	H/R	1047	missense_variant	NM_006218.4	ENST00000263967	1	0.816666666666667	49	60	ENST00000263967.4:c.3140A>G	ENSP00000263967.3:p.His1047Arg	protein_coding	1047	TRUE	Hotspot	5
SJBRCA093317	C1_WGS	FGFR2	FGFR2	chr10.121515313.C.T	SNV	Missense	p.G364E	G/E	364	missense_variant	NM_000141.5	ENST00000358487	1	0.307692307692308	8	26	ENST00000358487.10:c.1091G>A	ENSP00000351276.6:p.Gly364Glu	protein_coding	364	FALSE	Missense_Other	4
SJBRCA093323	C1_WGS	BRAF	BRAF	chr7.140753336.A.T	SNV	Missense	p.V600E	V/E	600	missense_variant	NM_004333.6	ENST00000646891	1	0.585365853658537	24	41	ENST00000646891.2:c.1799T>A	ENSP00000493543.1:p.Val600Glu	protein_coding	600	TRUE	Hotspot	5
SJBT085595	C1_WGS	BRAF	BRAF	chr7.140753336.A.T	SNV	Missense	p.V600E	V/E	600	missense_variant	NM_004333.6	ENST00000646891	1	0.507042253521127	36	71	ENST00000646891.2:c.1799T>A	ENSP00000493543.1:p.Val600Glu	protein_coding	600	TRUE	Hotspot	5
SJBT092582	C1_WGS	BRAF	BRAF	chr7.140753336.A.T	SNV	Missense	p.V600E	V/E	600	missense_variant	NM_004333.6	ENST00000646891	1	0.62	31	50	ENST00000646891.2:c.1799T>A	ENSP00000493543.1:p.Val600Glu	protein_coding	600	TRUE	Hotspot	5
SJCML085565	C1_WGS	H3F3A	H3F3A	chr1.226065675.C.T	SNV	Missense	p.R50C	R/C	50	missense_variant	NM_002107.7	ENST00000366815	1	0.305555555555556	11	36	ENST00000366815.10:c.148C>T	ENSP00000355780.3:p.Arg50Cys	protein_coding	50	FALSE	Missense_Other	4
SJCML096691	C1_WGS	PTPN11	PTPN11	chr12.112488466.C.T	SNV	Missense	p.T468M	T/M	468	missense_variant	NM_002834.5	ENST00000351677	1	0.435897435897436	17	39	ENST00000351677.7:c.1403C>T	ENSP00000340944.3:p.Thr468Met	protein_coding	468	FALSE	Missense_Other	4
SJCOAD080454	C1_WGS	BRAF	BRAF	chr7.140783133.GT.GGT	Indel	Frameshift	p.T401TX	T/TX	401	frameshift_variant	NM_004333.6	ENST00000646891	1	0.518518518518518	14	27	ENST00000646891.2:c.1208dup	ENSP00000493543.1:p.Ala404CysfsTer9	protein_coding	401	FALSE	Truncating	2
SJCOAD092671	C1_WGS	CTCF	CTCF	chr16.67611442.AC.AAC	Indel	Frameshift	p.T204NX	T/NX	204	frameshift_variant	NM_006565.4	ENST00000264010	1	0.530612244897959	26	49	ENST00000264010.10:c.610dup	ENSP00000264010.4:p.Thr204AsnfsTer26	protein_coding	204	FALSE	Truncating	2
SJCOAD092671	C1_WGS	CTNNB1	CTNNB1	chr3.41224633.A.G	SNV	Missense	p.T41A	T/A	41	missense_variant	NM_001904.4	ENST00000349496	1	0.972222222222222	35	36	ENST00000349496.11:c.121A>G	ENSP00000344456.5:p.Thr41Ala	protein_coding	41	TRUE	Hotspot	5
SJCOAD092671	C1_WGS	PIK3CA	PIK3CA	chr3.179210192.T.C	SNV	Missense	p.C420R	C/R	420	missense_variant	NM_006218.4	ENST00000263967	1	0.5	9	18	ENST00000263967.4:c.1258T>C	ENSP00000263967.3:p.Cys420Arg	protein_coding	420	TRUE	Hotspot	5
SJCOAD092671	C1_WGS	PPM1D	PPM1D	chr17.60663268.AAT.AT	Indel	Frameshift	p.N512X	N/X	512	frameshift_variant	NM_003620.4	ENST00000305921	1	0.421052631578947	16	38	ENST00000305921.8:c.1535del	ENSP00000306682.2:p.Asn512IlefsTer2	protein_coding	512	FALSE	Truncating	2
SJCOAD092671	C1_WGS	SMO	SMO	chr7.129212167.CCT.CT	Indel	Frameshift	p.P694X	P/X	694	frameshift_variant	NM_005631.5	ENST00000249373	1	0.368421052631579	14	38	ENST00000249373.8:c.2081del	ENSP00000249373.3:p.Pro694LeufsTer82	protein_coding	694	FALSE	Truncating	2
SJCOAD092746	C1_WGS	CTNNB1	CTNNB1	chr3.41224644.TTCTC.TC	Indel	InframeDel	p.S45-	S/-	45	inframe_deletion	NM_001904.4	ENST00000349496	1	0.5	12	24	ENST00000349496.11:c.133_135del	ENSP00000344456.5:p.Ser45del	protein_coding	45	TRUE	InframeIndel	3
SJCOAD092746	C1_WGS	KRAS	KRAS	chr12.25245347.C.T	SNV	Missense	p.G13D	G/D	13	missense_variant	NM_004985.5	ENST00000311936	1	0.564102564102564	22	39	ENST00000311936.8:c.38G>A	ENSP00000308495.3:p.Gly13Asp	protein_coding	13	TRUE	Hotspot	5
SJCOAD092746	C1_WGS	PIK3CA	PIK3CA	chr3.179234297.A.G	SNV	Missense	p.H1047R	H/R	1047	missense_variant	NM_006218.4	ENST00000263967	1	0.387096774193548	12	31	ENST00000263967.4:c.3140A>G	ENSP00000263967.3:p.His1047Arg	protein_coding	1047	TRUE	Hotspot	5
SJCOAD092746	C1_WGS	PPM1D	PPM1D	chr17.60663082.TTA.TA	Indel	Frameshift	p.L450X	L/X	450	frameshift_variant	NM_003620.4	ENST00000305921	1	0.27906976744186	12	43	ENST00000305921.8:c.1349del	ENSP00000306682.2:p.Leu450Ter	protein_coding	450	FALSE	Truncating	2
SJCOAD092747	C1_WGS	KRAS	KRAS	chr12.25245347.C.T	SNV	Missense	p.G13D	G/D	13	missense_variant	NM_004985.5	ENST00000311936	1	0.371428571428571	13	35	ENST00000311936.8:c.38G>A	ENSP00000308495.3:p.Gly13Asp	protein_coding	13	TRUE	Hotspot	5
SJCOAD092747	C1_WGS	PIK3CA	PIK3CA	chr3.179218303.G.A	SNV	Missense	p.E545K	E/K	545	missense_variant	NM_006218.4	ENST00000263967	1	0.608695652173913	14	23	ENST00000263967.4:c.1633G>A	ENSP00000263967.3:p.Glu545Lys	protein_coding	545	TRUE	Hotspot	5
SJCOAD092747	C1_WGS	PIK3CA	PIK3CA	chr3.179218315.G.A	SNV	Missense	p.D549N	D/N	549	missense_variant	NM_006218.4	ENST00000263967	1	0.526315789473684	10	19	ENST00000263967.4:c.1645G>A	ENSP00000263967.3:p.Asp549Asn	protein_coding	549	FALSE	Missense_Other	4
SJCOAD092747	C1_WGS	SMO	SMO	chr7.129211752.A.G	SNV	Missense	p.T640A	T/A	640	missense_variant	NM_005631.5	ENST00000249373	1	0.485714285714286	17	35	ENST00000249373.8:c.1918A>G	ENSP00000249373.3:p.Thr640Ala	protein_coding	640	FALSE	Missense_Other	4
SJCOAD092773	C1_WGS	BRAF	BRAF	chr7.140794387.C.T	SNV	Missense	p.R354Q	R/Q	354	missense_variant	NM_004333.6	ENST00000646891	1	0.407407407407407	11	27	ENST00000646891.2:c.1061G>A	ENSP00000493543.1:p.Arg354Gln	protein_coding	354	FALSE	Missense_Other	4
SJCOAD092773	C1_WGS	PDGFRA	PDGFRA	chr4.54285866.G.A	SNV	Missense	p.R822H	R/H	822	missense_variant	NM_006206.6	ENST00000257290	1	0.714285714285714	5	7	ENST00000257290.10:c.2465G>A	ENSP00000257290.5:p.Arg822His	protein_coding	822	FALSE	Missense_Other	4
SJCOAD092773	C1_WGS	PDGFRA	PDGFRA	chr4.54285865.CGCAACGTCC.CACAACGTTC	MNV	Missense	p.RNVL822HNVL	RNVL/HNVL	822	missense_variant	NM_006206.6	ENST00000257290	1	0.545454545454545	6	11	ENST00000257290.10:c.2465_2472delinsACAACGTT	ENSP00000257290.5:p.Arg822His	protein_coding	822	FALSE	Missense_Other	4
SJCOAD092773	C1_WGS	PIK3CA	PIK3CA	chr3.179199088.G.A	SNV	Missense	p.R88Q	R/Q	88	missense_variant	NM_006218.4	ENST00000263967	1	0.590909090909091	13	22	ENST00000263967.4:c.263G>A	ENSP00000263967.3:p.Arg88Gln	protein_coding	88	TRUE	Hotspot	5
SJCOAD092773	C1_WGS	PPM1D	PPM1D	chr17.60648023.A.C	SNV	Missense	p.I320L	I/L	320	missense_variant	NM_003620.4	ENST00000305921	1	0.541666666666667	13	24	ENST00000305921.8:c.958A>C	ENSP00000306682.2:p.Ile320Leu	protein_coding	320	FALSE	Missense_Other	4
SJCOAD092773	C1_WGS	PTPN11	PTPN11	chr12.112489106.G.T	SNV	Missense	p.Q510H	Q/H	510	missense_variant	NM_002834.5	ENST00000351677	1	0.354838709677419	11	31	ENST00000351677.7:c.1530G>T	ENSP00000340944.3:p.Gln510His	protein_coding	510	FALSE	Missense_Other	4
SJCOAD092776	C1_WGS	BRAF	BRAF	chr7.140753336.A.T	SNV	Missense	p.V600E	V/E	600	missense_variant	NM_004333.6	ENST00000646891	1	0.210526315789474	4	19	ENST00000646891.2:c.1799T>A	ENSP00000493543.1:p.Val600Glu	protein_coding	600	TRUE	Hotspot	5
SJCOAD092776	C1_WGS	PIK3CA	PIK3CA	chr3.179210279.C.A	SNV	Missense	p.P449T	P/T	449	missense_variant	NM_006218.4	ENST00000263967	1	0.730769230769231	19	26	ENST00000263967.4:c.1345C>A	ENSP00000263967.3:p.Pro449Thr	protein_coding	449	FALSE	Missense_Other	4
SJCOAD092849	C1_WGS	CTCF	CTCF	chr16.67626605.C.T	SNV	Missense	p.R470C	R/C	470	missense_variant	NM_006565.4	ENST00000264010	1	0.5	16	32	ENST00000264010.10:c.1408C>T	ENSP00000264010.4:p.Arg470Cys	protein_coding	470	FALSE	Missense_Other	4
SJCOAD092849	C1_WGS	CTCF	CTCF	chr16.67611388.CA.CCA	Indel	Frameshift	p.Q186PX	Q/PX	186	frameshift_variant	NM_006565.4	ENST00000264010	1	0.61764705882353	21	34	ENST00000264010.10:c.556dup	ENSP00000264010.4:p.Gln186ProfsTer5	protein_coding	186	FALSE	Truncating	2
SJCOAD092849	C1_WGS	KRAS	KRAS	chr12.25245350.C.T	SNV	Missense	p.G12D	G/D	12	missense_variant	NM_004985.5	ENST00000311936	1	0.391304347826087	9	23	ENST00000311936.8:c.35G>A	ENSP00000308495.3:p.Gly12Asp	protein_coding	12	TRUE	Hotspot	5
SJCOAD092849	C1_WGS	MYC	MYC	chr8.127738647.A.G	SNV	Missense	p.I144V	I/V	144	missense_variant	NM_002467.6	ENST00000621592	1	0.4	10	25	ENST00000621592.8:c.430A>G	ENSP00000478887.2:p.Ile144Val	protein_coding	144	FALSE	Missense_Other	4
SJCOAD092849	C1_WGS	PIK3CA	PIK3CA	chr3.179234297.A.T	SNV	Missense	p.H1047L	H/L	1047	missense_variant	NM_006218.4	ENST00000263967	1	0.625	20	32	ENST00000263967.4:c.3140A>T	ENSP00000263967.3:p.His1047Leu	protein_coding	1047	TRUE	Hotspot	5
SJCOAD092851	C1_WGS	DDX3X	DDX3X	chrX.41339041.C.T	SNV	Missense	p.R37C	R/C	37	missense_variant	NM_001356.5	ENST00000644876	1	1	7	7	ENST00000644876.2:c.109C>T	ENSP00000494040.1:p.Arg37Cys	protein_coding	37	FALSE	Missense_Other	4
SJCOAD092851	C1_WGS	KRAS	KRAS	chr12.25245347.C.T	SNV	Missense	p.G13D	G/D	13	missense_variant	NM_004985.5	ENST00000311936	1	0.73469387755102	36	49	ENST00000311936.8:c.38G>A	ENSP00000308495.3:p.Gly13Asp	protein_coding	13	TRUE	Hotspot	5
SJCOAD092865	C1_WGS	CTCF	CTCF	chr16.67611442.AC.AAC	Indel	Frameshift	p.T204NX	T/NX	204	frameshift_variant	NM_006565.4	ENST00000264010	1	0.483870967741935	15	31	ENST00000264010.10:c.610dup	ENSP00000264010.4:p.Thr204AsnfsTer26	protein_coding	204	FALSE	Truncating	2
SJCOAD092865	C1_WGS	CTNNB1	CTNNB1	chr3.41224646.C.T	SNV	Missense	p.S45F	S/F	45	missense_variant	NM_001904.4	ENST00000349496	1	1	29	29	ENST00000349496.11:c.134C>T	ENSP00000344456.5:p.Ser45Phe	protein_coding	45	TRUE	Hotspot	5
SJCOAD092865	C1_WGS	KRAS	KRAS	chr12.25245350.C.T	SNV	Missense	p.G12D	G/D	12	missense_variant	NM_004985.5	ENST00000311936	1	0.633333333333333	19	30	ENST00000311936.8:c.35G>A	ENSP00000308495.3:p.Gly12Asp	protein_coding	12	TRUE	Hotspot	5
SJCOAD092865	C1_WGS	PIK3CA	PIK3CA	chr3.179234297.A.G	SNV	Missense	p.H1047R	H/R	1047	missense_variant	NM_006218.4	ENST00000263967	1	0.333333333333333	8	24	ENST00000263967.4:c.3140A>G	ENSP00000263967.3:p.His1047Arg	protein_coding	1047	TRUE	Hotspot	5
SJCOAD092866	C1_WGS	BRAF	BRAF	chr7.140753336.A.T	SNV	Missense	p.V600E	V/E	600	missense_variant	NM_004333.6	ENST00000646891	1	0.772727272727273	17	22	ENST00000646891.2:c.1799T>A	ENSP00000493543.1:p.Val600Glu	protein_coding	600	TRUE	Hotspot	5
SJCOAD092866	C1_WGS	DDX3X	DDX3X	chrX.41346315.T.C	SNV	Missense	p.C468R	C/R	468	missense_variant	NM_001356.5	ENST00000644876	1	1	26	26	ENST00000644876.2:c.1402T>C	ENSP00000494040.1:p.Cys468Arg	protein_coding	468	FALSE	Missense_Other	4
SJCOAD092866	C1_WGS	PPM1D	PPM1D	chr17.60663312.T.G	SNV	Missense	p.I526M	I/M	526	missense_variant	NM_003620.4	ENST00000305921	1	0.571428571428571	12	21	ENST00000305921.8:c.1578T>G	ENSP00000306682.2:p.Ile526Met	protein_coding	526	FALSE	Missense_Other	4
SJCOAD092967	C1_WGS	BRAF	BRAF	chr7.140753349.C.G	SNV	Missense	p.G596R	G/R	596	missense_variant	NM_004333.6	ENST00000646891	1	0.274509803921569	14	51	ENST00000646891.2:c.1786G>C	ENSP00000493543.1:p.Gly596Arg	protein_coding	596	TRUE	Hotspot	5
SJCOAD092967	C1_WGS	PIK3CA	PIK3CA	chr3.179218303.G.A	SNV	Missense	p.E545K	E/K	545	missense_variant	NM_006218.4	ENST00000263967	1	0.444444444444444	40	90	ENST00000263967.4:c.1633G>A	ENSP00000263967.3:p.Glu545Lys	protein_coding	545	TRUE	Hotspot	5
SJCOAD092978	C1_WGS	KRAS	KRAS	chr12.25245347.C.T	SNV	Missense	p.G13D	G/D	13	missense_variant	NM_004985.5	ENST00000311936	1	0.678571428571429	19	28	ENST00000311936.8:c.38G>A	ENSP00000308495.3:p.Gly13Asp	protein_coding	13	TRUE	Hotspot	5
SJCOAD093000	C1_WGS	BRAF	BRAF	chr7.140753336.A.T	SNV	Missense	p.V600E	V/E	600	missense_variant	NM_004333.6	ENST00000646891	1	0.575	23	40	ENST00000646891.2:c.1799T>A	ENSP00000493543.1:p.Val600Glu	protein_coding	600	TRUE	Hotspot	5
SJCOAD093000	C1_WGS	PIK3CA	PIK3CA	chr3.179218303.G.A	SNV	Missense	p.E545K	E/K	545	missense_variant	NM_006218.4	ENST00000263967	1	0.546875	35	64	ENST00000263967.4:c.1633G>A	ENSP00000263967.3:p.Glu545Lys	protein_coding	545	TRUE	Hotspot	5
SJCOAD093037	C1_WGS	BRAF	BRAF	chr7.140753336.A.T	SNV	Missense	p.V600E	V/E	600	missense_variant	NM_004333.6	ENST00000646891	1	0.714285714285714	15	21	ENST00000646891.2:c.1799T>A	ENSP00000493543.1:p.Val600Glu	protein_coding	600	TRUE	Hotspot	5
SJCOAD093037	C1_WGS	PIK3CA	PIK3CA	chr3.179234297.A.G	SNV	Missense	p.H1047R	H/R	1047	missense_variant	NM_006218.4	ENST00000263967	1	0.3	9	30	ENST00000263967.4:c.3140A>G	ENSP00000263967.3:p.His1047Arg	protein_coding	1047	TRUE	Hotspot	5
SJCOAD093071	C1_WGS	KRAS	KRAS	chr12.25245350.C.A	SNV	Missense	p.G12V	G/V	12	missense_variant	NM_004985.5	ENST00000311936	1	0.807228915662651	67	83	ENST00000311936.8:c.35G>T	ENSP00000308495.3:p.Gly12Val	protein_coding	12	TRUE	Hotspot	5
SJCOAD093104	C1_WGS	CTCF	CTCF	chr16.67612017.G.A	SNV	Missense	p.R283H	R/H	283	missense_variant	NM_006565.4	ENST00000264010	1	0.607142857142857	17	28	ENST00000264010.10:c.848G>A	ENSP00000264010.4:p.Arg283His	protein_coding	283	FALSE	Missense_Other	4
SJCOAD093104	C1_WGS	CTNNB1	CTNNB1	chr3.41224633.A.G	SNV	Missense	p.T41A	T/A	41	missense_variant	NM_001904.4	ENST00000349496	1	1	20	20	ENST00000349496.11:c.121A>G	ENSP00000344456.5:p.Thr41Ala	protein_coding	41	TRUE	Hotspot	5
SJCOAD093104	C1_WGS	KRAS	KRAS	chr12.25245350.C.T	SNV	Missense	p.G12D	G/D	12	missense_variant	NM_004985.5	ENST00000311936	1	0.485714285714286	17	35	ENST00000311936.8:c.35G>A	ENSP00000308495.3:p.Gly12Asp	protein_coding	12	TRUE	Hotspot	5
SJCOAD093104	C1_WGS	PIK3CA	PIK3CA	chr3.179234297.A.G	SNV	Missense	p.H1047R	H/R	1047	missense_variant	NM_006218.4	ENST00000263967	1	0.416666666666667	5	12	ENST00000263967.4:c.3140A>G	ENSP00000263967.3:p.His1047Arg	protein_coding	1047	TRUE	Hotspot	5
SJCOAD093117	C1_WGS	CTCF	CTCF	chr16.67626590.C.T	SNV	Nonsense	p.Q465*	Q/*	465	stop_gained	NM_006565.4	ENST00000264010	1	0.454545454545455	10	22	ENST00000264010.10:c.1393C>T	ENSP00000264010.4:p.Gln465Ter	protein_coding	465	FALSE	Truncating	2
SJCOAD093117	C1_WGS	KRAS	KRAS	chr12.25245350.C.T	SNV	Missense	p.G12D	G/D	12	missense_variant	NM_004985.5	ENST00000311936	1	0.258064516129032	8	31	ENST00000311936.8:c.35G>A	ENSP00000308495.3:p.Gly12Asp	protein_coding	12	TRUE	Hotspot	5
SJCOAD093117	C1_WGS	PIK3CA	PIK3CA	chr3.179221144.A.G	SNV	Missense	p.D725G	D/G	725	missense_variant	NM_006218.4	ENST00000263967	1	0.454545454545455	15	33	ENST00000263967.4:c.2174A>G	ENSP00000263967.3:p.Asp725Gly	protein_coding	725	FALSE	Missense_Other	4
SJCOAD093136	C1_WGS	CTCF	CTCF	chr16.67628417.TTA.TA	Indel	Frameshift	p.Y523X	Y/X	523	frameshift_variant	NM_006565.4	ENST00000264010	1	0.551724137931034	16	29	ENST00000264010.10:c.1567del	ENSP00000264010.4:p.Tyr523ThrfsTer61	protein_coding	523	FALSE	Truncating	2
SJCOAD093136	C1_WGS	CTNNB1	CTNNB1	chr3.41224610.C.A	SNV	Missense	p.S33Y	S/Y	33	missense_variant	NM_001904.4	ENST00000349496	1	0.46875	15	32	ENST00000349496.11:c.98C>A	ENSP00000344456.5:p.Ser33Tyr	protein_coding	33	TRUE	Hotspot	5
SJCOAD093136	C1_WGS	PIK3CA	PIK3CA	chr3.179230077.G.A	SNV	Missense	p.G914R	G/R	914	missense_variant	NM_006218.4	ENST00000263967	1	0.478260869565217	11	23	ENST00000263967.4:c.2740G>A	ENSP00000263967.3:p.Gly914Arg	protein_coding	914	FALSE	Missense_Other	4
SJCOAD093136	C1_WGS	SMO	SMO	chr7.129212167.CCT.CT	Indel	Frameshift	p.P694X	P/X	694	frameshift_variant	NM_005631.5	ENST00000249373	1	0.555555555555556	15	27	ENST00000249373.8:c.2081del	ENSP00000249373.3:p.Pro694LeufsTer82	protein_coding	694	FALSE	Truncating	2
SJCOAD093137	C1_WGS	KRAS	KRAS	chr12.25245350.C.A	SNV	Missense	p.G12V	G/V	12	missense_variant	NM_004985.5	ENST00000311936	1	1	70	70	ENST00000311936.8:c.35G>T	ENSP00000308495.3:p.Gly12Val	protein_coding	12	TRUE	Hotspot	5
SJCOAD093138	C1_WGS	KRAS	KRAS	chr12.25245350.C.A	SNV	Missense	p.G12V	G/V	12	missense_variant	NM_004985.5	ENST00000311936	1	1	174	174	ENST00000311936.8:c.35G>T	ENSP00000308495.3:p.Gly12Val	protein_coding	12	TRUE	Hotspot	5
SJCOAD093144	C1_WGS	KRAS	KRAS	chr12.25227342.T.A	SNV	Missense	p.Q61L	Q/L	61	missense_variant	NM_004985.5	ENST00000311936	1	0.76	19	25	ENST00000311936.8:c.182A>T	ENSP00000308495.3:p.Gln61Leu	protein_coding	61	TRUE	Hotspot	5
SJCOAD093144	C1_WGS	PIK3CA	PIK3CA	chr3.179218294.G.A	SNV	Missense	p.E542K	E/K	542	missense_variant	NM_006218.4	ENST00000263967	1	1	21	21	ENST00000263967.4:c.1624G>A	ENSP00000263967.3:p.Glu542Lys	protein_coding	542	TRUE	Hotspot	5
SJCOAD093148	C1_WGS	KRAS	KRAS	chr12.25245347.C.T	SNV	Missense	p.G13D	G/D	13	missense_variant	NM_004985.5	ENST00000311936	1	0.6	30	50	ENST00000311936.8:c.38G>A	ENSP00000308495.3:p.Gly13Asp	protein_coding	13	TRUE	Hotspot	5
SJCOAD093148	C1_WGS	PIK3CA	PIK3CA	chr3.179218294.G.A	SNV	Missense	p.E542K	E/K	542	missense_variant	NM_006218.4	ENST00000263967	1	0.821428571428571	23	28	ENST00000263967.4:c.1624G>A	ENSP00000263967.3:p.Glu542Lys	protein_coding	542	TRUE	Hotspot	5
SJCOAD093228	C1_WGS	KRAS	KRAS	chr12.25245350.C.T	SNV	Missense	p.G12D	G/D	12	missense_variant	NM_004985.5	ENST00000311936	1	0.571428571428571	16	28	ENST00000311936.8:c.35G>A	ENSP00000308495.3:p.Gly12Asp	protein_coding	12	TRUE	Hotspot	5
SJCOAD093320	C1_WGS	BRAF	BRAF	chr7.140753336.A.T	SNV	Missense	p.V600E	V/E	600	missense_variant	NM_004333.6	ENST00000646891	1	0.765957446808511	36	47	ENST00000646891.2:c.1799T>A	ENSP00000493543.1:p.Val600Glu	protein_coding	600	TRUE	Hotspot	5
SJDLBCL093166	C2_WGS	MYC	MYC	chr8.127738870.G.A	SNV	Missense	p.S218N	S/N	218	missense_variant	NM_002467.6	ENST00000621592	1	0.6	27	45	ENST00000621592.8:c.653G>A	ENSP00000478887.2:p.Ser218Asn	protein_coding	218	FALSE	Missense_Other	4
SJEWS011827	C8_WGS	CTCF	CTCF	chr16.67611442.AC.AAC	Indel	Frameshift	p.T204NX	T/NX	204	frameshift_variant	NM_006565.4	ENST00000264010	1	0.432432432432432	16	37	ENST00000264010.10:c.610dup	ENSP00000264010.4:p.Thr204AsnfsTer26	protein_coding	204	FALSE	Truncating	2
SJEWS083030	C3_WGS	BRAF	BRAF	chr7.140753336.A.T	SNV	Missense	p.V600E	V/E	600	missense_variant	NM_004333.6	ENST00000646891	1	0.48936170212766	23	47	ENST00000646891.2:c.1799T>A	ENSP00000493543.1:p.Val600Glu	protein_coding	600	TRUE	Hotspot	5
SJEWS085564	C1_WGS	BRAF	BRAF	chr7.140753336.A.T	SNV	Missense	p.V600E	V/E	600	missense_variant	NM_004333.6	ENST00000646891	1	0.53448275862069	31	58	ENST00000646891.2:c.1799T>A	ENSP00000493543.1:p.Val600Glu	protein_coding	600	TRUE	Hotspot	5
SJEWS092602	C2_WGS	PTPN11	PTPN11	chr12.112450395.C.A	SNV	Missense	p.A72D	A/D	72	missense_variant	NM_002834.5	ENST00000351677	1	0.407407407407407	22	54	ENST00000351677.7:c.215C>A	ENSP00000340944.3:p.Ala72Asp	protein_coding	72	TRUE	Hotspot	5
SJEWS096686	C1_WGS	BRAF	BRAF	chr7.140753336.A.T	SNV	Missense	p.V600E	V/E	600	missense_variant	NM_004333.6	ENST00000646891	1	0.425531914893617	20	47	ENST00000646891.2:c.1799T>A	ENSP00000493543.1:p.Val600Glu	protein_coding	600	TRUE	Hotspot	5
SJGB080437	C3_WGS	H3F3A	H3F3A	chr1.226064455.G.T	SNV	Missense	p.G35V	G/V	35	missense_variant	NM_002107.7	ENST00000366815	1	0.435897435897436	17	39	ENST00000366815.10:c.104G>T	ENSP00000355780.3:p.Gly35Val	protein_coding	35	TRUE	Hotspot	5
SJGB092635	C1_WGS	KRAS	KRAS	chr12.25245350.C.T	SNV	Missense	p.G12D	G/D	12	missense_variant	NM_004985.5	ENST00000311936	1	0.390243902439024	16	41	ENST00000311936.8:c.35G>A	ENSP00000308495.3:p.Gly12Asp	protein_coding	12	TRUE	Hotspot	5
SJGB092853	C1_WGS	BRAF	BRAF	chr7.140753336.A.T	SNV	Missense	p.V600E	V/E	600	missense_variant	NM_004333.6	ENST00000646891	1	0.695652173913043	48	69	ENST00000646891.2:c.1799T>A	ENSP00000493543.1:p.Val600Glu	protein_coding	600	TRUE	Hotspot	5
SJGB092988	C1_WGS	PIK3CA	PIK3CA	chr3.179198937.C.T	SNV	Missense	p.R38C	R/C	38	missense_variant	NM_006218.4	ENST00000263967	1	0.851851851851852	23	27	ENST00000263967.4:c.112C>T	ENSP00000263967.3:p.Arg38Cys	protein_coding	38	FALSE	Missense_Other	4
SJGB092989	C1_WGS	PIK3CA	PIK3CA	chr3.179234297.A.G	SNV	Missense	p.H1047R	H/R	1047	missense_variant	NM_006218.4	ENST00000263967	1	0.4	14	35	ENST00000263967.4:c.3140A>G	ENSP00000263967.3:p.His1047Arg	protein_coding	1047	TRUE	Hotspot	5
SJGB093011	C1_WGS	PTPN11	PTPN11	chr12.112450394.G.T	SNV	Missense	p.A72S	A/S	72	missense_variant	NM_002834.5	ENST00000351677	1	0.3125	10	32	ENST00000351677.7:c.214G>T	ENSP00000340944.3:p.Ala72Ser	protein_coding	72	TRUE	Hotspot	5
SJGB093245	C1_WGS	FGFR2	FGFR2	chr10.121520163.G.A	SNV	Missense	p.S252L	S/L	252	missense_variant	NM_000141.5	ENST00000358487	1	0.548387096774194	17	31	ENST00000358487.10:c.755C>T	ENSP00000351276.6:p.Ser252Leu	protein_coding	252	TRUE	Hotspot	5
SJGB093314	C1_WGS	PIK3CA	PIK3CA	chr3.179203764.A.G	SNV	Missense	p.N345S	N/S	345	missense_variant	NM_006218.4	ENST00000263967	1	0.538461538461538	21	39	ENST00000263967.4:c.1034A>G	ENSP00000263967.3:p.Asn345Ser	protein_coding	345	FALSE	Missense_Other	4
SJGB093336	C1_WGS	BRAF	BRAF	chr7.140753336.A.T	SNV	Missense	p.V600E	V/E	600	missense_variant	NM_004333.6	ENST00000646891	1	0.567164179104478	38	67	ENST00000646891.2:c.1799T>A	ENSP00000493543.1:p.Val600Glu	protein_coding	600	TRUE	Hotspot	5
SJGCT085526	C1_WGS	PPM1D	PPM1D	chr17.60663103.GCT.GT	Indel	Frameshift	p.A457X	A/X	457	frameshift_variant	NM_003620.4	ENST00000305921	1	0.36	9	25	ENST00000305921.8:c.1370del	ENSP00000306682.2:p.Ala457ValfsTer8	protein_coding	457	FALSE	Truncating	2
SJHB085598	C1_WGS	CTNNB1	CTNNB1	chr3.41224613.G.T	SNV	Missense	p.G34V	G/V	34	missense_variant	NM_001904.4	ENST00000349496	1	0.575	23	40	ENST00000349496.11:c.101G>T	ENSP00000344456.5:p.Gly34Val	protein_coding	34	TRUE	Hotspot	5
SJHB085598	C2_WGS	CTNNB1	CTNNB1	chr3.41224613.G.T	SNV	Missense	p.G34V	G/V	34	missense_variant	NM_001904.4	ENST00000349496	1	0.520833333333333	25	48	ENST00000349496.11:c.101G>T	ENSP00000344456.5:p.Gly34Val	protein_coding	34	TRUE	Hotspot	5
SJHB085598	C2_WGS	DDX3X	DDX3X	chrX.41339073.A.T	SNV	Missense	p.E47D	E/D	47	missense_variant	NM_001356.5	ENST00000644876	1	1	27	27	ENST00000644876.2:c.141A>T	ENSP00000494040.1:p.Glu47Asp	protein_coding	47	FALSE	Missense_Other	4
SJHCC093084	C1_WGS	BRAF	BRAF	chr7.140753336.A.T	SNV	Missense	p.V600E	V/E	600	missense_variant	NM_004333.6	ENST00000646891	1	0.642857142857143	9	14	ENST00000646891.2:c.1799T>A	ENSP00000493543.1:p.Val600Glu	protein_coding	600	TRUE	Hotspot	5
SJHGG085163	C1_WGS	H3F3A	H3F3A	chr1.226064434.A.T	SNV	Missense	p.K28M	K/M	28	missense_variant	NM_002107.7	ENST00000366815	1	0.709090909090909	39	55	ENST00000366815.10:c.83A>T	ENSP00000355780.3:p.Lys28Met	protein_coding	28	TRUE	Hotspot	5
SJHGG085163	C2_WGS	H3F3A	H3F3A	chr1.226064434.A.T	SNV	Missense	p.K28M	K/M	28	missense_variant	NM_002107.7	ENST00000366815	1	0.606060606060606	20	33	ENST00000366815.10:c.83A>T	ENSP00000355780.3:p.Lys28Met	protein_coding	28	TRUE	Hotspot	5
SJHGG085163	C1_WGS	PIK3CA	PIK3CA	chr3.179234297.A.G	SNV	Missense	p.H1047R	H/R	1047	missense_variant	NM_006218.4	ENST00000263967	1	0.605263157894737	23	38	ENST00000263967.4:c.3140A>G	ENSP00000263967.3:p.His1047Arg	protein_coding	1047	TRUE	Hotspot	5
SJHGG085163	C2_WGS	PIK3CA	PIK3CA	chr3.179218294.G.A	SNV	Missense	p.E542K	E/K	542	missense_variant	NM_006218.4	ENST00000263967	1	0.555555555555556	20	36	ENST00000263967.4:c.1624G>A	ENSP00000263967.3:p.Glu542Lys	protein_coding	542	TRUE	Hotspot	5
SJHGG085163	C1_WGS	PPM1D	PPM1D	chr17.60663016.CCA.CA	Indel	Frameshift	p.P428X	P/X	428	frameshift_variant	NM_003620.4	ENST00000305921	1	1	56	56	ENST00000305921.8:c.1283del	ENSP00000306682.2:p.Pro428GlnfsTer3	protein_coding	428	FALSE	Truncating	2
SJHGG085164	C1_WGS	H3F3A	H3F3A	chr1.226064434.A.T	SNV	Missense	p.K28M	K/M	28	missense_variant	NM_002107.7	ENST00000366815	1	0.888888888888889	40	45	ENST00000366815.10:c.83A>T	ENSP00000355780.3:p.Lys28Met	protein_coding	28	TRUE	Hotspot	5
SJHGG085165	C1_WGS	H3F3A	H3F3A	chr1.226064434.A.T	SNV	Missense	p.K28M	K/M	28	missense_variant	NM_002107.7	ENST00000366815	1	0.673076923076923	35	52	ENST00000366815.10:c.83A>T	ENSP00000355780.3:p.Lys28Met	protein_coding	28	TRUE	Hotspot	5
SJHGG085165	C2_WGS	H3F3A	H3F3A	chr1.226064434.A.T	SNV	Missense	p.K28M	K/M	28	missense_variant	NM_002107.7	ENST00000366815	1	0.649122807017544	37	57	ENST00000366815.10:c.83A>T	ENSP00000355780.3:p.Lys28Met	protein_coding	28	TRUE	Hotspot	5
SJHGG085166	C1_WGS	H3F3A	H3F3A	chr1.226064434.A.T	SNV	Missense	p.K28M	K/M	28	missense_variant	NM_002107.7	ENST00000366815	1	0.36231884057971	25	69	ENST00000366815.10:c.83A>T	ENSP00000355780.3:p.Lys28Met	protein_coding	28	TRUE	Hotspot	5
SJHGG085167	C1_WGS	H3F3A	H3F3A	chr1.226064434.A.T	SNV	Missense	p.K28M	K/M	28	missense_variant	NM_002107.7	ENST00000366815	1	0.618421052631579	47	76	ENST00000366815.10:c.83A>T	ENSP00000355780.3:p.Lys28Met	protein_coding	28	TRUE	Hotspot	5
SJHGG093347	C2_WGS	PIK3CA	PIK3CA	chr3.179199088.G.A	SNV	Missense	p.R88Q	R/Q	88	missense_variant	NM_006218.4	ENST00000263967	1	0.483870967741935	15	31	ENST00000263967.4:c.263G>A	ENSP00000263967.3:p.Arg88Gln	protein_coding	88	TRUE	Hotspot	5
SJHGG094233	C1_WGS	BRAF	BRAF	chr7.140778061.T.C	SNV	Missense	p.K483E	K/E	483	missense_variant	NM_004333.6	ENST00000646891	1	0.181818181818182	8	44	ENST00000646891.2:c.1447A>G	ENSP00000493543.1:p.Lys483Glu	protein_coding	483	FALSE	Missense_Other	4
SJHGG094233	C1_WGS	H3F3A	H3F3A	chr1.226064434.A.T	SNV	Missense	p.K28M	K/M	28	missense_variant	NM_002107.7	ENST00000366815	1	0.8625	69	80	ENST00000366815.10:c.83A>T	ENSP00000355780.3:p.Lys28Met	protein_coding	28	TRUE	Hotspot	5
SJHGG094233	C1_WGS	PIK3CA	PIK3CA	chr3.179198940.G.A	SNV	Missense	p.E39K	E/K	39	missense_variant	NM_006218.4	ENST00000263967	1	0.158730158730159	10	63	ENST00000263967.4:c.115G>A	ENSP00000263967.3:p.Glu39Lys	protein_coding	39	FALSE	Missense_Other	4
SJHGG094233	C1_WGS	PIK3CA	PIK3CA	chr3.179234176.G.C	SNV	Missense	p.G1007R	G/R	1007	missense_variant	NM_006218.4	ENST00000263967	1	0.157894736842105	9	57	ENST00000263967.4:c.3019G>C	ENSP00000263967.3:p.Gly1007Arg	protein_coding	1007	FALSE	Missense_Other	4
SJHGG094233	C1_WGS	PPM1D	PPM1D	chr17.60663268.AAT.AT	Indel	Frameshift	p.N512X	N/X	512	frameshift_variant	NM_003620.4	ENST00000305921	1	0.759259259259259	41	54	ENST00000305921.8:c.1535del	ENSP00000306682.2:p.Asn512IlefsTer2	protein_coding	512	FALSE	Truncating	2
SJHGG096710	C1_WGS	H3F3A	H3F3A	chr1.226064434.A.T	SNV	Missense	p.K28M	K/M	28	missense_variant	NM_002107.7	ENST00000366815	1	0.781609195402299	68	87	ENST00000366815.10:c.83A>T	ENSP00000355780.3:p.Lys28Met	protein_coding	28	TRUE	Hotspot	5
SJHGG096710	C1_WGS	PIK3CA	PIK3CA	chr3.179234176.G.C	SNV	Missense	p.G1007R	G/R	1007	missense_variant	NM_006218.4	ENST00000263967	1	0.344827586206897	10	29	ENST00000263967.4:c.3019G>C	ENSP00000263967.3:p.Gly1007Arg	protein_coding	1007	FALSE	Missense_Other	4
SJHGG096710	C1_WGS	PIK3CA	PIK3CA	chr3.179198940.G.A	SNV	Missense	p.E39K	E/K	39	missense_variant	NM_006218.4	ENST00000263967	1	0.333333333333333	10	30	ENST00000263967.4:c.115G>A	ENSP00000263967.3:p.Glu39Lys	protein_coding	39	FALSE	Missense_Other	4
SJHGG096715	C1_WGS	H3F3A	H3F3A	chr1.226064434.A.T	SNV	Missense	p.K28M	K/M	28	missense_variant	NM_002107.7	ENST00000366815	1	0.666666666666667	44	66	ENST00000366815.10:c.83A>T	ENSP00000355780.3:p.Lys28Met	protein_coding	28	TRUE	Hotspot	5
SJHGG096715	C1_WGS	PPM1D	PPM1D	chr17.60663352.G.T	SNV	Nonsense	p.E540*	E/*	540	stop_gained	NM_003620.4	ENST00000305921	1	0.483870967741935	15	31	ENST00000305921.8:c.1618G>T	ENSP00000306682.2:p.Glu540Ter	protein_coding	540	FALSE	Truncating	2
SJHGG096716	C1_WGS	DDX3X	DDX3X	chrX.41342783.G.T	SNV	Missense	p.D164Y	D/Y	164	missense_variant	NM_001356.5	ENST00000644876	1	0.128205128205128	5	39	ENST00000644876.2:c.490G>T	ENSP00000494040.1:p.Asp164Tyr	protein_coding	164	FALSE	Missense_Other	4
SJHGG096716	C1_WGS	H3F3A	H3F3A	chr1.226064434.A.T	SNV	Missense	p.K28M	K/M	28	missense_variant	NM_002107.7	ENST00000366815	1	0.34	17	50	ENST00000366815.10:c.83A>T	ENSP00000355780.3:p.Lys28Met	protein_coding	28	TRUE	Hotspot	5
SJHGG096716	C1_WGS	PIK3CA	PIK3CA	chr3.179218303.G.C	SNV	Missense	p.E545Q	E/Q	545	missense_variant	NM_006218.4	ENST00000263967	1	0.742857142857143	26	35	ENST00000263967.4:c.1633G>C	ENSP00000263967.3:p.Glu545Gln	protein_coding	545	TRUE	Hotspot	5
SJHGG096728	C1_WGS	H3F3A	H3F3A	chr1.226064434.A.T	SNV	Missense	p.K28M	K/M	28	missense_variant	NM_002107.7	ENST00000366815	1	0.652173913043478	15	23	ENST00000366815.10:c.83A>T	ENSP00000355780.3:p.Lys28Met	protein_coding	28	TRUE	Hotspot	5
SJHGG096731	C1_WGS	H3F3A	H3F3A	chr1.226064434.A.T	SNV	Missense	p.K28M	K/M	28	missense_variant	NM_002107.7	ENST00000366815	1	0.7	28	40	ENST00000366815.10:c.83A>T	ENSP00000355780.3:p.Lys28Met	protein_coding	28	TRUE	Hotspot	5
SJHGG096731	C1_WGS	PPM1D	PPM1D	chr17.60663168.C.A	SNV	Nonsense	p.C478*	C/*	478	stop_gained	NM_003620.4	ENST00000305921	1	0.654545454545455	36	55	ENST00000305921.8:c.1434C>A	ENSP00000306682.2:p.Cys478Ter	protein_coding	478	TRUE	Truncating	2
SJHGS096689	C1_WGS	ERG	ERG	chr21.38403656.T.A	SNV	Nonsense	p.K148*	K/*	148	stop_gained	NM_182918.4	ENST00000288319	1	0.142857142857143	6	42	ENST00000288319.12:c.442A>T	ENSP00000288319.7:p.Lys148Ter	protein_coding	148	FALSE	Truncating	2
SJHL093215	C1_WGS	MYC	MYC	chr8.127739008.G.A	SNV	Missense	p.S264N	S/N	264	missense_variant	NM_002467.6	ENST00000621592	1	0.307692307692308	8	26	ENST00000621592.8:c.791G>A	ENSP00000478887.2:p.Ser264Asn	protein_coding	264	FALSE	Missense_Other	4
SJHM080405	C1_WGS	KRAS	KRAS	chr12.25225713.T.G	SNV	Missense	p.K117N	K/N	117	missense_variant	NM_004985.5	ENST00000311936	1	1	18	18	ENST00000311936.8:c.351A>C	ENSP00000308495.3:p.Lys117Asn	protein_coding	117	TRUE	Hotspot	5
SJHM080405	C1B_WGS	KRAS	KRAS	chr12.25225713.T.G	SNV	Missense	p.K117N	K/N	117	missense_variant	NM_004985.5	ENST00000311936	1	1	18	18	ENST00000311936.8:c.351A>C	ENSP00000308495.3:p.Lys117Asn	protein_coding	117	TRUE	Hotspot	5
SJHM080458	C2_WGS	CTNNB1	CTNNB1	chr3.41235723.G.A	SNV	Splice	""	""		splice_acceptor_variant	NM_001904.4	ENST00000349496	1	0.576923076923077	15	26	ENST00000349496.11:c.1684-1G>A	""	protein_coding		FALSE	Truncating	2
SJHM085156	C1_WGS	KRAS	KRAS	chr12.25245347.C.T	SNV	Missense	p.G13D	G/D	13	missense_variant	NM_004985.5	ENST00000311936	1	0.36	9	25	ENST00000311936.8:c.38G>A	ENSP00000308495.3:p.Gly13Asp	protein_coding	13	TRUE	Hotspot	5
SJHM085552	C1_WGS	FOXO1	FOXO1	chr13.40666211.A.T	SNV	StartLost	p.M1K	M/K	1	start_lost	NM_002015.4	ENST00000379561	1	0.666666666666667	8	12	ENST00000379561.6:c.2T>A	ENSP00000368880.4:p.Met1?	protein_coding	1	FALSE	Truncating	2
SJHM085552	C1_WGS	MYC	MYC	chr8.127738440.C.G	SNV	Missense	p.P75A	P/A	75	missense_variant	NM_002467.6	ENST00000621592	1	0.409090909090909	9	22	ENST00000621592.8:c.223C>G	ENSP00000478887.2:p.Pro75Ala	protein_coding	75	FALSE	Missense_Other	4
SJLUAD074474	C1_WGS	KRAS	KRAS	chr12.25245351.C.T	SNV	Missense	p.G12S	G/S	12	missense_variant	NM_004985.5	ENST00000311936	1	1	34	34	ENST00000311936.8:c.34G>A	ENSP00000308495.3:p.Gly12Ser	protein_coding	12	TRUE	Hotspot	5
SJLUAD080362	C2_WGS	BRAF	BRAF	chr7.140778038.AGGTGCTGTCACATTCAA.ATA	Indel	InframeOther	p.LNVTAP485Y	LNVTAP/Y	485	protein_altering_variant	NM_004333.6	ENST00000646891	1	1	29	29	ENST00000646891.2:c.1454_1469delinsA	ENSP00000493543.1:p.Leu485_Pro490delinsTyr	protein_coding	485	FALSE	InframeIndel	3
SJLUAD092727	C1_WGS	KRAS	KRAS	chr12.25227341.T.G	SNV	Missense	p.Q61H	Q/H	61	missense_variant	NM_004985.5	ENST00000311936	1	1	36	36	ENST00000311936.8:c.183A>C	ENSP00000308495.3:p.Gln61His	protein_coding	61	TRUE	Hotspot	5
SJLUAD092733	C1_WGS	KRAS	KRAS	chr12.25245347.C.T	SNV	Missense	p.G13D	G/D	13	missense_variant	NM_004985.5	ENST00000311936	1	0.513513513513513	19	37	ENST00000311936.8:c.38G>A	ENSP00000308495.3:p.Gly13Asp	protein_coding	13	TRUE	Hotspot	5
SJLUAD092737	C1_WGS	KRAS	KRAS	chr12.25245351.C.A	SNV	Missense	p.G12C	G/C	12	missense_variant	NM_004985.5	ENST00000311936	1	1	34	34	ENST00000311936.8:c.34G>T	ENSP00000308495.3:p.Gly12Cys	protein_coding	12	TRUE	Hotspot	5
SJLUAD092834	C1_WGS	MYC	MYC	chr8.127738782.T.A	SNV	Missense	p.S189T	S/T	189	missense_variant	NM_002467.6	ENST00000621592	1	1	61	61	ENST00000621592.8:c.565T>A	ENSP00000478887.2:p.Ser189Thr	protein_coding	189	FALSE	Missense_Other	4
SJLUAD092920	C1_WGS	KRAS	KRAS	chr12.25245348.C.A	SNV	Missense	p.G13C	G/C	13	missense_variant	NM_004985.5	ENST00000311936	1	0.366666666666667	11	30	ENST00000311936.8:c.37G>T	ENSP00000308495.3:p.Gly13Cys	protein_coding	13	TRUE	Hotspot	5
SJLUAD092921	C1_WGS	KRAS	KRAS	chr12.25245351.C.A	SNV	Missense	p.G12C	G/C	12	missense_variant	NM_004985.5	ENST00000311936	1	1	65	65	ENST00000311936.8:c.34G>T	ENSP00000308495.3:p.Gly12Cys	protein_coding	12	TRUE	Hotspot	5
SJLUAD092930	C1_WGS	BRAF	BRAF	chr7.140781611.C.A	SNV	Missense	p.G466V	G/V	466	missense_variant	NM_004333.6	ENST00000646891	1	0.583333333333333	14	24	ENST00000646891.2:c.1397G>T	ENSP00000493543.1:p.Gly466Val	protein_coding	466	TRUE	Hotspot	5
SJLUAD092932	C1_WGS	KRAS	KRAS	chr12.25245351.C.A	SNV	Missense	p.G12C	G/C	12	missense_variant	NM_004985.5	ENST00000311936	1	0.8	20	25	ENST00000311936.8:c.34G>T	ENSP00000308495.3:p.Gly12Cys	protein_coding	12	TRUE	Hotspot	5
SJLUAD092941	C1_WGS	PIK3CA	PIK3CA	chr3.179199690.G.A	SNV	Missense	p.G118D	G/D	118	missense_variant,splice_region_variant	NM_006218.4	ENST00000263967	1	0.583333333333333	14	24	ENST00000263967.4:c.353G>A	ENSP00000263967.3:p.Gly118Asp	protein_coding	118	FALSE	Missense_Other	4
SJLUAD092943	C1_WGS	KRAS	KRAS	chr12.25245351.C.A	SNV	Missense	p.G12C	G/C	12	missense_variant	NM_004985.5	ENST00000311936	1	0.95	19	20	ENST00000311936.8:c.34G>T	ENSP00000308495.3:p.Gly12Cys	protein_coding	12	TRUE	Hotspot	5
SJLUAD092945	C1_WGS	BRAF	BRAF	chr7.140753346.G.C	SNV	Missense	p.L597V	L/V	597	missense_variant	NM_004333.6	ENST00000646891	1	0.425531914893617	20	47	ENST00000646891.2:c.1789C>G	ENSP00000493543.1:p.Leu597Val	protein_coding	597	TRUE	Hotspot	5
SJLUAD092945	C1_WGS	MYC	MYC	chr8.127738422.G.A	SNV	Missense	p.E69K	E/K	69	missense_variant	NM_002467.6	ENST00000621592	1	0.0697674418604651	9	129	ENST00000621592.8:c.205G>A	ENSP00000478887.2:p.Glu69Lys	protein_coding	69	FALSE	Missense_Other	4
SJLUAD092948	C1_WGS	KRAS	KRAS	chr12.25245351.C.A	SNV	Missense	p.G12C	G/C	12	missense_variant	NM_004985.5	ENST00000311936	1	1	17	17	ENST00000311936.8:c.34G>T	ENSP00000308495.3:p.Gly12Cys	protein_coding	12	TRUE	Hotspot	5
SJLUAD092958	C1_WGS	KRAS	KRAS	chr12.25245350.C.A	SNV	Missense	p.G12V	G/V	12	missense_variant	NM_004985.5	ENST00000311936	1	1	67	67	ENST00000311936.8:c.35G>T	ENSP00000308495.3:p.Gly12Val	protein_coding	12	TRUE	Hotspot	5
SJLUAD092958	C1_WGS	KRAS	KRAS	chr12.25245351.C.A	SNV	Missense	p.G12C	G/C	12	missense_variant	NM_004985.5	ENST00000311936	1	1	68	68	ENST00000311936.8:c.34G>T	ENSP00000308495.3:p.Gly12Cys	protein_coding	12	TRUE	Hotspot	5
SJLUAD092958	C1_WGS	KRAS	KRAS	chr12.25245349.ACCA.AAAA	MNV	Missense	p.AG11AF	AG/AF	11	missense_variant	NM_004985.5	ENST00000311936	1	1	80	80	ENST00000311936.8:c.34_35delinsTT	ENSP00000308495.3:p.Gly12Phe	protein_coding	11	FALSE	Missense_Other	4
SJLUAD092959	C1_WGS	KRAS	KRAS	chr12.25245351.C.A	SNV	Missense	p.G12C	G/C	12	missense_variant	NM_004985.5	ENST00000311936	1	0.753623188405797	52	69	ENST00000311936.8:c.34G>T	ENSP00000308495.3:p.Gly12Cys	protein_coding	12	TRUE	Hotspot	5
SJLUAD092961	C1_WGS	PPM1D	PPM1D	chr17.60663269.AT.AAT	Indel	Frameshift	p.N512KX	N/KX	512	frameshift_variant	NM_003620.4	ENST00000305921	1	0.583333333333333	14	24	ENST00000305921.8:c.1535dup	ENSP00000306682.2:p.Asn512LysfsTer16	protein_coding	512	FALSE	Truncating	2
SJLUAD092963	C1_WGS	KRAS	KRAS	chr12.25245351.C.A	SNV	Missense	p.G12C	G/C	12	missense_variant	NM_004985.5	ENST00000311936	1	0.735294117647059	50	68	ENST00000311936.8:c.34G>T	ENSP00000308495.3:p.Gly12Cys	protein_coding	12	TRUE	Hotspot	5
SJLUAD092975	C1_WGS	KRAS	KRAS	chr12.25227342.T.A	SNV	Missense	p.Q61L	Q/L	61	missense_variant	NM_004985.5	ENST00000311936	1	1	39	39	ENST00000311936.8:c.182A>T	ENSP00000308495.3:p.Gln61Leu	protein_coding	61	TRUE	Hotspot	5
SJLUAD093039	C1_WGS	KRAS	KRAS	chr12.25245350.C.G	SNV	Missense	p.G12A	G/A	12	missense_variant	NM_004985.5	ENST00000311936	1	0.788461538461538	82	104	ENST00000311936.8:c.35G>C	ENSP00000308495.3:p.Gly12Ala	protein_coding	12	TRUE	Hotspot	5
SJLUAD093085	C1_WGS	KRAS	KRAS	chr12.25245350.C.T	SNV	Missense	p.G12D	G/D	12	missense_variant	NM_004985.5	ENST00000311936	1	0.641509433962264	34	53	ENST00000311936.8:c.35G>A	ENSP00000308495.3:p.Gly12Asp	protein_coding	12	TRUE	Hotspot	5
SJLUAD093267	C1_WGS	CTCF	CTCF	chr16.67611203.T.C	SNV	Missense	p.V124A	V/A	124	missense_variant	NM_006565.4	ENST00000264010	1	0.125	5	40	ENST00000264010.10:c.371T>C	ENSP00000264010.4:p.Val124Ala	protein_coding	124	FALSE	Missense_Other	4
SJLUAD093326	C1_WGS	KRAS	KRAS	chr12.25227343.G.T	SNV	Missense	p.Q61K	Q/K	61	missense_variant	NM_004985.5	ENST00000311936	1	0.569230769230769	37	65	ENST00000311936.8:c.181C>A	ENSP00000308495.3:p.Gln61Lys	protein_coding	61	TRUE	Hotspot	5
SJLUAD093326	C1_WGS	KRAS	KRAS	chr12.25227342.TGAC.TTGC	MNV	Missense	p.GQ60GK	GQ/GK	60	missense_variant	NM_004985.5	ENST00000311936	1	0.573333333333333	43	75	ENST00000311936.8:c.180_181delinsCA	ENSP00000308495.3:p.Gln61Lys	protein_coding	60	FALSE	Missense_Other	4
SJLUSC077101	C1_WGS	PIK3CA	PIK3CA	chr3.179221146.G.A	SNV	Missense	p.E726K	E/K	726	missense_variant	NM_006218.4	ENST00000263967	1	1	24	24	ENST00000263967.4:c.2176G>A	ENSP00000263967.3:p.Glu726Lys	protein_coding	726	FALSE	Missense_Other	4
SJLUSC092667	C1_WGS	KRAS	KRAS	chr12.25245351.C.A	SNV	Missense	p.G12C	G/C	12	missense_variant	NM_004985.5	ENST00000311936	1	0.822222222222222	37	45	ENST00000311936.8:c.34G>T	ENSP00000308495.3:p.Gly12Cys	protein_coding	12	TRUE	Hotspot	5
SJLUSC092731	C1_WGS	CTNNB1	CTNNB1	chr3.41224646.C.T	SNV	Missense	p.S45F	S/F	45	missense_variant	NM_001904.4	ENST00000349496	1	1	11	11	ENST00000349496.11:c.134C>T	ENSP00000344456.5:p.Ser45Phe	protein_coding	45	TRUE	Hotspot	5
SJLUSC092732	C1_WGS	PIK3CA	PIK3CA	chr3.179234297.A.G	SNV	Missense	p.H1047R	H/R	1047	missense_variant	NM_006218.4	ENST00000263967	1	0.594594594594595	22	37	ENST00000263967.4:c.3140A>G	ENSP00000263967.3:p.His1047Arg	protein_coding	1047	TRUE	Hotspot	5
SJLUSC092928	C1_WGS	DDX3X	DDX3X	chrX.41347437.G.C	SNV	Missense	p.R632T	R/T	632	missense_variant	NM_001356.5	ENST00000644876	1	1	36	36	ENST00000644876.2:c.1895G>C	ENSP00000494040.1:p.Arg632Thr	protein_coding	632	FALSE	Missense_Other	4
SJLUSC092928	C1_WGS	KRAS	KRAS	chr12.25245351.C.G	SNV	Missense	p.G12R	G/R	12	missense_variant	NM_004985.5	ENST00000311936	1	0.576923076923077	45	78	ENST00000311936.8:c.34G>C	ENSP00000308495.3:p.Gly12Arg	protein_coding	12	TRUE	Hotspot	5
SJLUSC093142	C1_WGS	KRAS	KRAS	chr12.25245350.C.A	SNV	Missense	p.G12V	G/V	12	missense_variant	NM_004985.5	ENST00000311936	1	0.676056338028169	48	71	ENST00000311936.8:c.35G>T	ENSP00000308495.3:p.Gly12Val	protein_coding	12	TRUE	Hotspot	5
SJMB085591	C2_WGS	PIK3CA	PIK3CA	chr3.179199088.G.A	SNV	Missense	p.R88Q	R/Q	88	missense_variant	NM_006218.4	ENST00000263967	1	0.357142857142857	10	28	ENST00000263967.4:c.263G>A	ENSP00000263967.3:p.Arg88Gln	protein_coding	88	TRUE	Hotspot	5
SJMB085591	C1_WGS	PIK3CA	PIK3CA	chr3.179199088.G.A	SNV	Missense	p.R88Q	R/Q	88	missense_variant	NM_006218.4	ENST00000263967	1	0	0	27	ENST00000263967.4:c.263G>A	ENSP00000263967.3:p.Arg88Gln	protein_coding	88	TRUE	Hotspot	5
SJMEL014961	C2_WGS	BRAF	BRAF	chr7.140753336.A.T	SNV	Missense	p.V600E	V/E	600	missense_variant	NM_004333.6	ENST00000646891	1	0.654545454545455	36	55	ENST00000646891.2:c.1799T>A	ENSP00000493543.1:p.Val600Glu	protein_coding	600	TRUE	Hotspot	5
SJMEL077103	C1_WGS	BRAF	BRAF	chr7.140753336.A.T	SNV	Missense	p.V600E	V/E	600	missense_variant	NM_004333.6	ENST00000646891	1	0.789473684210526	45	57	ENST00000646891.2:c.1799T>A	ENSP00000493543.1:p.Val600Glu	protein_coding	600	TRUE	Hotspot	5
SJMEL077103	C1_WGS	CTNNB1	CTNNB1	chr3.41224644.TTCTC.TC	Indel	InframeDel	p.S45-	S/-	45	inframe_deletion	NM_001904.4	ENST00000349496	1	0.428571428571429	12	28	ENST00000349496.11:c.133_135del	ENSP00000344456.5:p.Ser45del	protein_coding	45	TRUE	InframeIndel	3
SJMEL085547	C1_WGS	BRAF	BRAF	chr7.140753336.A.T	SNV	Missense	p.V600E	V/E	600	missense_variant	NM_004333.6	ENST00000646891	1	0.464285714285714	13	28	ENST00000646891.2:c.1799T>A	ENSP00000493543.1:p.Val600Glu	protein_coding	600	TRUE	Hotspot	5
SJMEL085547	C2_WGS	BRAF	BRAF	chr7.140753336.A.T	SNV	Missense	p.V600E	V/E	600	missense_variant	NM_004333.6	ENST00000646891	1	0.434782608695652	10	23	ENST00000646891.2:c.1799T>A	ENSP00000493543.1:p.Val600Glu	protein_coding	600	TRUE	Hotspot	5
SJMEL092661	C1_WGS	BRAF	BRAF	chr7.140753336.A.T	SNV	Missense	p.V600E	V/E	600	missense_variant	NM_004333.6	ENST00000646891	1	0.81578947368421	93	114	ENST00000646891.2:c.1799T>A	ENSP00000493543.1:p.Val600Glu	protein_coding	600	TRUE	Hotspot	5
SJMEL092661	C1_WGS	PPM1D	PPM1D	chr17.60633950.C.T	SNV	Missense	p.P267S	P/S	267	missense_variant	NM_003620.4	ENST00000305921	1	0.480769230769231	25	52	ENST00000305921.8:c.799C>T	ENSP00000306682.2:p.Pro267Ser	protein_coding	267	FALSE	Missense_Other	4
SJMEL092676	C1_WGS	BRAF	BRAF	chr7.140753336.A.T	SNV	Missense	p.V600E	V/E	600	missense_variant	NM_004333.6	ENST00000646891	1	0.766666666666667	46	60	ENST00000646891.2:c.1799T>A	ENSP00000493543.1:p.Val600Glu	protein_coding	600	TRUE	Hotspot	5
SJMEL092680	C1_WGS	BRAF	BRAF	chr7.140753336.A.T	SNV	Missense	p.V600E	V/E	600	missense_variant	NM_004333.6	ENST00000646891	1	0.666666666666667	34	51	ENST00000646891.2:c.1799T>A	ENSP00000493543.1:p.Val600Glu	protein_coding	600	TRUE	Hotspot	5
SJMEL092702	C1_WGS	BRAF	BRAF	chr7.140753336.A.T	SNV	Missense	p.V600E	V/E	600	missense_variant	NM_004333.6	ENST00000646891	1	0.382978723404255	18	47	ENST00000646891.2:c.1799T>A	ENSP00000493543.1:p.Val600Glu	protein_coding	600	TRUE	Hotspot	5
SJMEL092702	C1_WGS	CTCF	CTCF	chr16.67611166.G.T	SNV	Nonsense	p.E112*	E/*	112	stop_gained	NM_006565.4	ENST00000264010	1	0.25	7	28	ENST00000264010.10:c.334G>T	ENSP00000264010.4:p.Glu112Ter	protein_coding	112	FALSE	Truncating	2
SJMEL092763	C1_WGS	BRAF	BRAF	chr7.140753392.A.T	SNV	Missense	p.N581K	N/K	581	missense_variant,splice_region_variant	NM_004333.6	ENST00000646891	1	0.388888888888889	21	54	ENST00000646891.2:c.1743T>A	ENSP00000493543.1:p.Asn581Lys	protein_coding	581	TRUE	Hotspot	5
SJMEL092775	C1_WGS	BRAF	BRAF	chr7.140753336.A.T	SNV	Missense	p.V600E	V/E	600	missense_variant	NM_004333.6	ENST00000646891	1	1	32	32	ENST00000646891.2:c.1799T>A	ENSP00000493543.1:p.Val600Glu	protein_coding	600	TRUE	Hotspot	5
SJMEL092784	C1_WGS	BRAF	BRAF	chr7.140753336.A.T	SNV	Missense	p.V600E	V/E	600	missense_variant	NM_004333.6	ENST00000646891	1	0.552631578947368	42	76	ENST00000646891.2:c.1799T>A	ENSP00000493543.1:p.Val600Glu	protein_coding	600	TRUE	Hotspot	5
SJMEL092784	C1_WGS	BRAF	BRAF	chr7.140753335.CACT.CTTT	MNV	Missense	p.TV599TK	TV/TK	599	missense_variant	NM_004333.6	ENST00000646891	1	0.555555555555556	50	90	ENST00000646891.2:c.1798_1799delinsAA	ENSP00000493543.1:p.Val600Lys	protein_coding	599	FALSE	Missense_Other	4
SJMEL092785	C1_WGS	BRAF	BRAF	chr7.140753336.A.T	SNV	Missense	p.V600E	V/E	600	missense_variant	NM_004333.6	ENST00000646891	1	0.4	8	20	ENST00000646891.2:c.1799T>A	ENSP00000493543.1:p.Val600Glu	protein_coding	600	TRUE	Hotspot	5
SJMEL092836	C1_WGS	BRAF	BRAF	chr7.140753336.A.T	SNV	Missense	p.V600E	V/E	600	missense_variant	NM_004333.6	ENST00000646891	1	0.642857142857143	27	42	ENST00000646891.2:c.1799T>A	ENSP00000493543.1:p.Val600Glu	protein_coding	600	TRUE	Hotspot	5
SJMEL092862	C1_WGS	BRAF	BRAF	chr7.140753336.A.T	SNV	Missense	p.V600E	V/E	600	missense_variant	NM_004333.6	ENST00000646891	1	0.736842105263158	14	19	ENST00000646891.2:c.1799T>A	ENSP00000493543.1:p.Val600Glu	protein_coding	600	TRUE	Hotspot	5
SJMEL092872	C1_WGS	BRAF	BRAF	chr7.140753336.A.T	SNV	Missense	p.V600E	V/E	600	missense_variant	NM_004333.6	ENST00000646891	1	0.746031746031746	47	63	ENST00000646891.2:c.1799T>A	ENSP00000493543.1:p.Val600Glu	protein_coding	600	TRUE	Hotspot	5
SJMEL092881	C1_WGS	BRAF	BRAF	chr7.140753336.A.T	SNV	Missense	p.V600E	V/E	600	missense_variant	NM_004333.6	ENST00000646891	1	0.840909090909091	74	88	ENST00000646891.2:c.1799T>A	ENSP00000493543.1:p.Val600Glu	protein_coding	600	TRUE	Hotspot	5
SJMEL092906	C1_WGS	BRAF	BRAF	chr7.140753336.A.T	SNV	Missense	p.V600E	V/E	600	missense_variant	NM_004333.6	ENST00000646891	1	0.421052631578947	16	38	ENST00000646891.2:c.1799T>A	ENSP00000493543.1:p.Val600Glu	protein_coding	600	TRUE	Hotspot	5
SJMEL092992	C1_WGS	BRAF	BRAF	chr7.140753336.A.T	SNV	Missense	p.V600E	V/E	600	missense_variant	NM_004333.6	ENST00000646891	1	0.76	38	50	ENST00000646891.2:c.1799T>A	ENSP00000493543.1:p.Val600Glu	protein_coding	600	TRUE	Hotspot	5
SJMEL093048	C1_WGS	BRAF	BRAF	chr7.140753336.A.T	SNV	Missense	p.V600E	V/E	600	missense_variant	NM_004333.6	ENST00000646891	1	0.891891891891892	33	37	ENST00000646891.2:c.1799T>A	ENSP00000493543.1:p.Val600Glu	protein_coding	600	TRUE	Hotspot	5
SJMEL093075	C1_WGS	BRAF	BRAF	chr7.140753336.A.T	SNV	Missense	p.V600E	V/E	600	missense_variant	NM_004333.6	ENST00000646891	1	1	49	49	ENST00000646891.2:c.1799T>A	ENSP00000493543.1:p.Val600Glu	protein_coding	600	TRUE	Hotspot	5
SJMEL093076	C1_WGS	BRAF	BRAF	chr7.140753336.A.T	SNV	Missense	p.V600E	V/E	600	missense_variant	NM_004333.6	ENST00000646891	1	0.692307692307692	27	39	ENST00000646891.2:c.1799T>A	ENSP00000493543.1:p.Val600Glu	protein_coding	600	TRUE	Hotspot	5
SJMEL093077	C1_WGS	DDX3X	DDX3X	chrX.41346327.C.T	SNV	Missense	p.H472Y	H/Y	472	missense_variant	NM_001356.5	ENST00000644876	1	1	13	13	ENST00000644876.2:c.1414C>T	ENSP00000494040.1:p.His472Tyr	protein_coding	472	FALSE	Missense_Other	4
SJMEL093078	C1_WGS	BRAF	BRAF	chr7.140753336.A.T	SNV	Missense	p.V600E	V/E	600	missense_variant	NM_004333.6	ENST00000646891	1	0.414634146341463	17	41	ENST00000646891.2:c.1799T>A	ENSP00000493543.1:p.Val600Glu	protein_coding	600	TRUE	Hotspot	5
SJMEL093167	C1_WGS	BRAF	BRAF	chr7.140753336.A.T	SNV	Missense	p.V600E	V/E	600	missense_variant	NM_004333.6	ENST00000646891	1	0.466666666666667	7	15	ENST00000646891.2:c.1799T>A	ENSP00000493543.1:p.Val600Glu	protein_coding	600	TRUE	Hotspot	5
SJMEL093202	C1_WGS	BRAF	BRAF	chr7.140753336.A.T	SNV	Missense	p.V600E	V/E	600	missense_variant	NM_004333.6	ENST00000646891	1	0.509433962264151	27	53	ENST00000646891.2:c.1799T>A	ENSP00000493543.1:p.Val600Glu	protein_coding	600	TRUE	Hotspot	5
SJMEL093203	C1_WGS	KIT	KIT	chr4.54727495.T.C	SNV	Missense	p.L576P	L/P	576	missense_variant	NM_000222.3	ENST00000288135	1	1	55	55	ENST00000288135.6:c.1727T>C	ENSP00000288135.6:p.Leu576Pro	protein_coding	576	FALSE	Missense_Other	4
SJMEL093204	C1_WGS	BRAF	BRAF	chr7.140753336.A.T	SNV	Missense	p.V600E	V/E	600	missense_variant	NM_004333.6	ENST00000646891	1	0.988095238095238	83	84	ENST00000646891.2:c.1799T>A	ENSP00000493543.1:p.Val600Glu	protein_coding	600	TRUE	Hotspot	5
SJMEL093207	C1_WGS	BRAF	BRAF	chr7.140753334.TCAC.TATC	MNV	Missense	p.VK600DK	VK/DK	600	missense_variant	NM_004333.6	ENST00000646891	1	0.612244897959184	30	49	ENST00000646891.2:c.1799_1800delinsAT	ENSP00000493543.1:p.Val600Asp	protein_coding	600	TRUE	Hotspot	5
SJMEL093229	C1_WGS	BRAF	BRAF	chr7.140753336.A.T	SNV	Missense	p.V600E	V/E	600	missense_variant	NM_004333.6	ENST00000646891	1	0.588235294117647	30	51	ENST00000646891.2:c.1799T>A	ENSP00000493543.1:p.Val600Glu	protein_coding	600	TRUE	Hotspot	5
SJMEL093233	C1_WGS	BRAF	BRAF	chr7.140753336.A.T	SNV	Missense	p.V600E	V/E	600	missense_variant	NM_004333.6	ENST00000646891	1	0.44	22	50	ENST00000646891.2:c.1799T>A	ENSP00000493543.1:p.Val600Glu	protein_coding	600	TRUE	Hotspot	5
SJMEL093233	C1_WGS	PPM1D	PPM1D	chr17.60623578.T.C	SNV	Missense	p.V177A	V/A	177	missense_variant	NM_003620.4	ENST00000305921	1	0.212121212121212	7	33	ENST00000305921.8:c.530T>C	ENSP00000306682.2:p.Val177Ala	protein_coding	177	FALSE	Missense_Other	4
SJMEL093305	C1_WGS	BRAF	BRAF	chr7.140753336.A.T	SNV	Missense	p.V600E	V/E	600	missense_variant	NM_004333.6	ENST00000646891	1	1	15	15	ENST00000646891.2:c.1799T>A	ENSP00000493543.1:p.Val600Glu	protein_coding	600	TRUE	Hotspot	5
SJMEL093346	C1_WGS	BRAF	BRAF	chr7.140753336.A.T	SNV	Missense	p.V600E	V/E	600	missense_variant	NM_004333.6	ENST00000646891	1	0.75	39	52	ENST00000646891.2:c.1799T>A	ENSP00000493543.1:p.Val600Glu	protein_coding	600	TRUE	Hotspot	5
SJMEL093346	C1_WGS	BRAF	BRAF	chr7.140753334.TCAC.TATC	MNV	Missense	p.VK600DK	VK/DK	600	missense_variant	NM_004333.6	ENST00000646891	1	0.725806451612903	45	62	ENST00000646891.2:c.1799_1800delinsAT	ENSP00000493543.1:p.Val600Asp	protein_coding	600	TRUE	Hotspot	5
SJMM076230	C1_WGS	KRAS	KRAS	chr12.25245350.C.G	SNV	Missense	p.G12A	G/A	12	missense_variant	NM_004985.5	ENST00000311936	1	0.5	17	34	ENST00000311936.8:c.35G>C	ENSP00000308495.3:p.Gly12Ala	protein_coding	12	TRUE	Hotspot	5
SJMPAL047180	C8_WGS	KRAS	KRAS	chr12.25245277.T.C	SNV	Missense	p.I36M	I/M	36	missense_variant	NM_004985.5	ENST00000311936	1	0.6	12	20	ENST00000311936.8:c.108A>G	ENSP00000308495.3:p.Ile36Met	protein_coding	36	FALSE	Missense_Other	4
SJMPNST096709	C1_WGS	PIK3CA	PIK3CA	chr3.179218294.G.A	SNV	Missense	p.E542K	E/K	542	missense_variant	NM_006218.4	ENST00000263967	1	0.379310344827586	11	29	ENST00000263967.4:c.1624G>A	ENSP00000263967.3:p.Glu542Lys	protein_coding	542	TRUE	Hotspot	5
SJMPNST096709	C1_WGS	PTPN11	PTPN11	chr12.112450385.G.A	SNV	Missense	p.E69K	E/K	69	missense_variant	NM_002834.5	ENST00000351677	1	0.566666666666667	17	30	ENST00000351677.7:c.205G>A	ENSP00000340944.3:p.Glu69Lys	protein_coding	69	FALSE	Missense_Other	4
SJNBL046419	C1_WGS	ALK	ALK	chr2.29209798.C.T	SNV	Missense	p.R1275Q	R/Q	1275	missense_variant	NM_004304.5	ENST00000389048	1	0.637931034482759	37	58	ENST00000389048.8:c.3824G>A	ENSP00000373700.3:p.Arg1275Gln	protein_coding	1275	TRUE	Hotspot	5
SJNBL046419	C2_WGS	ALK	ALK	chr2.29209798.C.T	SNV	Missense	p.R1275Q	R/Q	1275	missense_variant	NM_004304.5	ENST00000389048	1	0.637931034482759	37	58	ENST00000389048.8:c.3824G>A	ENSP00000373700.3:p.Arg1275Gln	protein_coding	1275	TRUE	Hotspot	5
SJNBL046419	C3_WGS	ALK	ALK	chr2.29209798.C.T	SNV	Missense	p.R1275Q	R/Q	1275	missense_variant	NM_004304.5	ENST00000389048	1	0.622641509433962	33	53	ENST00000389048.8:c.3824G>A	ENSP00000373700.3:p.Arg1275Gln	protein_coding	1275	TRUE	Hotspot	5
SJNBL046420	C6_WGS	ALK	ALK	chr2.29220829.G.T	SNV	Missense	p.F1174L	F/L	1174	missense_variant	NM_004304.5	ENST00000389048	1	0.475	19	40	ENST00000389048.8:c.3522C>A	ENSP00000373700.3:p.Phe1174Leu	protein_coding	1174	TRUE	Hotspot	5
SJNBL046420	C4_WGS	ALK	ALK	chr2.29220829.G.T	SNV	Missense	p.F1174L	F/L	1174	missense_variant	NM_004304.5	ENST00000389048	1	0.35423197492163	113	319	ENST00000389048.8:c.3522C>A	ENSP00000373700.3:p.Phe1174Leu	protein_coding	1174	TRUE	Hotspot	5
SJNBL046420	C8_WGS	ALK	ALK	chr2.29220829.G.T	SNV	Missense	p.F1174L	F/L	1174	missense_variant	NM_004304.5	ENST00000389048	1	0.265625	17	64	ENST00000389048.8:c.3522C>A	ENSP00000373700.3:p.Phe1174Leu	protein_coding	1174	TRUE	Hotspot	5
SJNBL046424	C22_WGS	PIK3CA	PIK3CA	chr3.179218294.G.A	SNV	Missense	p.E542K	E/K	542	missense_variant	NM_006218.4	ENST00000263967	1	0.693333333333333	52	75	ENST00000263967.4:c.1624G>A	ENSP00000263967.3:p.Glu542Lys	protein_coding	542	TRUE	Hotspot	5
SJNBL046424	C1_WGS	PIK3CA	PIK3CA	chr3.179218294.G.A	SNV	Missense	p.E542K	E/K	542	missense_variant	NM_006218.4	ENST00000263967	1	0.571428571428571	16	28	ENST00000263967.4:c.1624G>A	ENSP00000263967.3:p.Glu542Lys	protein_coding	542	TRUE	Hotspot	5
SJNBL046424	C20_WGS	PIK3CA	PIK3CA	chr3.179218294.G.A	SNV	Missense	p.E542K	E/K	542	missense_variant	NM_006218.4	ENST00000263967	1	0.571428571428571	16	28	ENST00000263967.4:c.1624G>A	ENSP00000263967.3:p.Glu542Lys	protein_coding	542	TRUE	Hotspot	5
SJNBL050932	C10_WGS	CTCF	CTCF	chr16.67620734.G.C	SNV	Missense	p.G375A	G/A	375	missense_variant	NM_006565.4	ENST00000264010	1	0.210526315789474	8	38	ENST00000264010.10:c.1124G>C	ENSP00000264010.4:p.Gly375Ala	protein_coding	375	FALSE	Missense_Other	4
SJNBL080413	C1_WGS	ALK	ALK	chr2.29220829.G.T	SNV	Missense	p.F1174L	F/L	1174	missense_variant	NM_004304.5	ENST00000389048	1	0.549019607843137	28	51	ENST00000389048.8:c.3522C>A	ENSP00000373700.3:p.Phe1174Leu	protein_coding	1174	TRUE	Hotspot	5
SJNBL080413	C1B_WGS	ALK	ALK	chr2.29220829.G.T	SNV	Missense	p.F1174L	F/L	1174	missense_variant	NM_004304.5	ENST00000389048	1	0.549019607843137	28	51	ENST00000389048.8:c.3522C>A	ENSP00000373700.3:p.Phe1174Leu	protein_coding	1174	TRUE	Hotspot	5
SJNBL080792	C1_WGS	ALK	ALK	chr2.29213994.A.C	SNV	Missense	p.F1245V	F/V	1245	missense_variant	NM_004304.5	ENST00000389048	1	0.625	25	40	ENST00000389048.8:c.3733T>G	ENSP00000373700.3:p.Phe1245Val	protein_coding	1245	TRUE	Hotspot	5
SJNBL082857	C1_WGS	ALK	ALK	chr2.29220829.G.T	SNV	Missense	p.F1174L	F/L	1174	missense_variant	NM_004304.5	ENST00000389048	1	0.403846153846154	21	52	ENST00000389048.8:c.3522C>A	ENSP00000373700.3:p.Phe1174Leu	protein_coding	1174	TRUE	Hotspot	5
SJNBL083051	C5_WGS	ALK	ALK	chr2.29209798.C.T	SNV	Missense	p.R1275Q	R/Q	1275	missense_variant	NM_004304.5	ENST00000389048	1	0.648648648648649	48	74	ENST00000389048.8:c.3824G>A	ENSP00000373700.3:p.Arg1275Gln	protein_coding	1275	TRUE	Hotspot	5
SJNBL083051	C3_WGS	ALK	ALK	chr2.29209798.C.T	SNV	Missense	p.R1275Q	R/Q	1275	missense_variant	NM_004304.5	ENST00000389048	1	0.588235294117647	20	34	ENST00000389048.8:c.3824G>A	ENSP00000373700.3:p.Arg1275Gln	protein_coding	1275	TRUE	Hotspot	5
SJNBL083051	C5_WGS	KIT	KIT	chr4.54727220.C.A	SNV	Missense	p.Q515K	Q/K	515	missense_variant,splice_region_variant	NM_000222.3	ENST00000288135	1	0.304347826086957	21	69	ENST00000288135.6:c.1543C>A	ENSP00000288135.6:p.Gln515Lys	protein_coding	515	FALSE	Missense_Other	4
SJNBL085488	C1_WGS	MYCN	MYCN	chr2.15942342.AGGAGGAC.AC	Indel	InframeDel	p.EED93D	EED/D	93	inframe_deletion	NM_005378.6	ENST00000281043	1	0.80952380952381	17	21	ENST00000281043.4:c.279_284del	ENSP00000281043.3:p.Glu93_Glu94del	protein_coding	93	FALSE	InframeIndel	3
SJNBL092606	C1_WGS	ALK	ALK	chr2.29209798.C.T	SNV	Missense	p.R1275Q	R/Q	1275	missense_variant	NM_004304.5	ENST00000389048	1	0.576923076923077	15	26	ENST00000389048.8:c.3824G>A	ENSP00000373700.3:p.Arg1275Gln	protein_coding	1275	TRUE	Hotspot	5
SJNBL096698	C1_WGS	ALK	ALK	chr2.29209798.C.T	SNV	Missense	p.R1275Q	R/Q	1275	missense_variant	NM_004304.5	ENST00000389048	1	0.371428571428571	13	35	ENST00000389048.8:c.3824G>A	ENSP00000373700.3:p.Arg1275Gln	protein_coding	1275	TRUE	Hotspot	5
SJNBL096705	C1_WGS	ALK	ALK	chr2.29220829.G.T	SNV	Missense	p.F1174L	F/L	1174	missense_variant	NM_004304.5	ENST00000389048	1	0.65	26	40	ENST00000389048.8:c.3522C>A	ENSP00000373700.3:p.Phe1174Leu	protein_coding	1174	TRUE	Hotspot	5
SJNBL096711	C1_WGS	ALK	ALK	chr2.29220829.G.T	SNV	Missense	p.F1174L	F/L	1174	missense_variant	NM_004304.5	ENST00000389048	1	0.775	31	40	ENST00000389048.8:c.3522C>A	ENSP00000373700.3:p.Phe1174Leu	protein_coding	1174	TRUE	Hotspot	5
SJNBL097481	C1_WGS	CTCF	CTCF	chr16.67620742.C.T	SNV	Missense	p.P378S	P/S	378	missense_variant	NM_006565.4	ENST00000264010	1	0.208333333333333	5	24	ENST00000264010.10:c.1132C>T	ENSP00000264010.4:p.Pro378Ser	protein_coding	378	FALSE	Missense_Other	4
SJNHL067335	C8_WGS	CTCF	CTCF	chr16.67637705.G.A	SNV	Missense	p.V673I	V/I	673	missense_variant	NM_006565.4	ENST00000264010	1	0.1375	11	80	ENST00000264010.10:c.2017G>A	ENSP00000264010.4:p.Val673Ile	protein_coding	673	FALSE	Missense_Other	4
SJNHL067335	C8_WGS	CTCF	CTCF	chr16.67611202.G.T	SNV	Missense	p.V124L	V/L	124	missense_variant	NM_006565.4	ENST00000264010	1	0.1	7	70	ENST00000264010.10:c.370G>T	ENSP00000264010.4:p.Val124Leu	protein_coding	124	FALSE	Missense_Other	4
SJNHL067335	C8_WGS	KIT	KIT	chr4.54698476.G.A	SNV	Missense	p.R177H	R/H	177	missense_variant	NM_000222.3	ENST00000288135	1	0.566037735849057	30	53	ENST00000288135.6:c.530G>A	ENSP00000288135.6:p.Arg177His	protein_coding	177	FALSE	Missense_Other	4
SJNHL067335	C8_WGS	PIK3CA	PIK3CA	chr3.179218305.G.T	SNV	Missense	p.E545D	E/D	545	missense_variant	NM_006218.4	ENST00000263967	1	0.492537313432836	33	67	ENST00000263967.4:c.1635G>T	ENSP00000263967.3:p.Glu545Asp	protein_coding	545	TRUE	Hotspot	5
SJNHL067335	C8_WGS	PIK3CA	PIK3CA	chr3.179230348.G.A	SNV	Missense	p.E970K	E/K	970	missense_variant	NM_006218.4	ENST00000263967	1	0.60655737704918	37	61	ENST00000263967.4:c.2908G>A	ENSP00000263967.3:p.Glu970Lys	protein_coding	970	FALSE	Missense_Other	4
SJNHL068303	C1_WGS	MYCN	MYCN	chr2.15942195.C.T	SNV	Missense	p.P44L	P/L	44	missense_variant	NM_005378.6	ENST00000281043	1	0.488888888888889	22	45	ENST00000281043.4:c.131C>T	ENSP00000281043.3:p.Pro44Leu	protein_coding	44	TRUE	Hotspot	5
SJNHL073624	C1_WGS	DDX3X	DDX3X	chrX.41344401.T.G	SNV	Splice	""	""		splice_donor_variant	NM_001356.5	ENST00000644876	1	1	21	21	ENST00000644876.2:c.1025+2T>G	""	protein_coding		FALSE	Truncating	2
SJNHL073624	C1_WGS	MYC	MYC	chr8.127738434.ACCC.ATTC	MNV	Missense	p.TP73IP	TP/IP	73	missense_variant	NM_002467.6	ENST00000621592	1	0.470588235294118	16	34	ENST00000621592.8:c.218_219delinsTT	ENSP00000478887.2:p.Thr73Ile	protein_coding	73	FALSE	Missense_Other	4
SJNHL073624	C1_WGS	MYC	MYC	chr8.127738435.C.T	SNV	Missense	p.T73I	T/I	73	missense_variant	NM_002467.6	ENST00000621592	1	0.464285714285714	13	28	ENST00000621592.8:c.218C>T	ENSP00000478887.2:p.Thr73Ile	protein_coding	73	FALSE	Missense_Other	4
SJNHL073624	C1_WGS	MYC	MYC	chr8.127738393.C.T	SNV	Missense	p.A59V	A/V	59	missense_variant	NM_002467.6	ENST00000621592	1	0.375	9	24	ENST00000621592.8:c.176C>T	ENSP00000478887.2:p.Ala59Val	protein_coding	59	FALSE	Missense_Other	4
SJNHL073624	C1_WGS	MYC	MYC	chr8.127738379.G.C	SNV	Missense	p.E54D	E/D	54	missense_variant	NM_002467.6	ENST00000621592	1	0.34375	11	32	ENST00000621592.8:c.162G>C	ENSP00000478887.2:p.Glu54Asp	protein_coding	54	FALSE	Missense_Other	4
SJNHL073624	C1_WGS	MYC	MYC	chr8.127738794.C.G	SNV	Missense	p.L193V	L/V	193	missense_variant	NM_002467.6	ENST00000621592	1	0.325581395348837	14	43	ENST00000621592.8:c.577C>G	ENSP00000478887.2:p.Leu193Val	protein_coding	193	FALSE	Missense_Other	4
SJNHL073624	C1_WGS	MYC	MYC	chr8.127738279.G.C	SNV	Missense	p.S21T	S/T	21	missense_variant	NM_002467.6	ENST00000621592	1	0.264705882352941	9	34	ENST00000621592.8:c.62G>C	ENSP00000478887.2:p.Ser21Thr	protein_coding	21	FALSE	Missense_Other	4
SJNHL073624	C1_WGS	MYC	MYC	chr8.127738266.C.T	SNV	Missense	p.P17S	P/S	17	missense_variant	NM_002467.6	ENST00000621592	1	0.236842105263158	9	38	ENST00000621592.8:c.49C>T	ENSP00000478887.2:p.Pro17Ser	protein_coding	17	FALSE	Missense_Other	4
SJNHL076230	C1_WGS	KRAS	KRAS	chr12.25245350.C.G	SNV	Missense	p.G12A	G/A	12	missense_variant	NM_004985.5	ENST00000311936	1	0.483870967741935	15	31	ENST00000311936.8:c.35G>C	ENSP00000308495.3:p.Gly12Ala	protein_coding	12	TRUE	Hotspot	5
SJNHL092573	C1_WGS	DDX3X	DDX3X	chrX.41345183.C.G	SNV	Nonsense	p.Y343*	Y/*	343	stop_gained	NM_001356.5	ENST00000644876	1	1	26	26	ENST00000644876.2:c.1029C>G	ENSP00000494040.1:p.Tyr343Ter	protein_coding	343	FALSE	Truncating	2
SJNHL092573	C1_WGS	MYC	MYC	chr8.127738435.C.T	SNV	Missense	p.T73I	T/I	73	missense_variant	NM_002467.6	ENST00000621592	1	0.488372093023256	21	43	ENST00000621592.8:c.218C>T	ENSP00000478887.2:p.Thr73Ile	protein_coding	73	FALSE	Missense_Other	4
SJNHL092573	C1_WGS	MYC	MYC	chr8.127738431.CCCACC.CACATC	MNV	Missense	p.PT72HI	PT/HI	72	missense_variant	NM_002467.6	ENST00000621592	1	0.470588235294118	24	51	ENST00000621592.8:c.215_218delinsACAT	ENSP00000478887.2:p.Pro72_Thr73delinsHisIle	protein_coding	72	FALSE	Missense_Other	4
SJNHL092596	C1_WGS	DDX3X	DDX3X	chrX.41339068.C.T	SNV	Nonsense	p.R46*	R/*	46	stop_gained	NM_001356.5	ENST00000644876	1	1	11	11	ENST00000644876.2:c.136C>T	ENSP00000494040.1:p.Arg46Ter	protein_coding	46	FALSE	Truncating	2
SJNHL092689	C1_WGS	CTCF	CTCF	chr16.67611442.AC.AAC	Indel	Frameshift	p.T204NX	T/NX	204	frameshift_variant	NM_006565.4	ENST00000264010	1	0.565217391304348	26	46	ENST00000264010.10:c.610dup	ENSP00000264010.4:p.Thr204AsnfsTer26	protein_coding	204	FALSE	Truncating	2
SJNHL092706	C1_WGS	MYC	MYC	chr8.127738346.G.T	SNV	Missense	p.E43D	E/D	43	missense_variant	NM_002467.6	ENST00000621592	1	0.525	21	40	ENST00000621592.8:c.129G>T	ENSP00000478887.2:p.Glu43Asp	protein_coding	43	FALSE	Missense_Other	4
SJNHL092706	C1_WGS	MYC	MYC	chr8.127738284.ACCAACAG.AG	Indel	InframeDel	p.TNR23R	TNR/R	23	inframe_deletion	NM_002467.6	ENST00000621592	1	0.424242424242424	14	33	ENST00000621592.8:c.68_73del	ENSP00000478887.2:p.Thr23_Asn24del	protein_coding	23	FALSE	InframeIndel	3
SJNHL092771	C1_WGS	DDX3X	DDX3X	chrX.41345223.T.G	SNV	Missense	p.F357V	F/V	357	missense_variant	NM_001356.5	ENST00000644876	1	1	17	17	ENST00000644876.2:c.1069T>G	ENSP00000494040.1:p.Phe357Val	protein_coding	357	FALSE	Missense_Other	4
SJNHL092796	C1_WGS	CTCF	CTCF	chr16.67611586.C.T	SNV	Missense	p.P252S	P/S	252	missense_variant	NM_006565.4	ENST00000264010	1	0.557692307692308	29	52	ENST00000264010.10:c.754C>T	ENSP00000264010.4:p.Pro252Ser	protein_coding	252	FALSE	Missense_Other	4
SJNHL092802	C1_WGS	DDX3X	DDX3X	chrX.41345194.A.T	SNV	Missense	p.D347V	D/V	347	missense_variant	NM_001356.5	ENST00000644876	1	0.583333333333333	21	36	ENST00000644876.2:c.1040A>T	ENSP00000494040.1:p.Asp347Val	protein_coding	347	FALSE	Missense_Other	4
SJNHL092805	C1_WGS	FGFR3	FGFR3	chr4.1804372.A.G	SNV	Missense	p.Y373C	Y/C	373	missense_variant	NM_000142.5	ENST00000440486	1	0.3	3	10	ENST00000440486.8:c.1118A>G	ENSP00000414914.2:p.Tyr373Cys	protein_coding	373	TRUE	Hotspot	5
SJNHL092812	C1_WGS	KRAS	KRAS	chr12.25245360.C.T	SNV	Missense	p.V9I	V/I	9	missense_variant	NM_004985.5	ENST00000311936	1	0.13953488372093	6	43	ENST00000311936.8:c.25G>A	ENSP00000308495.3:p.Val9Ile	protein_coding	9	FALSE	Missense_Other	4
SJNHL092812	C1_WGS	MYC	MYC	chr8.127738495.C.G	SNV	Missense	p.T93R	T/R	93	missense_variant	NM_002467.6	ENST00000621592	1	0.372093023255814	16	43	ENST00000621592.8:c.278C>G	ENSP00000478887.2:p.Thr93Arg	protein_coding	93	FALSE	Missense_Other	4
SJNHL092820	C1_WGS	KRAS	KRAS	chr12.25245351.C.T	SNV	Missense	p.G12S	G/S	12	missense_variant	NM_004985.5	ENST00000311936	1	1	44	44	ENST00000311936.8:c.34G>A	ENSP00000308495.3:p.Gly12Ser	protein_coding	12	TRUE	Hotspot	5
SJNHL092820	C1_WGS	PTPN11	PTPN11	chr12.112489081.C.T	SNV	Missense	p.S502L	S/L	502	missense_variant	NM_002834.5	ENST00000351677	1	0.430769230769231	28	65	ENST00000351677.7:c.1505C>T	ENSP00000340944.3:p.Ser502Leu	protein_coding	502	FALSE	Missense_Other	4
SJNHL092868	C1_WGS	DDX3X	DDX3X	chrX.41346336.C.T	SNV	Missense	p.R475C	R/C	475	missense_variant	NM_001356.5	ENST00000644876	1	1	24	24	ENST00000644876.2:c.1423C>T	ENSP00000494040.1:p.Arg475Cys	protein_coding	475	FALSE	Missense_Other	4
SJNHL093046	C1_WGS	CCND2	CCND2	chr12.4299932.C.T	SNV	Nonsense	p.Q265*	Q/*	265	stop_gained	NM_001759.4	ENST00000261254	1	0.227272727272727	5	22	ENST00000261254.8:c.793C>T	ENSP00000261254.3:p.Gln265Ter	protein_coding	265	FALSE	Truncating	2
SJNHL093046	C1_WGS	KRAS	KRAS	chr12.25245350.C.G	SNV	Missense	p.G12A	G/A	12	missense_variant	NM_004985.5	ENST00000311936	1	0.758620689655172	22	29	ENST00000311936.8:c.35G>C	ENSP00000308495.3:p.Gly12Ala	protein_coding	12	TRUE	Hotspot	5
SJNHL093119	C1_WGS	DDX3X	DDX3X	chrX.41346328.A.T	SNV	Missense	p.H472L	H/L	472	missense_variant	NM_001356.5	ENST00000644876	1	1	12	12	ENST00000644876.2:c.1415A>T	ENSP00000494040.1:p.His472Leu	protein_coding	472	FALSE	Missense_Other	4
SJNHL093200	C1_WGS	FOXO1	FOXO1	chr13.40666151.C.A	SNV	Missense	p.R21L	R/L	21	missense_variant	NM_002015.4	ENST00000379561	1	0.678571428571429	19	28	ENST00000379561.6:c.62G>T	ENSP00000368880.4:p.Arg21Leu	protein_coding	21	FALSE	Missense_Other	4
SJNHL093200	C1_WGS	FOXO1	FOXO1	chr13.40666089.G.A	SNV	Missense	p.P42S	P/S	42	missense_variant	NM_002015.4	ENST00000379561	1	0.388888888888889	14	36	ENST00000379561.6:c.124C>T	ENSP00000368880.4:p.Pro42Ser	protein_coding	42	FALSE	Missense_Other	4
SJNHL093200	C1_WGS	FOXO1	FOXO1	chr13.40666149.A.G	SNV	Missense	p.S22P	S/P	22	missense_variant	NM_002015.4	ENST00000379561	1	0.321428571428571	9	28	ENST00000379561.6:c.64T>C	ENSP00000368880.4:p.Ser22Pro	protein_coding	22	FALSE	Missense_Other	4
SJNHL093200	C1_WGS	MYC	MYC	chr8.127738440.C.G	SNV	Missense	p.P75A	P/A	75	missense_variant	NM_002467.6	ENST00000621592	1	0.476190476190476	20	42	ENST00000621592.8:c.223C>G	ENSP00000478887.2:p.Pro75Ala	protein_coding	75	FALSE	Missense_Other	4
SJNHL093210	C1_WGS	ERG	ERG	chr21.38403558.GGT.GT	Indel	Frameshift	p.T180X	T/X	180	frameshift_variant	NM_182918.4	ENST00000288319	1	0.0967741935483871	6	62	ENST00000288319.12:c.543del	ENSP00000288319.7:p.Ser182AlafsTer22	protein_coding	180	FALSE	Truncating	2
SJNHL093240	C1_WGS	FGFR3	FGFR3	chr4.1806162.A.G	SNV	Missense	p.K650E	K/E	650	missense_variant	NM_000142.5	ENST00000440486	1	0.5	20	40	ENST00000440486.8:c.1948A>G	ENSP00000414914.2:p.Lys650Glu	protein_coding	650	TRUE	Hotspot	5
SJNHL093240	C1_WGS	FGFR3	FGFR3	chr4.1806161.GAAGACGA.GGAGACAA	MNV	Missense	p.KKTT649KETT	KKTT/KETT	649	missense_variant	NM_000142.5	ENST00000440486	1	1	26	26	ENST00000440486.8:c.1948_1953delinsGAGACA	ENSP00000414914.2:p.Lys650Glu	protein_coding	649	FALSE	Missense_Other	4
SJNHL093293	C1_WGS	PIK3CA	PIK3CA	chr3.179218303.G.A	SNV	Missense	p.E545K	E/K	545	missense_variant	NM_006218.4	ENST00000263967	1	0.3125	25	80	ENST00000263967.4:c.1633G>A	ENSP00000263967.3:p.Glu545Lys	protein_coding	545	TRUE	Hotspot	5
SJNKCLL064621	C1_WGS	DDX3X	DDX3X	chrX.41347349.C.T	SNV	Nonsense	p.R603*	R/*	603	stop_gained	NM_001356.5	ENST00000644876	1	1	26	26	ENST00000644876.2:c.1807C>T	ENSP00000494040.1:p.Arg603Ter	protein_coding	603	FALSE	Truncating	2
SJNKCLL064621	C1B_WGS	DDX3X	DDX3X	chrX.41347349.C.T	SNV	Nonsense	p.R603*	R/*	603	stop_gained	NM_001356.5	ENST00000644876	1	1	12	12	ENST00000644876.2:c.1807C>T	ENSP00000494040.1:p.Arg603Ter	protein_coding	603	FALSE	Truncating	2
SJNKCLL064621	C1_WGS	IDH1	IDH1	chr2.208248388.C.T	SNV	Missense	p.R132H	R/H	132	missense_variant	NM_005896.4	ENST00000345146	1	1	34	34	ENST00000345146.7:c.395G>A	ENSP00000260985.2:p.Arg132His	protein_coding	132	TRUE	Hotspot	5
SJNKCLL064621	C1_WGS	PPM1D	PPM1D	chr17.60663441.CTCACAGCGAAAGAACTCTGTTAAA.CA	Indel	Frameshift	p.SQRKNSVK570X	SQRKNSVK/X	570	frameshift_variant	NM_003620.4	ENST00000305921	1	0.520833333333333	25	48	ENST00000305921.8:c.1708_1730del	ENSP00000306682.2:p.Ser570ThrfsTer8	protein_coding	570	FALSE	Truncating	2
SJNKCLL064622	C1_WGS	KRAS	KRAS	chr12.25245350.C.G	SNV	Missense	p.G12A	G/A	12	missense_variant	NM_004985.5	ENST00000311936	1	0.565217391304348	26	46	ENST00000311936.8:c.35G>C	ENSP00000308495.3:p.Gly12Ala	protein_coding	12	TRUE	Hotspot	5
SJNKCLL064622	C1B_WGS	KRAS	KRAS	chr12.25245350.C.G	SNV	Missense	p.G12A	G/A	12	missense_variant	NM_004985.5	ENST00000311936	1	0.5	13	26	ENST00000311936.8:c.35G>C	ENSP00000308495.3:p.Gly12Ala	protein_coding	12	TRUE	Hotspot	5
SJNORM093041	C1_WGS	KRAS	KRAS	chr12.25245358.AA.AGCTCCAA	Indel	InframeIns	p.V9VGA	V/VGA	9	inframe_insertion	NM_004985.5	ENST00000311936	1	1	32	32	ENST00000311936.8:c.30_35dup	ENSP00000308495.3:p.Gly13_Val14insAlaGly	protein_coding	9	FALSE	InframeIndel	3
SJNORM093044	C1_WGS	KRAS	KRAS	chr12.25225628.C.G	SNV	Missense	p.A146P	A/P	146	missense_variant	NM_004985.5	ENST00000311936	1	0.41025641025641	16	39	ENST00000311936.8:c.436G>C	ENSP00000308495.3:p.Ala146Pro	protein_coding	146	TRUE	Hotspot	5
SJNORM093044	C1_WGS	KRAS	KRAS	chr12.25245358.AA.AGCTCCAA	Indel	InframeIns	p.V9VGA	V/VGA	9	inframe_insertion	NM_004985.5	ENST00000311936	1	0.5	17	34	ENST00000311936.8:c.30_35dup	ENSP00000308495.3:p.Gly13_Val14insAlaGly	protein_coding	9	FALSE	InframeIndel	3
SJNORM093045	C1_WGS	KRAS	KRAS	chr12.25245358.AA.AGCTCCAA	Indel	InframeIns	p.V9VGA	V/VGA	9	inframe_insertion	NM_004985.5	ENST00000311936	1	0.5	10	20	ENST00000311936.8:c.30_35dup	ENSP00000308495.3:p.Gly13_Val14insAlaGly	protein_coding	9	FALSE	InframeIndel	3
SJNSCLC093319	C1_WGS	KRAS	KRAS	chr12.25245350.C.A	SNV	Missense	p.G12V	G/V	12	missense_variant	NM_004985.5	ENST00000311936	1	0.830409356725146	142	171	ENST00000311936.8:c.35G>T	ENSP00000308495.3:p.Gly12Val	protein_coding	12	TRUE	Hotspot	5
SJOS048100	C5_WGS	CTNNB1	CTNNB1	chr3.41235723.G.A	SNV	Splice	""	""		splice_acceptor_variant	NM_001904.4	ENST00000349496	1	0.411764705882353	14	34	ENST00000349496.11:c.1684-1G>A	""	protein_coding		FALSE	Truncating	2
SJOS048100	C4_WGS	H3F3A	H3F3A	chr1.226064456.GGT.GTTTCT	Indel	InframeOther	p.V36FL	V/FL	36	protein_altering_variant	NM_002107.7	ENST00000366815	1	0.894736842105263	17	19	ENST00000366815.10:c.106delinsTTTC	ENSP00000355780.3:p.Val36delinsPheLeu	protein_coding	36	FALSE	InframeIndel	3
SJOS048100	C4B_WGS	H3F3A	H3F3A	chr1.226064456.GGT.GTTTCT	Indel	InframeOther	p.V36FL	V/FL	36	protein_altering_variant	NM_002107.7	ENST00000366815	1	0.894736842105263	17	19	ENST00000366815.10:c.106delinsTTTC	ENSP00000355780.3:p.Val36delinsPheLeu	protein_coding	36	FALSE	InframeIndel	3
SJOS048100	C5_WGS	H3F3A	H3F3A	chr1.226064456.GGT.GTTTCT	Indel	InframeOther	p.V36FL	V/FL	36	protein_altering_variant	NM_002107.7	ENST00000366815	1	0.657894736842105	25	38	ENST00000366815.10:c.106delinsTTTC	ENSP00000355780.3:p.Val36delinsPheLeu	protein_coding	36	FALSE	InframeIndel	3
SJOS048100	C5_WGS	PPM1D	PPM1D	chr17.60663106.C.T	SNV	Nonsense	p.R458*	R/*	458	stop_gained	NM_003620.4	ENST00000305921	1	0.590361445783133	49	83	ENST00000305921.8:c.1372C>T	ENSP00000306682.2:p.Arg458Ter	protein_coding	458	TRUE	Truncating	2
SJOS048100	C4B_WGS	PPM1D	PPM1D	chr17.60663106.C.T	SNV	Nonsense	p.R458*	R/*	458	stop_gained	NM_003620.4	ENST00000305921	1	0.46	23	50	ENST00000305921.8:c.1372C>T	ENSP00000306682.2:p.Arg458Ter	protein_coding	458	TRUE	Truncating	2
SJOS048100	C4_WGS	PPM1D	PPM1D	chr17.60663106.C.T	SNV	Nonsense	p.R458*	R/*	458	stop_gained	NM_003620.4	ENST00000305921	1	0.450980392156863	23	51	ENST00000305921.8:c.1372C>T	ENSP00000306682.2:p.Arg458Ter	protein_coding	458	TRUE	Truncating	2
SJOS080407	C1_WGS	KRAS	KRAS	chr12.25227341.T.A	SNV	Missense	p.Q61H	Q/H	61	missense_variant	NM_004985.5	ENST00000311936	1	0.048780487804878	2	41	ENST00000311936.8:c.183A>T	ENSP00000308495.3:p.Gln61His	protein_coding	61	TRUE	Hotspot	5
SJOS080407	C1B_WGS	KRAS	KRAS	chr12.25227341.T.A	SNV	Missense	p.Q61H	Q/H	61	missense_variant	NM_004985.5	ENST00000311936	1	0.048780487804878	2	41	ENST00000311936.8:c.183A>T	ENSP00000308495.3:p.Gln61His	protein_coding	61	TRUE	Hotspot	5
SJOS080410	C1_WGS	KRAS	KRAS	chr12.25227349.C.T	SNV	Missense	p.A59T	A/T	59	missense_variant	NM_004985.5	ENST00000311936	1	0.147058823529412	5	34	ENST00000311936.8:c.175G>A	ENSP00000308495.3:p.Ala59Thr	protein_coding	59	FALSE	Missense_Other	4
SJOS080410	C1B_WGS	KRAS	KRAS	chr12.25227349.C.T	SNV	Missense	p.A59T	A/T	59	missense_variant	NM_004985.5	ENST00000311936	1	0	0	5	ENST00000311936.8:c.175G>A	ENSP00000308495.3:p.Ala59Thr	protein_coding	59	FALSE	Missense_Other	4
SJOS080749	C1_WGS	PPM1D	PPM1D	chr17.60600556.C.T	SNV	Missense	p.P48S	P/S	48	missense_variant	NM_003620.4	ENST00000305921	1	0.5	18	36	ENST00000305921.8:c.142C>T	ENSP00000306682.2:p.Pro48Ser	protein_coding	48	FALSE	Missense_Other	4
SJOS080749	C2_WGS	PPM1D	PPM1D	chr17.60600556.C.T	SNV	Missense	p.P48S	P/S	48	missense_variant	NM_003620.4	ENST00000305921	1	0.358490566037736	19	53	ENST00000305921.8:c.142C>T	ENSP00000306682.2:p.Pro48Ser	protein_coding	48	FALSE	Missense_Other	4
SJOS092604	C2_WGS	CTNNB1	CTNNB1	chr3.41224611.TGGA.TTTA	MNV	Missense	p.SG33SL	SG/SL	33	missense_variant	NM_001904.4	ENST00000349496	1	0.666666666666667	32	48	ENST00000349496.11:c.100_101delinsTT	ENSP00000344456.5:p.Gly34Leu	protein_coding	33	TRUE	Hotspot	5
SJOS094066	C1_WGS	H3F3A	H3F3A	chr1.226064454.G.T	SNV	Missense	p.G35W	G/W	35	missense_variant	NM_002107.7	ENST00000366815	1	0.5	15	30	ENST00000366815.10:c.103G>T	ENSP00000355780.3:p.Gly35Trp	protein_coding	35	TRUE	Hotspot	5
SJOS096707	C1_WGS	PIK3CA	PIK3CA	chr3.179234297.A.G	SNV	Missense	p.H1047R	H/R	1047	missense_variant	NM_006218.4	ENST00000263967	1	0.465116279069767	20	43	ENST00000263967.4:c.3140A>G	ENSP00000263967.3:p.His1047Arg	protein_coding	1047	TRUE	Hotspot	5
SJPML064609	C1_WGS	FGFR3	FGFR3	chr4.1801841.C.T	SNV	Missense	p.S249F	S/F	249	missense_variant	NM_000142.5	ENST00000440486	1	0.448275862068966	26	58	ENST00000440486.8:c.746C>T	ENSP00000414914.2:p.Ser249Phe	protein_coding	249	TRUE	Hotspot	5
SJPML064609	C1B_WGS	KRAS	KRAS	chr12.25245332.G.T	SNV	Missense	p.A18D	A/D	18	missense_variant	NM_004985.5	ENST00000311936	1	0.786666666666667	59	75	ENST00000311936.8:c.53C>A	ENSP00000308495.3:p.Ala18Asp	protein_coding	18	FALSE	Missense_Other	4
SJPML064609	C1_WGS	KRAS	KRAS	chr12.25245332.G.T	SNV	Missense	p.A18D	A/D	18	missense_variant	NM_004985.5	ENST00000311936	1	0.739130434782609	51	69	ENST00000311936.8:c.53C>A	ENSP00000308495.3:p.Ala18Asp	protein_coding	18	FALSE	Missense_Other	4
SJPRAD092693	C1_WGS	BRAF	BRAF	chr7.140753345.A.C	SNV	Missense	p.L597R	L/R	597	missense_variant	NM_004333.6	ENST00000646891	1	0.3	6	20	ENST00000646891.2:c.1790T>G	ENSP00000493543.1:p.Leu597Arg	protein_coding	597	TRUE	Hotspot	5
SJPRAD092693	C1_WGS	PIK3CA	PIK3CA	chr3.179218307.A.G	SNV	Missense	p.Q546R	Q/R	546	missense_variant	NM_006218.4	ENST00000263967	1	0.6	12	20	ENST00000263967.4:c.1637A>G	ENSP00000263967.3:p.Gln546Arg	protein_coding	546	TRUE	Hotspot	5
SJPRAD092854	C1_WGS	MYC	MYC	chr8.127738351.A.G	SNV	Missense	p.N45S	N/S	45	missense_variant	NM_002467.6	ENST00000621592	1	0.558823529411765	19	34	ENST00000621592.8:c.134A>G	ENSP00000478887.2:p.Asn45Ser	protein_coding	45	FALSE	Missense_Other	4
SJRCC092640	C1_WGS	PIK3CA	PIK3CA	chr3.179218303.G.A	SNV	Missense	p.E545K	E/K	545	missense_variant	NM_006218.4	ENST00000263967	1	0.588235294117647	20	34	ENST00000263967.4:c.1633G>A	ENSP00000263967.3:p.Glu545Lys	protein_coding	545	TRUE	Hotspot	5
SJRHB096732	C1_WGS	PIK3CA	PIK3CA	chr3.179234297.A.G	SNV	Missense	p.H1047R	H/R	1047	missense_variant	NM_006218.4	ENST00000263967	1	0.379310344827586	11	29	ENST00000263967.4:c.3140A>G	ENSP00000263967.3:p.His1047Arg	protein_coding	1047	TRUE	Hotspot	5
SJSCLC080460	C2_WGS	CTNNB1	CTNNB1	chr3.41224529.A.G	SNV	Missense	p.D6G	D/G	6	missense_variant	NM_001904.4	ENST00000349496	1	1	15	15	ENST00000349496.11:c.17A>G	ENSP00000344456.5:p.Asp6Gly	protein_coding	6	FALSE	Missense_Other	4
SJSCLC092675	C1_WGS	KRAS	KRAS	chr12.25245350.C.A	SNV	Missense	p.G12V	G/V	12	missense_variant	NM_004985.5	ENST00000311936	1	1	31	31	ENST00000311936.8:c.35G>T	ENSP00000308495.3:p.Gly12Val	protein_coding	12	TRUE	Hotspot	5
SJSCLC092916	C1_WGS	PIK3CA	PIK3CA	chr3.179234297.A.G	SNV	Missense	p.H1047R	H/R	1047	missense_variant	NM_006218.4	ENST00000263967	1	0.5	6	12	ENST00000263967.4:c.3140A>G	ENSP00000263967.3:p.His1047Arg	protein_coding	1047	TRUE	Hotspot	5
SJSCLC092916	C1_WGS	PIK3CA	PIK3CA	chr3.179199157.A.G	SNV	Missense	p.K111R	K/R	111	missense_variant	NM_006218.4	ENST00000263967	1	0.347826086956522	8	23	ENST00000263967.4:c.332A>G	ENSP00000263967.3:p.Lys111Arg	protein_coding	111	FALSE	Missense_Other	4
SJSCLC092916	C1_WGS	PPM1D	PPM1D	chr17.60656605.C.T	SNV	Missense	p.H342Y	H/Y	342	missense_variant	NM_003620.4	ENST00000305921	1	0.833333333333333	10	12	ENST00000305921.8:c.1024C>T	ENSP00000306682.2:p.His342Tyr	protein_coding	342	FALSE	Missense_Other	4
SJSCLC092918	C1_WGS	DDX3X	DDX3X	chrX.41344043.A.G	SNV	Missense	p.Y260C	Y/C	260	missense_variant	NM_001356.5	ENST00000644876	1	1	19	19	ENST00000644876.2:c.779A>G	ENSP00000494040.1:p.Tyr260Cys	protein_coding	260	FALSE	Missense_Other	4
SJSCLC092946	C1_WGS	PTPN11	PTPN11	chr12.112450407.A.G	SNV	Missense	p.E76G	E/G	76	missense_variant	NM_002834.5	ENST00000351677	1	0.291666666666667	21	72	ENST00000351677.7:c.227A>G	ENSP00000340944.3:p.Glu76Gly	protein_coding	76	TRUE	Hotspot	5
SJSCLC092954	C1_WGS	CTCF	CTCF	chr16.67611511.G.T	SNV	Missense	p.D227Y	D/Y	227	missense_variant	NM_006565.4	ENST00000264010	1	1	37	37	ENST00000264010.10:c.679G>T	ENSP00000264010.4:p.Asp227Tyr	protein_coding	227	FALSE	Missense_Other	4
SJSCLC092977	C1_WGS	MYC	MYC	chr8.127738585.G.A	SNV	Missense	p.G123E	G/E	123	missense_variant	NM_002467.6	ENST00000621592	1	0.526315789473684	20	38	ENST00000621592.8:c.368G>A	ENSP00000478887.2:p.Gly123Glu	protein_coding	123	FALSE	Missense_Other	4
SJSCLC092977	C1_WGS	PIK3CA	PIK3CA	chr3.179199141.GGCAACCGTGA.GA	Indel	InframeDel	p.GNRE106E	GNRE/E	106	inframe_deletion	NM_006218.4	ENST00000263967	1	0.394736842105263	15	38	ENST00000263967.4:c.317_325del	ENSP00000263967.3:p.Gly106_Arg108del	protein_coding	106	FALSE	InframeIndel	3
SJSCLC093065	C1_WGS	KRAS	KRAS	chr12.25245350.C.A	SNV	Missense	p.G12V	G/V	12	missense_variant	NM_004985.5	ENST00000311936	1	1	36	36	ENST00000311936.8:c.35G>T	ENSP00000308495.3:p.Gly12Val	protein_coding	12	TRUE	Hotspot	5
SJSCLC093276	C1_WGS	PIK3CA	PIK3CA	chr3.179218294.G.A	SNV	Missense	p.E542K	E/K	542	missense_variant	NM_006218.4	ENST00000263967	1	0.833333333333333	10	12	ENST00000263967.4:c.1624G>A	ENSP00000263967.3:p.Glu542Lys	protein_coding	542	TRUE	Hotspot	5
SJSS092604	C1_WGS	CTNNB1	CTNNB1	chr3.41224613.G.T	SNV	Missense	p.G34V	G/V	34	missense_variant	NM_001904.4	ENST00000349496	1	0.681818181818182	30	44	ENST00000349496.11:c.101G>T	ENSP00000344456.5:p.Gly34Val	protein_coding	34	TRUE	Hotspot	5
SJSS092604	C1_WGS	CTNNB1	CTNNB1	chr3.41224611.TGGA.TTTA	MNV	Missense	p.SG33SL	SG/SL	33	missense_variant	NM_001904.4	ENST00000349496	1	0.666666666666667	32	48	ENST00000349496.11:c.100_101delinsTT	ENSP00000344456.5:p.Gly34Leu	protein_coding	33	TRUE	Hotspot	5
SJST047885	C1_WGS	KRAS	KRAS	chr12.25245351.C.A	SNV	Missense	p.G12C	G/C	12	missense_variant	NM_004985.5	ENST00000311936	1	1	51	51	ENST00000311936.8:c.34G>T	ENSP00000308495.3:p.Gly12Cys	protein_coding	12	TRUE	Hotspot	5
SJST080351	C3_WGS	CTCF	CTCF	chr16.67611442.AC.AAC	Indel	Frameshift	p.T204NX	T/NX	204	frameshift_variant	NM_006565.4	ENST00000264010	1	0.454545454545455	10	22	ENST00000264010.10:c.610dup	ENSP00000264010.4:p.Thr204AsnfsTer26	protein_coding	204	FALSE	Truncating	2
SJST080351	C2_WGS	CTCF	CTCF	chr16.67611442.AC.AAC	Indel	Frameshift	p.T204NX	T/NX	204	frameshift_variant	NM_006565.4	ENST00000264010	1	0.375	9	24	ENST00000264010.10:c.610dup	ENSP00000264010.4:p.Thr204AsnfsTer26	protein_coding	204	FALSE	Truncating	2
SJST080351	C2_WGS	FGFR2	FGFR2	chr10.121498520.A.C	SNV	Missense	p.N549K	N/K	549	missense_variant	NM_000141.5	ENST00000358487	1	1	33	33	ENST00000358487.10:c.1647T>G	ENSP00000351276.6:p.Asn549Lys	protein_coding	549	TRUE	Hotspot	5
SJST080351	C3_WGS	FGFR2	FGFR2	chr10.121498520.A.C	SNV	Missense	p.N549K	N/K	549	missense_variant	NM_000141.5	ENST00000358487	1	1	33	33	ENST00000358487.10:c.1647T>G	ENSP00000351276.6:p.Asn549Lys	protein_coding	549	TRUE	Hotspot	5
SJST080355	C1_WGS	KRAS	KRAS	chr12.25245350.C.T	SNV	Missense	p.G12D	G/D	12	missense_variant	NM_004985.5	ENST00000311936	1	0.525	21	40	ENST00000311936.8:c.35G>A	ENSP00000308495.3:p.Gly12Asp	protein_coding	12	TRUE	Hotspot	5
SJST080355	C2_WGS	KRAS	KRAS	chr12.25245350.C.T	SNV	Missense	p.G12D	G/D	12	missense_variant	NM_004985.5	ENST00000311936	1	0.525	21	40	ENST00000311936.8:c.35G>A	ENSP00000308495.3:p.Gly12Asp	protein_coding	12	TRUE	Hotspot	5
SJST080358	C2_WGS	MYC	MYC	chr8.127738585.G.A	SNV	Missense	p.G123E	G/E	123	missense_variant	NM_002467.6	ENST00000621592	1	0.48780487804878	20	41	ENST00000621592.8:c.368G>A	ENSP00000478887.2:p.Gly123Glu	protein_coding	123	FALSE	Missense_Other	4
SJST080358	C2_WGS	PIK3CA	PIK3CA	chr3.179199141.GGCAACCGTGA.GA	Indel	InframeDel	p.GNRE106E	GNRE/E	106	inframe_deletion	NM_006218.4	ENST00000263967	1	0.411764705882353	14	34	ENST00000263967.4:c.317_325del	ENSP00000263967.3:p.Gly106_Arg108del	protein_coding	106	FALSE	InframeIndel	3
SJST080457	C2_WGS	BRAF	BRAF	chr7.140753336.A.T	SNV	Missense	p.V600E	V/E	600	missense_variant	NM_004333.6	ENST00000646891	1	0.540983606557377	33	61	ENST00000646891.2:c.1799T>A	ENSP00000493543.1:p.Val600Glu	protein_coding	600	TRUE	Hotspot	5
SJST092639	C1_WGS	BRAF	BRAF	chr7.140753336.A.T	SNV	Missense	p.V600E	V/E	600	missense_variant	NM_004333.6	ENST00000646891	1	1	24	24	ENST00000646891.2:c.1799T>A	ENSP00000493543.1:p.Val600Glu	protein_coding	600	TRUE	Hotspot	5
SJST092665	C1_WGS	KRAS	KRAS	chr12.25245350.C.A	SNV	Missense	p.G12V	G/V	12	missense_variant	NM_004985.5	ENST00000311936	1	1	23	23	ENST00000311936.8:c.35G>T	ENSP00000308495.3:p.Gly12Val	protein_coding	12	TRUE	Hotspot	5
SJST092670	C1_WGS	KRAS	KRAS	chr12.25245350.C.T	SNV	Missense	p.G12D	G/D	12	missense_variant	NM_004985.5	ENST00000311936	1	1	56	56	ENST00000311936.8:c.35G>A	ENSP00000308495.3:p.Gly12Asp	protein_coding	12	TRUE	Hotspot	5
SJST092682	C1_WGS	KRAS	KRAS	chr12.25245350.C.A	SNV	Missense	p.G12V	G/V	12	missense_variant	NM_004985.5	ENST00000311936	1	1	498	498	ENST00000311936.8:c.35G>T	ENSP00000308495.3:p.Gly12Val	protein_coding	12	TRUE	Hotspot	5
SJST092694	C1_WGS	CTCF	CTCF	chr16.67611442.AC.AAC	Indel	Frameshift	p.T204NX	T/NX	204	frameshift_variant	NM_006565.4	ENST00000264010	1	0.513513513513513	19	37	ENST00000264010.10:c.610dup	ENSP00000264010.4:p.Thr204AsnfsTer26	protein_coding	204	FALSE	Truncating	2
SJST092694	C1_WGS	CTCF	CTCF	chr16.67637757.AAG.AG	Indel	Frameshift	p.K690X	K/X	690	frameshift_variant	NM_006565.4	ENST00000264010	1	0.384615384615385	10	26	ENST00000264010.10:c.2070del	ENSP00000264010.4:p.Glu691SerfsTer30	protein_coding	690	FALSE	Truncating	2
SJST092696	C1_WGS	BRAF	BRAF	chr7.140753336.A.T	SNV	Missense	p.V600E	V/E	600	missense_variant	NM_004333.6	ENST00000646891	1	0.592592592592593	16	27	ENST00000646891.2:c.1799T>A	ENSP00000493543.1:p.Val600Glu	protein_coding	600	TRUE	Hotspot	5
SJST092697	C1_WGS	BRAF	BRAF	chr7.140753336.A.T	SNV	Missense	p.V600E	V/E	600	missense_variant	NM_004333.6	ENST00000646891	1	1	23	23	ENST00000646891.2:c.1799T>A	ENSP00000493543.1:p.Val600Glu	protein_coding	600	TRUE	Hotspot	5
SJST092704	C1_WGS	PIK3CA	PIK3CA	chr3.179204536.G.A	SNV	Missense	p.E365K	E/K	365	missense_variant	NM_006218.4	ENST00000263967	1	0.484848484848485	16	33	ENST00000263967.4:c.1093G>A	ENSP00000263967.3:p.Glu365Lys	protein_coding	365	FALSE	Missense_Other	4
SJST092708	C1_WGS	CTNNB1	CTNNB1	chr3.41224613.G.A	SNV	Missense	p.G34E	G/E	34	missense_variant	NM_001904.4	ENST00000349496	1	0.653846153846154	17	26	ENST00000349496.11:c.101G>A	ENSP00000344456.5:p.Gly34Glu	protein_coding	34	TRUE	Hotspot	5
SJST092708	C1_WGS	KRAS	KRAS	chr12.25245350.C.T	SNV	Missense	p.G12D	G/D	12	missense_variant	NM_004985.5	ENST00000311936	1	0.40625	13	32	ENST00000311936.8:c.35G>A	ENSP00000308495.3:p.Gly12Asp	protein_coding	12	TRUE	Hotspot	5
SJST092708	C1_WGS	PIK3CA	PIK3CA	chr3.179218304.A.C	SNV	Missense	p.E545A	E/A	545	missense_variant	NM_006218.4	ENST00000263967	1	0.615384615384615	8	13	ENST00000263967.4:c.1634A>C	ENSP00000263967.3:p.Glu545Ala	protein_coding	545	TRUE	Hotspot	5
SJST092708	C1_WGS	PIK3CA	PIK3CA	chr3.179210291.G.A	SNV	Missense	p.E453K	E/K	453	missense_variant	NM_006218.4	ENST00000263967	1	0.458333333333333	11	24	ENST00000263967.4:c.1357G>A	ENSP00000263967.3:p.Glu453Lys	protein_coding	453	FALSE	Missense_Other	4
SJST092740	C1_WGS	KRAS	KRAS	chr12.25245350.C.T	SNV	Missense	p.G12D	G/D	12	missense_variant	NM_004985.5	ENST00000311936	1	0.46875	15	32	ENST00000311936.8:c.35G>A	ENSP00000308495.3:p.Gly12Asp	protein_coding	12	TRUE	Hotspot	5
SJST092740	C1_WGS	PIK3CA	PIK3CA	chr3.179234302.G.C	SNV	Missense	p.G1049R	G/R	1049	missense_variant	NM_006218.4	ENST00000263967	1	0.660714285714286	37	56	ENST00000263967.4:c.3145G>C	ENSP00000263967.3:p.Gly1049Arg	protein_coding	1049	FALSE	Missense_Other	4
SJST092740	C1_WGS	PPM1D	PPM1D	chr17.60656801.G.A	SNV	Missense	p.C407Y	C/Y	407	missense_variant	NM_003620.4	ENST00000305921	1	0.235294117647059	12	51	ENST00000305921.8:c.1220G>A	ENSP00000306682.2:p.Cys407Tyr	protein_coding	407	FALSE	Missense_Other	4
SJST092741	C1_WGS	CTCF	CTCF	chr16.67637762.C.T	SNV	Missense	p.P692S	P/S	692	missense_variant	NM_006565.4	ENST00000264010	1	0.694444444444444	25	36	ENST00000264010.10:c.2074C>T	ENSP00000264010.4:p.Pro692Ser	protein_coding	692	FALSE	Missense_Other	4
SJST092741	C1_WGS	DDX3X	DDX3X	chrX.41346578.A.C	SNV	Missense	p.E524A	E/A	524	missense_variant	NM_001356.5	ENST00000644876	1	1	22	22	ENST00000644876.2:c.1571A>C	ENSP00000494040.1:p.Glu524Ala	protein_coding	524	FALSE	Missense_Other	4
SJST092741	C1_WGS	PIK3CA	PIK3CA	chr3.179234286.G.T	SNV	Missense	p.M1043I	M/I	1043	missense_variant	NM_006218.4	ENST00000263967	1	0.441176470588235	30	68	ENST00000263967.4:c.3129G>T	ENSP00000263967.3:p.Met1043Ile	protein_coding	1043	TRUE	Hotspot	5
SJST092742	C1_WGS	CTCF	CTCF	chr16.67616808.G.A	SNV	Missense	p.R339Q	R/Q	339	missense_variant	NM_006565.4	ENST00000264010	1	0.485714285714286	17	35	ENST00000264010.10:c.1016G>A	ENSP00000264010.4:p.Arg339Gln	protein_coding	339	FALSE	Missense_Other	4
SJST092742	C1_WGS	CTNNB1	CTNNB1	chr3.41224607.A.T	SNV	Missense	p.D32V	D/V	32	missense_variant	NM_001904.4	ENST00000349496	1	0.758620689655172	22	29	ENST00000349496.11:c.95A>T	ENSP00000344456.5:p.Asp32Val	protein_coding	32	TRUE	Hotspot	5
SJST092742	C1_WGS	DDX3X	DDX3X	chrX.41345545.A.G	SNV	Missense	p.T438A	T/A	438	missense_variant	NM_001356.5	ENST00000644876	1	0.552631578947368	21	38	ENST00000644876.2:c.1312A>G	ENSP00000494040.1:p.Thr438Ala	protein_coding	438	FALSE	Missense_Other	4
SJST092742	C1_WGS	SMO	SMO	chr7.129212167.CCT.CT	Indel	Frameshift	p.P694X	P/X	694	frameshift_variant	NM_005631.5	ENST00000249373	1	0.516129032258065	16	31	ENST00000249373.8:c.2081del	ENSP00000249373.3:p.Pro694LeufsTer82	protein_coding	694	FALSE	Truncating	2
SJST092742	C1_WGS	SMO	SMO	chr7.129189238.GGC.GC	Indel	Frameshift	p.A30X	A/X	30	frameshift_variant	NM_005631.5	ENST00000249373	1	0.41025641025641	16	39	ENST00000249373.8:c.88del	ENSP00000249373.3:p.Ala30ArgfsTer25	protein_coding	30	FALSE	Truncating	2
SJST092743	C1_WGS	KRAS	KRAS	chr12.25245350.C.T	SNV	Missense	p.G12D	G/D	12	missense_variant	NM_004985.5	ENST00000311936	1	1	63	63	ENST00000311936.8:c.35G>A	ENSP00000308495.3:p.Gly12Asp	protein_coding	12	TRUE	Hotspot	5
SJST092750	C1_WGS	BRAF	BRAF	chr7.140781617.C.T	SNV	Missense	p.G464E	G/E	464	missense_variant	NM_004333.6	ENST00000646891	1	1	23	23	ENST00000646891.2:c.1391G>A	ENSP00000493543.1:p.Gly464Glu	protein_coding	464	FALSE	Missense_Other	4
SJST092750	C1_WGS	KRAS	KRAS	chr12.25245350.C.T	SNV	Missense	p.G12D	G/D	12	missense_variant	NM_004985.5	ENST00000311936	1	0.532258064516129	33	62	ENST00000311936.8:c.35G>A	ENSP00000308495.3:p.Gly12Asp	protein_coding	12	TRUE	Hotspot	5
SJST092751	C1_WGS	PIK3CA	PIK3CA	chr3.179218294.G.A	SNV	Missense	p.E542K	E/K	542	missense_variant	NM_006218.4	ENST00000263967	1	0.777777777777778	7	9	ENST00000263967.4:c.1624G>A	ENSP00000263967.3:p.Glu542Lys	protein_coding	542	TRUE	Hotspot	5
SJST092752	C1_WGS	CTCF	CTCF	chr16.67620733.G.T	SNV	Nonsense	p.G375*	G/*	375	stop_gained	NM_006565.4	ENST00000264010	1	0.533333333333333	24	45	ENST00000264010.10:c.1123G>T	ENSP00000264010.4:p.Gly375Ter	protein_coding	375	FALSE	Truncating	2
SJST092752	C1_WGS	CTNNB1	CTNNB1	chr3.41224621.T.C	SNV	Missense	p.S37P	S/P	37	missense_variant	NM_001904.4	ENST00000349496	1	0.657142857142857	23	35	ENST00000349496.11:c.109T>C	ENSP00000344456.5:p.Ser37Pro	protein_coding	37	TRUE	Hotspot	5
SJST092752	C1_WGS	KRAS	KRAS	chr12.25245350.C.A	SNV	Missense	p.G12V	G/V	12	missense_variant	NM_004985.5	ENST00000311936	1	0.625	25	40	ENST00000311936.8:c.35G>T	ENSP00000308495.3:p.Gly12Val	protein_coding	12	TRUE	Hotspot	5
SJST092752	C1_WGS	PIK3CA	PIK3CA	chr3.179199088.G.A	SNV	Missense	p.R88Q	R/Q	88	missense_variant	NM_006218.4	ENST00000263967	1	0.365853658536585	15	41	ENST00000263967.4:c.263G>A	ENSP00000263967.3:p.Arg88Gln	protein_coding	88	TRUE	Hotspot	5
SJST092755	C1_WGS	BRAF	BRAF	chr7.140781602.C.A	SNV	Missense	p.G469V	G/V	469	missense_variant	NM_004333.6	ENST00000646891	1	0.306666666666667	23	75	ENST00000646891.2:c.1406G>T	ENSP00000493543.1:p.Gly469Val	protein_coding	469	TRUE	Hotspot	5
SJST092755	C1_WGS	BRAF	BRAF	chr7.140781598.TGTTCC.TATTAC	MNV	Missense	p.GT469VI	GT/VI	469	missense_variant	NM_004333.6	ENST00000646891	1	0.0357142857142857	2	56	ENST00000646891.2:c.1406_1409delinsTAAT	ENSP00000493543.1:p.Gly469_Thr470delinsValIle	protein_coding	469	TRUE	Hotspot	5
SJST092761	C1_WGS	CTCF	CTCF	chr16.67611442.AC.AAC	Indel	Frameshift	p.T204NX	T/NX	204	frameshift_variant	NM_006565.4	ENST00000264010	1	0.5	13	26	ENST00000264010.10:c.610dup	ENSP00000264010.4:p.Thr204AsnfsTer26	protein_coding	204	FALSE	Truncating	2
SJST092761	C1_WGS	KRAS	KRAS	chr12.25245350.C.A	SNV	Missense	p.G12V	G/V	12	missense_variant	NM_004985.5	ENST00000311936	1	0.571428571428571	28	49	ENST00000311936.8:c.35G>T	ENSP00000308495.3:p.Gly12Val	protein_coding	12	TRUE	Hotspot	5
SJST092764	C1_WGS	MET	MET	chr7.116771990.G.T	SNV	Splice	""	""		splice_donor_variant	NM_000245.4	ENST00000397752	1	1	393	393	ENST00000397752.8:c.3028+1G>T	""	protein_coding		FALSE	Truncating	2
SJST092778	C1_WGS	BRAF	BRAF	chr7.140753336.A.T	SNV	Missense	p.V600E	V/E	600	missense_variant	NM_004333.6	ENST00000646891	1	0.424242424242424	14	33	ENST00000646891.2:c.1799T>A	ENSP00000493543.1:p.Val600Glu	protein_coding	600	TRUE	Hotspot	5
SJST092779	C1_WGS	PIK3CA	PIK3CA	chr3.179210276.GTACCTCATGGATTAGAAGATTTG.GAG	Indel	InframeOther	p.VPHGLEDL448E	VPHGLEDL/E	448	protein_altering_variant	NM_006218.4	ENST00000263967	1	0.269230769230769	7	26	ENST00000263967.4:c.1343_1364delinsA	ENSP00000263967.3:p.Val448_Leu455delinsGlu	protein_coding	448	FALSE	InframeIndel	3
SJST092780	C1_WGS	KRAS	KRAS	chr12.25245350.C.T	SNV	Missense	p.G12D	G/D	12	missense_variant	NM_004985.5	ENST00000311936	1	0.576923076923077	30	52	ENST00000311936.8:c.35G>A	ENSP00000308495.3:p.Gly12Asp	protein_coding	12	TRUE	Hotspot	5
SJST092783	C1_WGS	CTNNB1	CTNNB1	chr3.41224622.C.T	SNV	Missense	p.S37F	S/F	37	missense_variant	NM_001904.4	ENST00000349496	1	0.428571428571429	15	35	ENST00000349496.11:c.110C>T	ENSP00000344456.5:p.Ser37Phe	protein_coding	37	TRUE	Hotspot	5
SJST092786	C1_WGS	CTCF	CTCF	chr16.67611442.AC.AAC	Indel	Frameshift	p.T204NX	T/NX	204	frameshift_variant	NM_006565.4	ENST00000264010	1	0.558823529411765	19	34	ENST00000264010.10:c.610dup	ENSP00000264010.4:p.Thr204AsnfsTer26	protein_coding	204	FALSE	Truncating	2
SJST092786	C1_WGS	PIK3CA	PIK3CA	chr3.179198937.C.T	SNV	Missense	p.R38C	R/C	38	missense_variant	NM_006218.4	ENST00000263967	1	0.48	12	25	ENST00000263967.4:c.112C>T	ENSP00000263967.3:p.Arg38Cys	protein_coding	38	FALSE	Missense_Other	4
SJST092786	C1_WGS	PTPN11	PTPN11	chr12.112450364.T.C	SNV	Missense	p.Y62H	Y/H	62	missense_variant	NM_002834.5	ENST00000351677	1	0.521739130434783	12	23	ENST00000351677.7:c.184T>C	ENSP00000340944.3:p.Tyr62His	protein_coding	62	FALSE	Missense_Other	4
SJST092787	C1_WGS	BRAF	BRAF	chr7.140753336.A.T	SNV	Missense	p.V600E	V/E	600	missense_variant	NM_004333.6	ENST00000646891	1	0.459183673469388	45	98	ENST00000646891.2:c.1799T>A	ENSP00000493543.1:p.Val600Glu	protein_coding	600	TRUE	Hotspot	5
SJST092788	C1_WGS	PIK3CA	PIK3CA	chr3.179218294.G.A	SNV	Missense	p.E542K	E/K	542	missense_variant	NM_006218.4	ENST00000263967	1	0.375	9	24	ENST00000263967.4:c.1624G>A	ENSP00000263967.3:p.Glu542Lys	protein_coding	542	TRUE	Hotspot	5
SJST092790	C1_WGS	CTCF	CTCF	chr16.67611442.AC.AAC	Indel	Frameshift	p.T204NX	T/NX	204	frameshift_variant	NM_006565.4	ENST00000264010	1	0.517241379310345	15	29	ENST00000264010.10:c.610dup	ENSP00000264010.4:p.Thr204AsnfsTer26	protein_coding	204	FALSE	Truncating	2
SJST092795	C1_WGS	CTCF	CTCF	chr16.67611441.AAC.AC	Indel	Frameshift	p.T204X	T/X	204	frameshift_variant	NM_006565.4	ENST00000264010	1	0.5625	9	16	ENST00000264010.10:c.610del	ENSP00000264010.4:p.Thr204GlnfsTer18	protein_coding	204	FALSE	Truncating	2
SJST092795	C1_WGS	PIK3CA	PIK3CA	chr3.179199088.G.A	SNV	Missense	p.R88Q	R/Q	88	missense_variant	NM_006218.4	ENST00000263967	1	0.652173913043478	15	23	ENST00000263967.4:c.263G>A	ENSP00000263967.3:p.Arg88Gln	protein_coding	88	TRUE	Hotspot	5
SJST092795	C1_WGS	PIK3CA	PIK3CA	chr3.179218294.G.A	SNV	Missense	p.E542K	E/K	542	missense_variant	NM_006218.4	ENST00000263967	1	0.04	1	25	ENST00000263967.4:c.1624G>A	ENSP00000263967.3:p.Glu542Lys	protein_coding	542	TRUE	Hotspot	5
SJST092795	C1_WGS	SMO	SMO	chr7.129212167.CCT.CT	Indel	Frameshift	p.P694X	P/X	694	frameshift_variant	NM_005631.5	ENST00000249373	1	0.5	3	6	ENST00000249373.8:c.2081del	ENSP00000249373.3:p.Pro694LeufsTer82	protein_coding	694	FALSE	Truncating	2
SJST092799	C1_WGS	BRAF	BRAF	chr7.140753336.A.T	SNV	Missense	p.V600E	V/E	600	missense_variant	NM_004333.6	ENST00000646891	1	0.694444444444444	25	36	ENST00000646891.2:c.1799T>A	ENSP00000493543.1:p.Val600Glu	protein_coding	600	TRUE	Hotspot	5
SJST092800	C1_WGS	KRAS	KRAS	chr12.25245350.C.A	SNV	Missense	p.G12V	G/V	12	missense_variant	NM_004985.5	ENST00000311936	1	0.65	26	40	ENST00000311936.8:c.35G>T	ENSP00000308495.3:p.Gly12Val	protein_coding	12	TRUE	Hotspot	5
SJST092806	C1_WGS	CTNNB1	CTNNB1	chr3.41224606.G.A	SNV	Missense	p.D32N	D/N	32	missense_variant	NM_001904.4	ENST00000349496	1	0.263157894736842	5	19	ENST00000349496.11:c.94G>A	ENSP00000344456.5:p.Asp32Asn	protein_coding	32	TRUE	Hotspot	5
SJST092825	C1_WGS	CTCF	CTCF	chr16.67611442.AC.AAC	Indel	Frameshift	p.T204NX	T/NX	204	frameshift_variant	NM_006565.4	ENST00000264010	1	0.452380952380952	19	42	ENST00000264010.10:c.610dup	ENSP00000264010.4:p.Thr204AsnfsTer26	protein_coding	204	FALSE	Truncating	2
SJST092830	C1_WGS	KRAS	KRAS	chr12.25227342.T.C	SNV	Missense	p.Q61R	Q/R	61	missense_variant	NM_004985.5	ENST00000311936	1	1	48	48	ENST00000311936.8:c.182A>G	ENSP00000308495.3:p.Gln61Arg	protein_coding	61	TRUE	Hotspot	5
SJST092840	C1_WGS	PIK3CA	PIK3CA	chr3.179218303.G.A	SNV	Missense	p.E545K	E/K	545	missense_variant	NM_006218.4	ENST00000263967	1	0.714285714285714	20	28	ENST00000263967.4:c.1633G>A	ENSP00000263967.3:p.Glu545Lys	protein_coding	545	TRUE	Hotspot	5
SJST092860	C1_WGS	KRAS	KRAS	chr12.25245351.C.A	SNV	Missense	p.G12C	G/C	12	missense_variant	NM_004985.5	ENST00000311936	1	0.851485148514851	86	101	ENST00000311936.8:c.34G>T	ENSP00000308495.3:p.Gly12Cys	protein_coding	12	TRUE	Hotspot	5
SJST092861	C1_WGS	KRAS	KRAS	chr12.25245351.C.A	SNV	Missense	p.G12C	G/C	12	missense_variant	NM_004985.5	ENST00000311936	1	0.580645161290323	54	93	ENST00000311936.8:c.34G>T	ENSP00000308495.3:p.Gly12Cys	protein_coding	12	TRUE	Hotspot	5
SJST092861	C1_WGS	PIK3CA	PIK3CA	chr3.179234230.A.G	SNV	Missense	p.T1025A	T/A	1025	missense_variant	NM_006218.4	ENST00000263967	1	0.340909090909091	15	44	ENST00000263967.4:c.3073A>G	ENSP00000263967.3:p.Thr1025Ala	protein_coding	1025	FALSE	Missense_Other	4
SJST092873	C1_WGS	KRAS	KRAS	chr12.25245350.C.A	SNV	Missense	p.G12V	G/V	12	missense_variant	NM_004985.5	ENST00000311936	1	0.682926829268293	28	41	ENST00000311936.8:c.35G>T	ENSP00000308495.3:p.Gly12Val	protein_coding	12	TRUE	Hotspot	5
SJST092892	C1_WGS	CTCF	CTCF	chr16.67621444.G.A	SNV	Missense	p.E404K	E/K	404	missense_variant,splice_region_variant	NM_006565.4	ENST00000264010	1	0.634146341463415	26	41	ENST00000264010.10:c.1210G>A	ENSP00000264010.4:p.Glu404Lys	protein_coding	404	FALSE	Missense_Other	4
SJST092892	C1_WGS	CTCF	CTCF	chr16.67620717.C.A	SNV	Missense	p.H369Q	H/Q	369	missense_variant	NM_006565.4	ENST00000264010	1	0.558139534883721	24	43	ENST00000264010.10:c.1107C>A	ENSP00000264010.4:p.His369Gln	protein_coding	369	FALSE	Missense_Other	4
SJST092892	C1_WGS	DDX3X	DDX3X	chrX.41344306.G.A	SNV	Missense	p.R311Q	R/Q	311	missense_variant	NM_001356.5	ENST00000644876	1	0.37037037037037	10	27	ENST00000644876.2:c.932G>A	ENSP00000494040.1:p.Arg311Gln	protein_coding	311	FALSE	Missense_Other	4
SJST092892	C1_WGS	DDX3X	DDX3X	chrX.41344069.TCCTT.TT	Indel	InframeDel	p.SL269L	SL/L	269	inframe_deletion	NM_001356.5	ENST00000644876	1	0.344827586206897	10	29	ENST00000644876.2:c.806_808del	ENSP00000494040.1:p.Ser269del	protein_coding	269	FALSE	InframeIndel	3
SJST092892	C1_WGS	FGFR2	FGFR2	chr10.121498520.A.C	SNV	Missense	p.N549K	N/K	549	missense_variant	NM_000141.5	ENST00000358487	1	1	38	38	ENST00000358487.10:c.1647T>G	ENSP00000351276.6:p.Asn549Lys	protein_coding	549	TRUE	Hotspot	5
SJST092892	C1_WGS	PIK3CA	PIK3CA	chr3.179218286.C.G	SNV	Missense	p.P539R	P/R	539	missense_variant	NM_006218.4	ENST00000263967	1	0.285714285714286	4	14	ENST00000263967.4:c.1616C>G	ENSP00000263967.3:p.Pro539Arg	protein_coding	539	FALSE	Missense_Other	4
SJST092892	C1_WGS	PTPN11	PTPN11	chr12.112453287.G.A	SNV	Missense	p.S142N	S/N	142	missense_variant	NM_002834.5	ENST00000351677	1	0.555555555555556	5	9	ENST00000351677.7:c.425G>A	ENSP00000340944.3:p.Ser142Asn	protein_coding	142	FALSE	Missense_Other	4
SJST092893	C1_WGS	CTCF	CTCF	chr16.67611442.AC.AAC	Indel	Frameshift	p.T204NX	T/NX	204	frameshift_variant	NM_006565.4	ENST00000264010	1	0.380952380952381	8	21	ENST00000264010.10:c.610dup	ENSP00000264010.4:p.Thr204AsnfsTer26	protein_coding	204	FALSE	Truncating	2
SJST092893	C1_WGS	FGFR2	FGFR2	chr10.121520163.G.C	SNV	Missense	p.S252W	S/W	252	missense_variant	NM_000141.5	ENST00000358487	1	0.68	17	25	ENST00000358487.10:c.755C>G	ENSP00000351276.6:p.Ser252Trp	protein_coding	252	TRUE	Hotspot	5
SJST092895	C1_WGS	PIK3CA	PIK3CA	chr3.179218303.G.A	SNV	Missense	p.E545K	E/K	545	missense_variant	NM_006218.4	ENST00000263967	1	0.526315789473684	10	19	ENST00000263967.4:c.1633G>A	ENSP00000263967.3:p.Glu545Lys	protein_coding	545	TRUE	Hotspot	5
SJST092966	C1_WGS	KRAS	KRAS	chr12.25227341.T.A	SNV	Missense	p.Q61H	Q/H	61	missense_variant	NM_004985.5	ENST00000311936	1	1	22	22	ENST00000311936.8:c.183A>T	ENSP00000308495.3:p.Gln61His	protein_coding	61	TRUE	Hotspot	5
SJST092966	C1_WGS	PIK3CA	PIK3CA	chr3.179218303.G.A	SNV	Missense	p.E545K	E/K	545	missense_variant	NM_006218.4	ENST00000263967	1	0.730769230769231	19	26	ENST00000263967.4:c.1633G>A	ENSP00000263967.3:p.Glu545Lys	protein_coding	545	TRUE	Hotspot	5
SJST092973	C1_WGS	MET	MET	chr7.116771990.G.T	SNV	Splice	""	""		splice_donor_variant	NM_000245.4	ENST00000397752	1	1	10	10	ENST00000397752.8:c.3028+1G>T	""	protein_coding		FALSE	Truncating	2
SJST092973	C1_WGS	PIK3CA	PIK3CA	chr3.179218303.G.A	SNV	Missense	p.E545K	E/K	545	missense_variant	NM_006218.4	ENST00000263967	1	0.531914893617021	25	47	ENST00000263967.4:c.1633G>A	ENSP00000263967.3:p.Glu545Lys	protein_coding	545	TRUE	Hotspot	5
SJST092974	C1_WGS	KRAS	KRAS	chr12.25245347.C.T	SNV	Missense	p.G13D	G/D	13	missense_variant	NM_004985.5	ENST00000311936	1	1	57	57	ENST00000311936.8:c.38G>A	ENSP00000308495.3:p.Gly13Asp	protein_coding	13	TRUE	Hotspot	5
SJST092976	C1_WGS	PPM1D	PPM1D	chr17.60663404.G.T	SNV	Missense	p.R557L	R/L	557	missense_variant	NM_003620.4	ENST00000305921	1	0.236842105263158	9	38	ENST00000305921.8:c.1670G>T	ENSP00000306682.2:p.Arg557Leu	protein_coding	557	FALSE	Missense_Other	4
SJST092990	C1_WGS	DDX3X	DDX3X	chrX.41346590.G.A	SNV	Missense	p.R528H	R/H	528	missense_variant	NM_001356.5	ENST00000644876	1	0.607142857142857	17	28	ENST00000644876.2:c.1583G>A	ENSP00000494040.1:p.Arg528His	protein_coding	528	FALSE	Missense_Other	4
SJST092995	C1_WGS	PIK3CA	PIK3CA	chr3.179234297.A.T	SNV	Missense	p.H1047L	H/L	1047	missense_variant	NM_006218.4	ENST00000263967	1	0.674418604651163	29	43	ENST00000263967.4:c.3140A>T	ENSP00000263967.3:p.His1047Leu	protein_coding	1047	TRUE	Hotspot	5
SJST093004	C1_WGS	DDX3X	DDX3X	chrX.41345202.G.A	SNV	Missense	p.D350N	D/N	350	missense_variant	NM_001356.5	ENST00000644876	1	0.384615384615385	5	13	ENST00000644876.2:c.1048G>A	ENSP00000494040.1:p.Asp350Asn	protein_coding	350	FALSE	Missense_Other	4
SJST093005	C1_WGS	KRAS	KRAS	chr12.25245351.C.A	SNV	Missense	p.G12C	G/C	12	missense_variant	NM_004985.5	ENST00000311936	1	0.380952380952381	16	42	ENST00000311936.8:c.34G>T	ENSP00000308495.3:p.Gly12Cys	protein_coding	12	TRUE	Hotspot	5
SJST093006	C1_WGS	PPM1D	PPM1D	chr17.60656756.A.G	SNV	Missense	p.Y392C	Y/C	392	missense_variant	NM_003620.4	ENST00000305921	1	0.242424242424242	8	33	ENST00000305921.8:c.1175A>G	ENSP00000306682.2:p.Tyr392Cys	protein_coding	392	FALSE	Missense_Other	4
SJST093009	C1_WGS	KRAS	KRAS	chr12.25245350.C.A	SNV	Missense	p.G12V	G/V	12	missense_variant	NM_004985.5	ENST00000311936	1	1	57	57	ENST00000311936.8:c.35G>T	ENSP00000308495.3:p.Gly12Val	protein_coding	12	TRUE	Hotspot	5
SJST093023	C1_WGS	KRAS	KRAS	chr12.25245350.C.A	SNV	Missense	p.G12V	G/V	12	missense_variant	NM_004985.5	ENST00000311936	1	0.803921568627451	82	102	ENST00000311936.8:c.35G>T	ENSP00000308495.3:p.Gly12Val	protein_coding	12	TRUE	Hotspot	5
SJST093025	C1_WGS	KRAS	KRAS	chr12.25245350.C.T	SNV	Missense	p.G12D	G/D	12	missense_variant	NM_004985.5	ENST00000311936	1	0.414285714285714	29	70	ENST00000311936.8:c.35G>A	ENSP00000308495.3:p.Gly12Asp	protein_coding	12	TRUE	Hotspot	5
SJST093026	C1_WGS	KRAS	KRAS	chr12.25245351.C.G	SNV	Missense	p.G12R	G/R	12	missense_variant	NM_004985.5	ENST00000311936	1	1	33	33	ENST00000311936.8:c.34G>C	ENSP00000308495.3:p.Gly12Arg	protein_coding	12	TRUE	Hotspot	5
SJST093032	C1_WGS	KRAS	KRAS	chr12.25245350.C.A	SNV	Missense	p.G12V	G/V	12	missense_variant	NM_004985.5	ENST00000311936	1	0.653846153846154	51	78	ENST00000311936.8:c.35G>T	ENSP00000308495.3:p.Gly12Val	protein_coding	12	TRUE	Hotspot	5
SJST093035	C1_WGS	KRAS	KRAS	chr12.25245351.C.G	SNV	Missense	p.G12R	G/R	12	missense_variant	NM_004985.5	ENST00000311936	1	0.841935483870968	261	310	ENST00000311936.8:c.34G>C	ENSP00000308495.3:p.Gly12Arg	protein_coding	12	TRUE	Hotspot	5
SJST093050	C1_WGS	CTCF	CTCF	chr16.67612001.C.T	SNV	Missense	p.R278C	R/C	278	missense_variant	NM_006565.4	ENST00000264010	1	0.514285714285714	18	35	ENST00000264010.10:c.832C>T	ENSP00000264010.4:p.Arg278Cys	protein_coding	278	FALSE	Missense_Other	4
SJST093050	C1_WGS	MYC	MYC	chr8.127738818.T.C	SNV	Missense	p.S201P	S/P	201	missense_variant	NM_002467.6	ENST00000621592	1	0.30188679245283	16	53	ENST00000621592.8:c.601T>C	ENSP00000478887.2:p.Ser201Pro	protein_coding	201	FALSE	Missense_Other	4
SJST093054	C1_WGS	DDX3X	DDX3X	chrX.41345215.A.T	SNV	Missense	p.D354V	D/V	354	missense_variant	NM_001356.5	ENST00000644876	1	1	9	9	ENST00000644876.2:c.1061A>T	ENSP00000494040.1:p.Asp354Val	protein_coding	354	FALSE	Missense_Other	4
SJST093060	C1_WGS	PIK3CA	PIK3CA	chr3.179218303.G.A	SNV	Missense	p.E545K	E/K	545	missense_variant	NM_006218.4	ENST00000263967	1	0.125	12	96	ENST00000263967.4:c.1633G>A	ENSP00000263967.3:p.Glu545Lys	protein_coding	545	TRUE	Hotspot	5
SJST093062	C1_WGS	KRAS	KRAS	chr12.25245350.C.A	SNV	Missense	p.G12V	G/V	12	missense_variant	NM_004985.5	ENST00000311936	1	0.918238993710692	146	159	ENST00000311936.8:c.35G>T	ENSP00000308495.3:p.Gly12Val	protein_coding	12	TRUE	Hotspot	5
SJST093086	C1_WGS	PIK3CA	PIK3CA	chr3.179234297.A.G	SNV	Missense	p.H1047R	H/R	1047	missense_variant	NM_006218.4	ENST00000263967	1	0.552631578947368	21	38	ENST00000263967.4:c.3140A>G	ENSP00000263967.3:p.His1047Arg	protein_coding	1047	TRUE	Hotspot	5
SJST093087	C1_WGS	CTCF	CTCF	chr16.67611410.AAG.AG	Indel	Frameshift	p.K193X	K/X	193	frameshift_variant	NM_006565.4	ENST00000264010	1	0.542857142857143	19	35	ENST00000264010.10:c.579del	ENSP00000264010.4:p.Asp194ThrfsTer28	protein_coding	193	FALSE	Truncating	2
SJST093087	C1_WGS	PIK3CA	PIK3CA	chr3.179199088.G.A	SNV	Missense	p.R88Q	R/Q	88	missense_variant	NM_006218.4	ENST00000263967	1	0.578947368421053	11	19	ENST00000263967.4:c.263G>A	ENSP00000263967.3:p.Arg88Gln	protein_coding	88	TRUE	Hotspot	5
SJST093092	C1_WGS	CTCF	CTCF	chr16.67620733.G.T	SNV	Nonsense	p.G375*	G/*	375	stop_gained	NM_006565.4	ENST00000264010	1	0.333333333333333	14	42	ENST00000264010.10:c.1123G>T	ENSP00000264010.4:p.Gly375Ter	protein_coding	375	FALSE	Truncating	2
SJST093092	C1_WGS	CTNNB1	CTNNB1	chr3.41224621.T.C	SNV	Missense	p.S37P	S/P	37	missense_variant	NM_001904.4	ENST00000349496	1	0.555555555555556	15	27	ENST00000349496.11:c.109T>C	ENSP00000344456.5:p.Ser37Pro	protein_coding	37	TRUE	Hotspot	5
SJST093092	C1_WGS	KRAS	KRAS	chr12.25245350.C.A	SNV	Missense	p.G12V	G/V	12	missense_variant	NM_004985.5	ENST00000311936	1	0.441176470588235	15	34	ENST00000311936.8:c.35G>T	ENSP00000308495.3:p.Gly12Val	protein_coding	12	TRUE	Hotspot	5
SJST093092	C1_WGS	PIK3CA	PIK3CA	chr3.179199088.G.A	SNV	Missense	p.R88Q	R/Q	88	missense_variant	NM_006218.4	ENST00000263967	1	0.391304347826087	9	23	ENST00000263967.4:c.263G>A	ENSP00000263967.3:p.Arg88Gln	protein_coding	88	TRUE	Hotspot	5
SJST093093	C1_WGS	ALK	ALK	chr2.29383831.G.A	SNV	Missense	p.R395C	R/C	395	missense_variant	NM_004304.5	ENST00000389048	1	0.483870967741935	15	31	ENST00000389048.8:c.1183C>T	ENSP00000373700.3:p.Arg395Cys	protein_coding	395	FALSE	Missense_Other	4
SJST093093	C1_WGS	KRAS	KRAS	chr12.25245350.C.T	SNV	Missense	p.G12D	G/D	12	missense_variant	NM_004985.5	ENST00000311936	1	0.485714285714286	17	35	ENST00000311936.8:c.35G>A	ENSP00000308495.3:p.Gly12Asp	protein_coding	12	TRUE	Hotspot	5
SJST093098	C1_WGS	CTCF	CTCF	chr16.67636743.G.T	SNV	Nonsense	p.E631*	E/*	631	stop_gained	NM_006565.4	ENST00000264010	1	0.857142857142857	18	21	ENST00000264010.10:c.1891G>T	ENSP00000264010.4:p.Glu631Ter	protein_coding	631	FALSE	Truncating	2
SJST093102	C1_WGS	SMO	SMO	chr7.129212167.CCT.CT	Indel	Frameshift	p.P694X	P/X	694	frameshift_variant	NM_005631.5	ENST00000249373	1	0.285714285714286	10	35	ENST00000249373.8:c.2081del	ENSP00000249373.3:p.Pro694LeufsTer82	protein_coding	694	FALSE	Truncating	2
SJST093105	C1_WGS	KRAS	KRAS	chr12.25245350.C.T	SNV	Missense	p.G12D	G/D	12	missense_variant	NM_004985.5	ENST00000311936	1	1	47	47	ENST00000311936.8:c.35G>A	ENSP00000308495.3:p.Gly12Asp	protein_coding	12	TRUE	Hotspot	5
SJST093109	C1_WGS	KRAS	KRAS	chr12.25245350.C.T	SNV	Missense	p.G12D	G/D	12	missense_variant	NM_004985.5	ENST00000311936	1	0.6875	33	48	ENST00000311936.8:c.35G>A	ENSP00000308495.3:p.Gly12Asp	protein_coding	12	TRUE	Hotspot	5
SJST093113	C1_WGS	CTNNB1	CTNNB1	chr3.41224613.G.T	SNV	Missense	p.G34V	G/V	34	missense_variant	NM_001904.4	ENST00000349496	1	0.3125	10	32	ENST00000349496.11:c.101G>T	ENSP00000344456.5:p.Gly34Val	protein_coding	34	TRUE	Hotspot	5
SJST093113	C1_WGS	MET	MET	chr7.116699542.A.C	SNV	Missense	p.D153A	D/A	153	missense_variant	NM_000245.4	ENST00000397752	1	0.264705882352941	9	34	ENST00000397752.8:c.458A>C	ENSP00000380860.3:p.Asp153Ala	protein_coding	153	FALSE	Missense_Other	4
SJST093113	C1_WGS	PIK3CA	PIK3CA	chr3.179199136.C.G	SNV	Missense	p.P104R	P/R	104	missense_variant	NM_006218.4	ENST00000263967	1	0.333333333333333	11	33	ENST00000263967.4:c.311C>G	ENSP00000263967.3:p.Pro104Arg	protein_coding	104	FALSE	Missense_Other	4
SJST093113	C1_WGS	PTPN11	PTPN11	chr12.112489081.C.T	SNV	Missense	p.S502L	S/L	502	missense_variant	NM_002834.5	ENST00000351677	1	0.542857142857143	19	35	ENST00000351677.7:c.1505C>T	ENSP00000340944.3:p.Ser502Leu	protein_coding	502	FALSE	Missense_Other	4
SJST093114	C1_WGS	KRAS	KRAS	chr12.25245350.C.T	SNV	Missense	p.G12D	G/D	12	missense_variant	NM_004985.5	ENST00000311936	1	1	45	45	ENST00000311936.8:c.35G>A	ENSP00000308495.3:p.Gly12Asp	protein_coding	12	TRUE	Hotspot	5
SJST093120	C1_WGS	KRAS	KRAS	chr12.25245350.C.T	SNV	Missense	p.G12D	G/D	12	missense_variant	NM_004985.5	ENST00000311936	1	0.823529411764706	42	51	ENST00000311936.8:c.35G>A	ENSP00000308495.3:p.Gly12Asp	protein_coding	12	TRUE	Hotspot	5
SJST093135	C1_WGS	KRAS	KRAS	chr12.25245351.C.A	SNV	Missense	p.G12C	G/C	12	missense_variant	NM_004985.5	ENST00000311936	1	1	41	41	ENST00000311936.8:c.34G>T	ENSP00000308495.3:p.Gly12Cys	protein_coding	12	TRUE	Hotspot	5
SJST093141	C1_WGS	KRAS	KRAS	chr12.25245351.C.A	SNV	Missense	p.G12C	G/C	12	missense_variant	NM_004985.5	ENST00000311936	1	0.547619047619048	23	42	ENST00000311936.8:c.34G>T	ENSP00000308495.3:p.Gly12Cys	protein_coding	12	TRUE	Hotspot	5
SJST093141	C1_WGS	MYC	MYC	chr8.127738491.G.A	SNV	Missense	p.V92I	V/I	92	missense_variant	NM_002467.6	ENST00000621592	1	0.475	19	40	ENST00000621592.8:c.274G>A	ENSP00000478887.2:p.Val92Ile	protein_coding	92	FALSE	Missense_Other	4
SJST093147	C1_WGS	BRAF	BRAF	chr7.140753336.A.T	SNV	Missense	p.V600E	V/E	600	missense_variant	NM_004333.6	ENST00000646891	1	1	19	19	ENST00000646891.2:c.1799T>A	ENSP00000493543.1:p.Val600Glu	protein_coding	600	TRUE	Hotspot	5
SJST093151	C1_WGS	MYC	MYC	chr8.127738977.G.T	SNV	Missense	p.V254L	V/L	254	missense_variant	NM_002467.6	ENST00000621592	1	0.0866141732283465	11	127	ENST00000621592.8:c.760G>T	ENSP00000478887.2:p.Val254Leu	protein_coding	254	FALSE	Missense_Other	4
SJST093151	C1_WGS	MYC	MYC	chr8.127738975.TGGT.TTTT	MNV	Missense	p.LV253LL	LV/LL	253	missense_variant	NM_002467.6	ENST00000621592	1	0.0790960451977401	14	177	ENST00000621592.8:c.759_760delinsTT	ENSP00000478887.2:p.Val254Leu	protein_coding	253	FALSE	Missense_Other	4
SJST093154	C1_WGS	PIK3CA	PIK3CA	chr3.179218303.G.A	SNV	Missense	p.E545K	E/K	545	missense_variant	NM_006218.4	ENST00000263967	1	0.530612244897959	26	49	ENST00000263967.4:c.1633G>A	ENSP00000263967.3:p.Glu545Lys	protein_coding	545	TRUE	Hotspot	5
SJST093154	C1_WGS	PPM1D	PPM1D	chr17.60656600.G.A	SNV	Missense	p.G340D	G/D	340	missense_variant,splice_region_variant	NM_003620.4	ENST00000305921	1	0.333333333333333	6	18	ENST00000305921.8:c.1019G>A	ENSP00000306682.2:p.Gly340Asp	protein_coding	340	FALSE	Missense_Other	4
SJST093158	C1_WGS	CTNNB1	CTNNB1	chr3.41224633.A.G	SNV	Missense	p.T41A	T/A	41	missense_variant	NM_001904.4	ENST00000349496	1	1	25	25	ENST00000349496.11:c.121A>G	ENSP00000344456.5:p.Thr41Ala	protein_coding	41	TRUE	Hotspot	5
SJST093161	C1_WGS	PIK3CA	PIK3CA	chr3.179218303.G.A	SNV	Missense	p.E545K	E/K	545	missense_variant	NM_006218.4	ENST00000263967	1	0.488372093023256	21	43	ENST00000263967.4:c.1633G>A	ENSP00000263967.3:p.Glu545Lys	protein_coding	545	TRUE	Hotspot	5
SJST093162	C1_WGS	KRAS	KRAS	chr12.25245351.C.A	SNV	Missense	p.G12C	G/C	12	missense_variant	NM_004985.5	ENST00000311936	1	0.51063829787234	24	47	ENST00000311936.8:c.34G>T	ENSP00000308495.3:p.Gly12Cys	protein_coding	12	TRUE	Hotspot	5
SJST093171	C1_WGS	CTNNB1	CTNNB1	chr3.41224619.A.C	SNV	Missense	p.H36P	H/P	36	missense_variant	NM_001904.4	ENST00000349496	1	1	36	36	ENST00000349496.11:c.107A>C	ENSP00000344456.5:p.His36Pro	protein_coding	36	FALSE	Missense_Other	4
SJST093184	C1_WGS	KRAS	KRAS	chr12.25245350.C.T	SNV	Missense	p.G12D	G/D	12	missense_variant	NM_004985.5	ENST00000311936	1	0.735294117647059	75	102	ENST00000311936.8:c.35G>A	ENSP00000308495.3:p.Gly12Asp	protein_coding	12	TRUE	Hotspot	5
SJST093186	C1_WGS	KRAS	KRAS	chr12.25245350.C.A	SNV	Missense	p.G12V	G/V	12	missense_variant	NM_004985.5	ENST00000311936	1	1	77	77	ENST00000311936.8:c.35G>T	ENSP00000308495.3:p.Gly12Val	protein_coding	12	TRUE	Hotspot	5
SJST093187	C1_WGS	CTNNB1	CTNNB1	chr3.41224589.A.G	SNV	Missense	p.Q26R	Q/R	26	missense_variant	NM_001904.4	ENST00000349496	1	0.52	13	25	ENST00000349496.11:c.77A>G	ENSP00000344456.5:p.Gln26Arg	protein_coding	26	FALSE	Missense_Other	4
SJST093188	C1_WGS	PIK3CA	PIK3CA	chr3.179210192.T.C	SNV	Missense	p.C420R	C/R	420	missense_variant	NM_006218.4	ENST00000263967	1	0.5625	18	32	ENST00000263967.4:c.1258T>C	ENSP00000263967.3:p.Cys420Arg	protein_coding	420	TRUE	Hotspot	5
SJST093189	C1_WGS	CTCF	CTCF	chr16.67611442.AC.AAC	Indel	Frameshift	p.T204NX	T/NX	204	frameshift_variant	NM_006565.4	ENST00000264010	1	0.5	17	34	ENST00000264010.10:c.610dup	ENSP00000264010.4:p.Thr204AsnfsTer26	protein_coding	204	FALSE	Truncating	2
SJST093189	C1_WGS	KRAS	KRAS	chr12.25227348.G.C	SNV	Missense	p.A59G	A/G	59	missense_variant	NM_004985.5	ENST00000311936	1	0.578947368421053	11	19	ENST00000311936.8:c.176C>G	ENSP00000308495.3:p.Ala59Gly	protein_coding	59	FALSE	Missense_Other	4
SJST093211	C1_WGS	KRAS	KRAS	chr12.25245350.C.A	SNV	Missense	p.G12V	G/V	12	missense_variant	NM_004985.5	ENST00000311936	1	0.8828125	113	128	ENST00000311936.8:c.35G>T	ENSP00000308495.3:p.Gly12Val	protein_coding	12	TRUE	Hotspot	5
SJST093238	C1_WGS	KRAS	KRAS	chr12.25245350.C.A	SNV	Missense	p.G12V	G/V	12	missense_variant	NM_004985.5	ENST00000311936	1	1	18	18	ENST00000311936.8:c.35G>T	ENSP00000308495.3:p.Gly12Val	protein_coding	12	TRUE	Hotspot	5
SJST093239	C1_WGS	KRAS	KRAS	chr12.25245350.C.A	SNV	Missense	p.G12V	G/V	12	missense_variant	NM_004985.5	ENST00000311936	1	1	26	26	ENST00000311936.8:c.35G>T	ENSP00000308495.3:p.Gly12Val	protein_coding	12	TRUE	Hotspot	5
SJST093247	C1_WGS	KRAS	KRAS	chr12.25245350.C.T	SNV	Missense	p.G12D	G/D	12	missense_variant	NM_004985.5	ENST00000311936	1	0.647058823529412	33	51	ENST00000311936.8:c.35G>A	ENSP00000308495.3:p.Gly12Asp	protein_coding	12	TRUE	Hotspot	5
SJST093251	C1_WGS	CTNNB1	CTNNB1	chr3.41224621.T.G	SNV	Missense	p.S37A	S/A	37	missense_variant	NM_001904.4	ENST00000349496	1	1	30	30	ENST00000349496.11:c.109T>G	ENSP00000344456.5:p.Ser37Ala	protein_coding	37	TRUE	Hotspot	5
SJST093253	C1_WGS	KRAS	KRAS	chr12.25245350.C.T	SNV	Missense	p.G12D	G/D	12	missense_variant	NM_004985.5	ENST00000311936	1	0.545454545454545	18	33	ENST00000311936.8:c.35G>A	ENSP00000308495.3:p.Gly12Asp	protein_coding	12	TRUE	Hotspot	5
SJST093259	C1_WGS	KRAS	KRAS	chr12.25227341.T.G	SNV	Missense	p.Q61H	Q/H	61	missense_variant	NM_004985.5	ENST00000311936	1	0.375	21	56	ENST00000311936.8:c.183A>C	ENSP00000308495.3:p.Gln61His	protein_coding	61	TRUE	Hotspot	5
SJST093262	C1_WGS	KRAS	KRAS	chr12.25245351.C.A	SNV	Missense	p.G12C	G/C	12	missense_variant	NM_004985.5	ENST00000311936	1	0.6	24	40	ENST00000311936.8:c.34G>T	ENSP00000308495.3:p.Gly12Cys	protein_coding	12	TRUE	Hotspot	5
SJST093263	C1_WGS	KRAS	KRAS	chr12.25245350.C.T	SNV	Missense	p.G12D	G/D	12	missense_variant	NM_004985.5	ENST00000311936	1	0.548387096774194	17	31	ENST00000311936.8:c.35G>A	ENSP00000308495.3:p.Gly12Asp	protein_coding	12	TRUE	Hotspot	5
SJST093266	C1_WGS	KRAS	KRAS	chr12.25245350.C.A	SNV	Missense	p.G12V	G/V	12	missense_variant	NM_004985.5	ENST00000311936	1	1	40	40	ENST00000311936.8:c.35G>T	ENSP00000308495.3:p.Gly12Val	protein_coding	12	TRUE	Hotspot	5
SJST093269	C1_WGS	KRAS	KRAS	chr12.25245350.C.T	SNV	Missense	p.G12D	G/D	12	missense_variant	NM_004985.5	ENST00000311936	1	0.838028169014085	119	142	ENST00000311936.8:c.35G>A	ENSP00000308495.3:p.Gly12Asp	protein_coding	12	TRUE	Hotspot	5
SJST093272	C1_WGS	KRAS	KRAS	chr12.25245351.C.G	SNV	Missense	p.G12R	G/R	12	missense_variant	NM_004985.5	ENST00000311936	1	0.525	21	40	ENST00000311936.8:c.34G>C	ENSP00000308495.3:p.Gly12Arg	protein_coding	12	TRUE	Hotspot	5
SJST093278	C1_WGS	KRAS	KRAS	chr12.25245350.C.A	SNV	Missense	p.G12V	G/V	12	missense_variant	NM_004985.5	ENST00000311936	1	0.558139534883721	24	43	ENST00000311936.8:c.35G>T	ENSP00000308495.3:p.Gly12Val	protein_coding	12	TRUE	Hotspot	5
SJST093287	C1_WGS	DDX3X	DDX3X	chrX.41345215.A.G	SNV	Missense	p.D354G	D/G	354	missense_variant	NM_001356.5	ENST00000644876	1	1	8	8	ENST00000644876.2:c.1061A>G	ENSP00000494040.1:p.Asp354Gly	protein_coding	354	FALSE	Missense_Other	4
SJST093287	C1_WGS	KRAS	KRAS	chr12.25245350.C.T	SNV	Missense	p.G12D	G/D	12	missense_variant	NM_004985.5	ENST00000311936	1	1	36	36	ENST00000311936.8:c.35G>A	ENSP00000308495.3:p.Gly12Asp	protein_coding	12	TRUE	Hotspot	5
SJST093290	C1_WGS	KRAS	KRAS	chr12.25245350.C.T	SNV	Missense	p.G12D	G/D	12	missense_variant	NM_004985.5	ENST00000311936	1	0.62	31	50	ENST00000311936.8:c.35G>A	ENSP00000308495.3:p.Gly12Asp	protein_coding	12	TRUE	Hotspot	5
SJST093291	C1_WGS	KRAS	KRAS	chr12.25245351.C.G	SNV	Missense	p.G12R	G/R	12	missense_variant	NM_004985.5	ENST00000311936	1	1	22	22	ENST00000311936.8:c.34G>C	ENSP00000308495.3:p.Gly12Arg	protein_coding	12	TRUE	Hotspot	5
SJST093296	C1_WGS	BRAF	BRAF	chr7.140753336.A.T	SNV	Missense	p.V600E	V/E	600	missense_variant	NM_004333.6	ENST00000646891	1	0.797297297297297	59	74	ENST00000646891.2:c.1799T>A	ENSP00000493543.1:p.Val600Glu	protein_coding	600	TRUE	Hotspot	5
SJST093297	C1_WGS	FGFR2	FGFR2	chr10.121520163.G.C	SNV	Missense	p.S252W	S/W	252	missense_variant	NM_000141.5	ENST00000358487	1	0.869565217391304	20	23	ENST00000358487.10:c.755C>G	ENSP00000351276.6:p.Ser252Trp	protein_coding	252	TRUE	Hotspot	5
SJST093297	C1_WGS	PIK3CA	PIK3CA	chr3.179234296.C.T	SNV	Missense	p.H1047Y	H/Y	1047	missense_variant	NM_006218.4	ENST00000263967	1	0.43859649122807	25	57	ENST00000263967.4:c.3139C>T	ENSP00000263967.3:p.His1047Tyr	protein_coding	1047	TRUE	Hotspot	5
SJST093300	C1_WGS	PIK3CA	PIK3CA	chr3.179234297.A.G	SNV	Missense	p.H1047R	H/R	1047	missense_variant	NM_006218.4	ENST00000263967	1	0.485714285714286	17	35	ENST00000263967.4:c.3140A>G	ENSP00000263967.3:p.His1047Arg	protein_coding	1047	TRUE	Hotspot	5
SJST093306	C1_WGS	KRAS	KRAS	chr12.25245350.C.T	SNV	Missense	p.G12D	G/D	12	missense_variant	NM_004985.5	ENST00000311936	1	1	42	42	ENST00000311936.8:c.35G>A	ENSP00000308495.3:p.Gly12Asp	protein_coding	12	TRUE	Hotspot	5
SJST093310	C1_WGS	KRAS	KRAS	chr12.25245350.C.T	SNV	Missense	p.G12D	G/D	12	missense_variant	NM_004985.5	ENST00000311936	1	0.511111111111111	23	45	ENST00000311936.8:c.35G>A	ENSP00000308495.3:p.Gly12Asp	protein_coding	12	TRUE	Hotspot	5
SJST093313	C1_WGS	KRAS	KRAS	chr12.25245350.C.A	SNV	Missense	p.G12V	G/V	12	missense_variant	NM_004985.5	ENST00000311936	1	0.903225806451613	112	124	ENST00000311936.8:c.35G>T	ENSP00000308495.3:p.Gly12Val	protein_coding	12	TRUE	Hotspot	5
SJST093316	C1_WGS	CTNNB1	CTNNB1	chr3.41224646.C.G	SNV	Missense	p.S45C	S/C	45	missense_variant	NM_001904.4	ENST00000349496	1	1	14	14	ENST00000349496.11:c.134C>G	ENSP00000344456.5:p.Ser45Cys	protein_coding	45	TRUE	Hotspot	5
SJST093327	C1_WGS	KRAS	KRAS	chr12.25245350.C.T	SNV	Missense	p.G12D	G/D	12	missense_variant	NM_004985.5	ENST00000311936	1	0.7890625	101	128	ENST00000311936.8:c.35G>A	ENSP00000308495.3:p.Gly12Asp	protein_coding	12	TRUE	Hotspot	5
SJST093328	C1_WGS	KRAS	KRAS	chr12.25245350.C.T	SNV	Missense	p.G12D	G/D	12	missense_variant	NM_004985.5	ENST00000311936	1	0.56	28	50	ENST00000311936.8:c.35G>A	ENSP00000308495.3:p.Gly12Asp	protein_coding	12	TRUE	Hotspot	5
SJST093334	C1_WGS	PIK3CA	PIK3CA	chr3.179234297.A.G	SNV	Missense	p.H1047R	H/R	1047	missense_variant	NM_006218.4	ENST00000263967	1	0.351351351351351	13	37	ENST00000263967.4:c.3140A>G	ENSP00000263967.3:p.His1047Arg	protein_coding	1047	TRUE	Hotspot	5
SJST093335	C1_WGS	KRAS	KRAS	chr12.25245351.C.G	SNV	Missense	p.G12R	G/R	12	missense_variant	NM_004985.5	ENST00000311936	1	0.555555555555556	30	54	ENST00000311936.8:c.34G>C	ENSP00000308495.3:p.Gly12Arg	protein_coding	12	TRUE	Hotspot	5
SJST093337	C1_WGS	KRAS	KRAS	chr12.25245350.C.T	SNV	Missense	p.G12D	G/D	12	missense_variant	NM_004985.5	ENST00000311936	1	0.59375	19	32	ENST00000311936.8:c.35G>A	ENSP00000308495.3:p.Gly12Asp	protein_coding	12	TRUE	Hotspot	5
SJST093340	C1_WGS	BRAF	BRAF	chr7.140778037.TAGGTGCTGTCACATTC.TC	Indel	InframeDel	p.NVTAP486-	NVTAP/-	486	inframe_deletion	NM_004333.6	ENST00000646891	1	0.666666666666667	28	42	ENST00000646891.2:c.1457_1471del	ENSP00000493543.1:p.Asn486_Pro490del	protein_coding	486	FALSE	InframeIndel	3
SJST094235	C1_WGS	BRAF	BRAF	chr7.140739895.G.A	SNV	Missense	p.R682W	R/W	682	missense_variant	NM_004333.6	ENST00000646891	1	0.455882352941176	31	68	ENST00000646891.2:c.2044C>T	ENSP00000493543.1:p.Arg682Trp	protein_coding	682	FALSE	Missense_Other	4
SJSTS092772	C1_WGS	IDH1	IDH1	chr2.208248389.G.A	SNV	Missense	p.R132C	R/C	132	missense_variant	NM_005896.4	ENST00000345146	1	0.452830188679245	24	53	ENST00000345146.7:c.394C>T	ENSP00000260985.2:p.Arg132Cys	protein_coding	132	TRUE	Hotspot	5
SJSTS093036	C1_WGS	KRAS	KRAS	chr12.25245350.C.A	SNV	Missense	p.G12V	G/V	12	missense_variant	NM_004985.5	ENST00000311936	1	1	133	133	ENST00000311936.8:c.35G>T	ENSP00000308495.3:p.Gly12Val	protein_coding	12	TRUE	Hotspot	5
SJTALL046430	C7B_WGS	BRAF	BRAF	chr7.140734715.G.A	SNV	Missense	p.A728V	A/V	728	missense_variant	NM_004333.6	ENST00000646891	1	0.608695652173913	14	23	ENST00000646891.2:c.2183C>T	ENSP00000493543.1:p.Ala728Val	protein_coding	728	FALSE	Missense_Other	4
SJTALL046430	C7_WGS	CTCF	CTCF	chr16.67612119.C.T	SNV	Missense	p.T317I	T/I	317	missense_variant,splice_region_variant	NM_006565.4	ENST00000264010	1	0.44	44	100	ENST00000264010.10:c.950C>T	ENSP00000264010.4:p.Thr317Ile	protein_coding	317	FALSE	Missense_Other	4
SJTALL046430	C7B_WGS	CTCF	CTCF	chr16.67612119.C.T	SNV	Missense	p.T317I	T/I	317	missense_variant,splice_region_variant	NM_006565.4	ENST00000264010	1	0.377777777777778	17	45	ENST00000264010.10:c.950C>T	ENSP00000264010.4:p.Thr317Ile	protein_coding	317	FALSE	Missense_Other	4
SJTALL046430	C7_WGS	CTCF	CTCF	chr16.67611442.AC.AAC	Indel	Frameshift	p.T204NX	T/NX	204	frameshift_variant	NM_006565.4	ENST00000264010	1	0.231884057971014	16	69	ENST00000264010.10:c.610dup	ENSP00000264010.4:p.Thr204AsnfsTer26	protein_coding	204	FALSE	Truncating	2
SJTALL046430	C7_WGS	CTCF	CTCF	chr16.67611410.AAG.AG	Indel	Frameshift	p.K193X	K/X	193	frameshift_variant	NM_006565.4	ENST00000264010	1	0.209876543209877	17	81	ENST00000264010.10:c.579del	ENSP00000264010.4:p.Asp194ThrfsTer28	protein_coding	193	FALSE	Truncating	2
SJTALL046435	C2_WGS	CTCF	CTCF	chr16.67628481.C.T	SNV	Missense	p.R544C	R/C	544	missense_variant	NM_006565.4	ENST00000264010	1	0.636363636363636	28	44	ENST00000264010.10:c.1630C>T	ENSP00000264010.4:p.Arg544Cys	protein_coding	544	FALSE	Missense_Other	4
SJTALL046435	C2_WGS	CTCF	CTCF	chr16.67621555.CA.CCA	Indel	Frameshift	p.H441PX	H/PX	441	frameshift_variant	NM_006565.4	ENST00000264010	1	0.157894736842105	6	38	ENST00000264010.10:c.1321dup	ENSP00000264010.4:p.His441ProfsTer3	protein_coding	441	FALSE	Truncating	2
SJTALL046435	C2_WGS	DDX3X	DDX3X	chrX.41342644.G.A	SNV	Missense	p.R145H	R/H	145	missense_variant	NM_001356.5	ENST00000644876	1	0.15625	5	32	ENST00000644876.2:c.434G>A	ENSP00000494040.1:p.Arg145His	protein_coding	145	FALSE	Missense_Other	4
SJTALL067335	C2_WGS	PIK3CA	PIK3CA	chr3.179218305.G.T	SNV	Missense	p.E545D	E/D	545	missense_variant	NM_006218.4	ENST00000263967	1	0.538461538461538	21	39	ENST00000263967.4:c.1635G>T	ENSP00000263967.3:p.Glu545Asp	protein_coding	545	TRUE	Hotspot	5
SJTALL067335	C2_WGS	PIK3CA	PIK3CA	chr3.179230348.G.A	SNV	Missense	p.E970K	E/K	970	missense_variant	NM_006218.4	ENST00000263967	1	0.464285714285714	13	28	ENST00000263967.4:c.2908G>A	ENSP00000263967.3:p.Glu970Lys	protein_coding	970	FALSE	Missense_Other	4
SJTALL067335	C2_WGS	PPM1D	PPM1D	chr17.60663269.AT.AAT	Indel	Frameshift	p.N512KX	N/KX	512	frameshift_variant	NM_003620.4	ENST00000305921	1	0.324324324324324	12	37	ENST00000305921.8:c.1535dup	ENSP00000306682.2:p.Asn512LysfsTer16	protein_coding	512	FALSE	Truncating	2
SJTALL068302	C1_WGS	PTPN11	PTPN11	chr12.112450362.A.T	SNV	Missense	p.D61V	D/V	61	missense_variant	NM_002834.5	ENST00000351677	1	0.473684210526316	18	38	ENST00000351677.7:c.182A>T	ENSP00000340944.3:p.Asp61Val	protein_coding	61	FALSE	Missense_Other	4
SJTALL068303	C1_WGS	MYCN	MYCN	chr2.15942195.C.T	SNV	Missense	p.P44L	P/L	44	missense_variant	NM_005378.6	ENST00000281043	1	0.538461538461538	21	39	ENST00000281043.4:c.131C>T	ENSP00000281043.3:p.Pro44Leu	protein_coding	44	TRUE	Hotspot	5
SJTALL068304	C1_WGS	CTCF	CTCF	chr16.67611441.AAC.AC	Indel	Frameshift	p.T204X	T/X	204	frameshift_variant	NM_006565.4	ENST00000264010	1	0.538461538461538	7	13	ENST00000264010.10:c.610del	ENSP00000264010.4:p.Thr204GlnfsTer18	protein_coding	204	FALSE	Truncating	2
SJTALL068304	C1_WGS	KRAS	KRAS	chr12.25245350.C.T	SNV	Missense	p.G12D	G/D	12	missense_variant	NM_004985.5	ENST00000311936	1	0.1	1	10	ENST00000311936.8:c.35G>A	ENSP00000308495.3:p.Gly12Asp	protein_coding	12	TRUE	Hotspot	5
SJTALL068305	C1_WGS	CTCF	CTCF	chr16.67636819.C.T	SNV	Missense	p.P656L	P/L	656	missense_variant	NM_006565.4	ENST00000264010	1	0.181818181818182	6	33	ENST00000264010.10:c.1967C>T	ENSP00000264010.4:p.Pro656Leu	protein_coding	656	FALSE	Missense_Other	4
SJTALL068305	C1B_WGS	CTCF	CTCF	chr16.67611272.TT.TCCCAATCTCGGCCTT	Indel	Frameshift	p.L147LPISAX	L/LPISAX	147	frameshift_variant	NM_006565.4	ENST00000264010	1	0.411764705882353	14	34	ENST00000264010.10:c.440_441insCCCAATCTCGGCCT	ENSP00000264010.4:p.Ala148ProfsTer11	protein_coding	147	FALSE	Truncating	2
SJTALL068305	C1_WGS	CTCF	CTCF	chr16.67611272.TT.TCCCAATCTCGGCCTT	Indel	Frameshift	p.L147LPISAX	L/LPISAX	147	frameshift_variant	NM_006565.4	ENST00000264010	1	0.326530612244898	16	49	ENST00000264010.10:c.440_441insCCCAATCTCGGCCT	ENSP00000264010.4:p.Ala148ProfsTer11	protein_coding	147	FALSE	Truncating	2
SJTALL068306	C1_WGS	CTCF	CTCF	chr16.67612119.C.T	SNV	Missense	p.T317I	T/I	317	missense_variant,splice_region_variant	NM_006565.4	ENST00000264010	1	0.434782608695652	10	23	ENST00000264010.10:c.950C>T	ENSP00000264010.4:p.Thr317Ile	protein_coding	317	FALSE	Missense_Other	4
SJTALL068308	C1_WGS	CTNNB1	CTNNB1	chr3.41224544.A.G	SNV	Missense	p.D11G	D/G	11	missense_variant	NM_001904.4	ENST00000349496	1	0.8	8	10	ENST00000349496.11:c.32A>G	ENSP00000344456.5:p.Asp11Gly	protein_coding	11	FALSE	Missense_Other	4
SJTALL071491	C1_WGS	PIK3CA	PIK3CA	chr3.179221048.G.A	SNV	Missense	p.R693H	R/H	693	missense_variant	NM_006218.4	ENST00000263967	1	0.291666666666667	7	24	ENST00000263967.4:c.2078G>A	ENSP00000263967.3:p.Arg693His	protein_coding	693	FALSE	Missense_Other	4
SJTALL073623	C2_WGS	CTCF	CTCF	chr16.67637705.G.A	SNV	Missense	p.V673I	V/I	673	missense_variant	NM_006565.4	ENST00000264010	1	0.205128205128205	8	39	ENST00000264010.10:c.2017G>A	ENSP00000264010.4:p.Val673Ile	protein_coding	673	FALSE	Missense_Other	4
SJTALL073623	C1_WGS	CTCF	CTCF	chr16.67637705.G.A	SNV	Missense	p.V673I	V/I	673	missense_variant	NM_006565.4	ENST00000264010	1	0.2	8	40	ENST00000264010.10:c.2017G>A	ENSP00000264010.4:p.Val673Ile	protein_coding	673	FALSE	Missense_Other	4
SJTALL073623	C2_WGS	KIT	KIT	chr4.54698476.G.A	SNV	Missense	p.R177H	R/H	177	missense_variant	NM_000222.3	ENST00000288135	1	0.4	16	40	ENST00000288135.6:c.530G>A	ENSP00000288135.6:p.Arg177His	protein_coding	177	FALSE	Missense_Other	4
SJTALL073623	C2_WGS	PIK3CA	PIK3CA	chr3.179218305.G.T	SNV	Missense	p.E545D	E/D	545	missense_variant	NM_006218.4	ENST00000263967	1	0.545454545454545	12	22	ENST00000263967.4:c.1635G>T	ENSP00000263967.3:p.Glu545Asp	protein_coding	545	TRUE	Hotspot	5
SJTALL073623	C1_WGS	PIK3CA	PIK3CA	chr3.179218305.G.T	SNV	Missense	p.E545D	E/D	545	missense_variant	NM_006218.4	ENST00000263967	1	0.28125	9	32	ENST00000263967.4:c.1635G>T	ENSP00000263967.3:p.Glu545Asp	protein_coding	545	TRUE	Hotspot	5
SJTALL073623	C1_WGS	PIK3CA	PIK3CA	chr3.179230348.G.A	SNV	Missense	p.E970K	E/K	970	missense_variant	NM_006218.4	ENST00000263967	1	0.5	15	30	ENST00000263967.4:c.2908G>A	ENSP00000263967.3:p.Glu970Lys	protein_coding	970	FALSE	Missense_Other	4
SJTALL073623	C2_WGS	PIK3CA	PIK3CA	chr3.179230348.G.A	SNV	Missense	p.E970K	E/K	970	missense_variant	NM_006218.4	ENST00000263967	1	0.303030303030303	10	33	ENST00000263967.4:c.2908G>A	ENSP00000263967.3:p.Glu970Lys	protein_coding	970	FALSE	Missense_Other	4
SJTALL073626	C1_WGS	CTCF	CTCF	chr16.67628481.C.T	SNV	Missense	p.R544C	R/C	544	missense_variant	NM_006565.4	ENST00000264010	1	0.689655172413793	20	29	ENST00000264010.10:c.1630C>T	ENSP00000264010.4:p.Arg544Cys	protein_coding	544	FALSE	Missense_Other	4
SJTALL073626	C2_WGS	CTCF	CTCF	chr16.67628481.C.T	SNV	Missense	p.R544C	R/C	544	missense_variant	NM_006565.4	ENST00000264010	1	0.534883720930233	23	43	ENST00000264010.10:c.1630C>T	ENSP00000264010.4:p.Arg544Cys	protein_coding	544	FALSE	Missense_Other	4
SJTALL073626	C1_WGS	CTCF	CTCF	chr16.67621555.CA.CCA	Indel	Frameshift	p.H441PX	H/PX	441	frameshift_variant	NM_006565.4	ENST00000264010	1	0.372093023255814	16	43	ENST00000264010.10:c.1321dup	ENSP00000264010.4:p.His441ProfsTer3	protein_coding	441	FALSE	Truncating	2
SJTALL073626	C1_WGS	DDX3X	DDX3X	chrX.41342644.G.A	SNV	Missense	p.R145H	R/H	145	missense_variant	NM_001356.5	ENST00000644876	1	0.176470588235294	3	17	ENST00000644876.2:c.434G>A	ENSP00000494040.1:p.Arg145His	protein_coding	145	FALSE	Missense_Other	4
SJTALL073626	C2_WGS	DDX3X	DDX3X	chrX.41342644.G.A	SNV	Missense	p.R145H	R/H	145	missense_variant	NM_001356.5	ENST00000644876	1	0.166666666666667	5	30	ENST00000644876.2:c.434G>A	ENSP00000494040.1:p.Arg145His	protein_coding	145	FALSE	Missense_Other	4
SJTALL073626	C2_WGS	ERG	ERG	chr21.38403617.G.A	SNV	Nonsense	p.Q161*	Q/*	161	stop_gained	NM_182918.4	ENST00000288319	1	0.48	12	25	ENST00000288319.12:c.481C>T	ENSP00000288319.7:p.Gln161Ter	protein_coding	161	FALSE	Truncating	2
SJTALL077294	C1B_WGS	CTCF	CTCF	chr16.67620739.C.T	SNV	Missense	p.R377C	R/C	377	missense_variant	NM_006565.4	ENST00000264010	1	0.0588235294117647	3	51	ENST00000264010.10:c.1129C>T	ENSP00000264010.4:p.Arg377Cys	protein_coding	377	TRUE	Hotspot	5
SJTALL077294	C1B_WGS	CTCF	CTCF	chr16.67562725.G.A	SNV	Splice	""	""		splice_donor_variant	NM_006565.4	ENST00000264010	1	0.555555555555556	10	18	ENST00000264010.10:c.-127+1G>A	""	protein_coding		FALSE	Truncating	2
SJTALL080084	C1_WGS	CTCF	CTCF	chr16.67611442.AC.AAC	Indel	Frameshift	p.T204NX	T/NX	204	frameshift_variant	NM_006565.4	ENST00000264010	1	0.5	13	26	ENST00000264010.10:c.610dup	ENSP00000264010.4:p.Thr204AsnfsTer26	protein_coding	204	FALSE	Truncating	2
SJTALL080085	C1_WGS	CTCF	CTCF	chr16.67611202.G.T	SNV	Missense	p.V124L	V/L	124	missense_variant	NM_006565.4	ENST00000264010	1	0.333333333333333	9	27	ENST00000264010.10:c.370G>T	ENSP00000264010.4:p.Val124Leu	protein_coding	124	FALSE	Missense_Other	4
SJTALL080085	C1_WGS	PIK3CA	PIK3CA	chr3.179218305.G.T	SNV	Missense	p.E545D	E/D	545	missense_variant	NM_006218.4	ENST00000263967	1	0.35	14	40	ENST00000263967.4:c.1635G>T	ENSP00000263967.3:p.Glu545Asp	protein_coding	545	TRUE	Hotspot	5
SJTALL080085	C1_WGS	PIK3CA	PIK3CA	chr3.179230348.G.A	SNV	Missense	p.E970K	E/K	970	missense_variant	NM_006218.4	ENST00000263967	1	0.642857142857143	18	28	ENST00000263967.4:c.2908G>A	ENSP00000263967.3:p.Glu970Lys	protein_coding	970	FALSE	Missense_Other	4
SJTALL080086	C1_WGS	PDGFRA	PDGFRA	chr4.54290347.GTGACCATC.GGC	Indel	InframeOther	p.SDH972R	SDH/R	972	protein_altering_variant	NM_006206.6	ENST00000257290	1	0.483870967741935	15	31	ENST00000257290.10:c.2916_2922delinsG	ENSP00000257290.5:p.Ser972_His974delinsArg	protein_coding	972	FALSE	InframeIndel	3
SJTALL080088	C1_WGS	CTCF	CTCF	chr16.67612119.C.T	SNV	Missense	p.T317I	T/I	317	missense_variant,splice_region_variant	NM_006565.4	ENST00000264010	1	0.454545454545455	15	33	ENST00000264010.10:c.950C>T	ENSP00000264010.4:p.Thr317Ile	protein_coding	317	FALSE	Missense_Other	4
SJTALL080088	C1B_WGS	CTCF	CTCF	chr16.67612119.C.T	SNV	Missense	p.T317I	T/I	317	missense_variant,splice_region_variant	NM_006565.4	ENST00000264010	1	0.27906976744186	24	86	ENST00000264010.10:c.950C>T	ENSP00000264010.4:p.Thr317Ile	protein_coding	317	FALSE	Missense_Other	4
SJTALL080088	C1_WGS	CTCF	CTCF	chr16.67620743.C.T	SNV	Missense	p.P378L	P/L	378	missense_variant	NM_006565.4	ENST00000264010	1	0.277777777777778	5	18	ENST00000264010.10:c.1133C>T	ENSP00000264010.4:p.Pro378Leu	protein_coding	378	FALSE	Missense_Other	4
SJTALL080088	C1B_WGS	CTCF	CTCF	chr16.67611074.C.T	SNV	Missense	p.T81I	T/I	81	missense_variant	NM_006565.4	ENST00000264010	1	0.109375	7	64	ENST00000264010.10:c.242C>T	ENSP00000264010.4:p.Thr81Ile	protein_coding	81	FALSE	Missense_Other	4
SJTALL080088	C1B_WGS	PIK3CA	PIK3CA	chr3.179234297.A.G	SNV	Missense	p.H1047R	H/R	1047	missense_variant	NM_006218.4	ENST00000263967	1	0.196078431372549	10	51	ENST00000263967.4:c.3140A>G	ENSP00000263967.3:p.His1047Arg	protein_coding	1047	TRUE	Hotspot	5
SJTALL080088	C1B_WGS	PIK3CA	PIK3CA	chr3.179203760.G.A	SNV	Missense	p.V344M	V/M	344	missense_variant	NM_006218.4	ENST00000263967	1	0.132075471698113	7	53	ENST00000263967.4:c.1030G>A	ENSP00000263967.3:p.Val344Met	protein_coding	344	FALSE	Missense_Other	4
SJTALL080088	C1_WGS	SMO	SMO	chr7.129212167.CCT.CT	Indel	Frameshift	p.P694X	P/X	694	frameshift_variant	NM_005631.5	ENST00000249373	1	0.194444444444444	7	36	ENST00000249373.8:c.2081del	ENSP00000249373.3:p.Pro694LeufsTer82	protein_coding	694	FALSE	Truncating	2
SJTALL080092	C1_WGS	H3F3A	H3F3A	chr1.226064434.A.G	SNV	Missense	p.K28R	K/R	28	missense_variant	NM_002107.7	ENST00000366815	1	0.5	8	16	ENST00000366815.10:c.83A>G	ENSP00000355780.3:p.Lys28Arg	protein_coding	28	TRUE	Hotspot	5
SJTALL080093	C1_WGS	PIK3CA	PIK3CA	chr3.179234297.A.G	SNV	Missense	p.H1047R	H/R	1047	missense_variant	NM_006218.4	ENST00000263967	1	0.466666666666667	7	15	ENST00000263967.4:c.3140A>G	ENSP00000263967.3:p.His1047Arg	protein_coding	1047	TRUE	Hotspot	5
SJTALL080704	C1_WGS	CTCF	CTCF	chr16.67611442.AC.AAC	Indel	Frameshift	p.T204NX	T/NX	204	frameshift_variant	NM_006565.4	ENST00000264010	1	0.583333333333333	14	24	ENST00000264010.10:c.610dup	ENSP00000264010.4:p.Thr204AsnfsTer26	protein_coding	204	FALSE	Truncating	2
SJTALL080706	C1_WGS	CTCF	CTCF	chr16.67620739.C.T	SNV	Missense	p.R377C	R/C	377	missense_variant	NM_006565.4	ENST00000264010	1	0.578947368421053	11	19	ENST00000264010.10:c.1129C>T	ENSP00000264010.4:p.Arg377Cys	protein_coding	377	TRUE	Hotspot	5
SJTALL080709	C1_WGS	SMO	SMO	chr7.129212167.CCT.CT	Indel	Frameshift	p.P694X	P/X	694	frameshift_variant	NM_005631.5	ENST00000249373	1	0.533333333333333	16	30	ENST00000249373.8:c.2081del	ENSP00000249373.3:p.Pro694LeufsTer82	protein_coding	694	FALSE	Truncating	2
SJTALL080709	C1_WGS	SMO	SMO	chr7.129189224.GAC.GC	Indel	Frameshift	p.D25X	D/X	25	frameshift_variant	NM_005631.5	ENST00000249373	1	0.354838709677419	11	31	ENST00000249373.8:c.74del	ENSP00000249373.3:p.Asp25AlafsTer30	protein_coding	25	FALSE	Truncating	2
SJTALL080723	C1_WGS	CTCF	CTCF	chr16.67626553.A.G	SNV	Splice	""	""		splice_acceptor_variant	NM_006565.4	ENST00000264010	1	0.5	7	14	ENST00000264010.10:c.1358-2A>G	""	protein_coding		FALSE	Truncating	2
SJTALL080724	C5_WGS	CTCF	CTCF	chr16.67626553.A.G	SNV	Splice	""	""		splice_acceptor_variant	NM_006565.4	ENST00000264010	1	0.475	19	40	ENST00000264010.10:c.1358-2A>G	""	protein_coding		FALSE	Truncating	2
SJTALL085558	C1_WGS	COL1A1	COL1A1	chr17.50194723.G.A	SNV	Missense	p.R487C	R/C	487	missense_variant,splice_region_variant	NM_000088.4	ENST00000225964	1	0.236842105263158	9	38	ENST00000225964.10:c.1459C>T	ENSP00000225964.6:p.Arg487Cys	protein_coding	487	FALSE	Missense_Other	4
SJTALL085558	C1_WGS	CTCF	CTCF	chr16.67616750.C.T	SNV	Missense	p.R320C	R/C	320	missense_variant	NM_006565.4	ENST00000264010	1	0.3125	15	48	ENST00000264010.10:c.958C>T	ENSP00000264010.4:p.Arg320Cys	protein_coding	320	FALSE	Missense_Other	4
SJTALL085558	C1_WGS	CTCF	CTCF	chr16.67629503.C.T	SNV	Missense	p.R603C	R/C	603	missense_variant	NM_006565.4	ENST00000264010	1	0.189189189189189	7	37	ENST00000264010.10:c.1807C>T	ENSP00000264010.4:p.Arg603Cys	protein_coding	603	FALSE	Missense_Other	4
SJTALL085566	C1_WGS	KRAS	KRAS	chr12.25245350.C.T	SNV	Missense	p.G12D	G/D	12	missense_variant	NM_004985.5	ENST00000311936	1	0.0666666666666667	3	45	ENST00000311936.8:c.35G>A	ENSP00000308495.3:p.Gly12Asp	protein_coding	12	TRUE	Hotspot	5
SJTLL080724	C2_WGS	CTCF	CTCF	chr16.67626553.A.G	SNV	Splice	""	""		splice_acceptor_variant	NM_006565.4	ENST00000264010	1	0.475	19	40	ENST00000264010.10:c.1358-2A>G	""	protein_coding		FALSE	Truncating	2
SJTLL083990	C2_WGS	ERG	ERG	chr21.38383515.GA.GGTTGA	Indel	Frameshift	p.S443STX	S/STX	443	frameshift_variant	NM_182918.4	ENST00000288319	1	0.666666666666667	12	18	ENST00000288319.12:c.1328_1329insAACC	ENSP00000288319.7:p.Ser444ThrfsTer23	protein_coding	443	FALSE	Truncating	2
