PID	Sample	gene_target	gene_symbol	Marker_hg38	Marker.Type	Variant_Class	HGVSp_Short	amino_acids	protein_start	consequence	mane_select	transcript_id	canonical	VAF	nM	nT	hgvsc	hgvsp	biotype
SJBALL020016	C1_WGS	NRAS	NRAS	chr1.114709583.C.T	SNV	Missense	p.A146T	A/T	146	missense_variant	NM_002524.5	ENST00000369535	1	0.5	20	40	ENST00000369535.5:c.436G>A	ENSP00000358548.4:p.Ala146Thr	protein_coding
SJBALL020016	C1B_WGS	NRAS	NRAS	chr1.114709583.C.T	SNV	Missense	p.A146T	A/T	146	missense_variant	NM_002524.5	ENST00000369535	1	0.205128205128205	8	39	ENST00000369535.5:c.436G>A	ENSP00000358548.4:p.Ala146Thr	protein_coding
SJNBL080413	C4_WGS	NRAS	NRAS	chr1.114709583.C.T	SNV	Missense	p.A146T	A/T	146	missense_variant	NM_002524.5	ENST00000369535	1	0.26	13	50	ENST00000369535.5:c.436G>A	ENSP00000358548.4:p.Ala146Thr	protein_coding
SJCOAD092773	C1_WGS	NRAS	NRAS	chr1.114713818.G.A	SNV	Missense	p.A91V	A/V	91	missense_variant	NM_002524.5	ENST00000369535	1	0.631578947368421	12	19	ENST00000369535.5:c.272C>T	ENSP00000358548.4:p.Ala91Val	protein_coding
SJALL075986	C1_WGS	NRAS	NRAS	chr1.114713907.T.A	SNV	Missense	p.Q61H	Q/H	61	missense_variant	NM_002524.5	ENST00000369535	1	0.48780487804878	20	41	ENST00000369535.5:c.183A>T	ENSP00000358548.4:p.Gln61His	protein_coding
SJRHB092562	C2_WGS	NRAS	NRAS	chr1.114713907.T.A	SNV	Missense	p.Q61H	Q/H	61	missense_variant	NM_002524.5	ENST00000369535	1	0.58974358974359	23	39	ENST00000369535.5:c.183A>T	ENSP00000358548.4:p.Gln61His	protein_coding
SJRHB092562	C2B_WGS	NRAS	NRAS	chr1.114713907.T.A	SNV	Missense	p.Q61H	Q/H	61	missense_variant	NM_002524.5	ENST00000369535	1	0.758620689655172	44	58	ENST00000369535.5:c.183A>T	ENSP00000358548.4:p.Gln61His	protein_coding
SJAML046462	C4_WGS	NRAS	NRAS	chr1.114713907.T.A	SNV	Missense	p.Q61H	Q/H	61	missense_variant	NM_002524.5	ENST00000369535	1	0.4	6	15	ENST00000369535.5:c.183A>T	ENSP00000358548.4:p.Gln61His	protein_coding
SJAML046462	C6_WGS	NRAS	NRAS	chr1.114713907.T.A	SNV	Missense	p.Q61H	Q/H	61	missense_variant	NM_002524.5	ENST00000369535	1	0.555555555555556	20	36	ENST00000369535.5:c.183A>T	ENSP00000358548.4:p.Gln61His	protein_coding
SJNHL093293	C1_WGS	NRAS	NRAS	chr1.114713907.T.G	SNV	Missense	p.Q61H	Q/H	61	missense_variant	NM_002524.5	ENST00000369535	1	1	18	18	ENST00000369535.5:c.183A>C	ENSP00000358548.4:p.Gln61His	protein_coding
SJTALL068305	C1_WGS	NRAS	NRAS	chr1.114713907.T.G	SNV	Missense	p.Q61H	Q/H	61	missense_variant	NM_002524.5	ENST00000369535	1	0.363636363636364	8	22	ENST00000369535.5:c.183A>C	ENSP00000358548.4:p.Gln61His	protein_coding
SJTALL068305	C1B_WGS	NRAS	NRAS	chr1.114713907.T.G	SNV	Missense	p.Q61H	Q/H	61	missense_variant	NM_002524.5	ENST00000369535	1	0.4	8	20	ENST00000369535.5:c.183A>C	ENSP00000358548.4:p.Gln61His	protein_coding
SJALL062805	C1_WGS	NRAS	NRAS	chr1.114713908.T.A	SNV	Missense	p.Q61L	Q/L	61	missense_variant	NM_002524.5	ENST00000369535	1	0.576271186440678	34	59	ENST00000369535.5:c.182A>T	ENSP00000358548.4:p.Gln61Leu	protein_coding
SJAML077102	C1_WGS	NRAS	NRAS	chr1.114713908.T.A	SNV	Missense	p.Q61L	Q/L	61	missense_variant	NM_002524.5	ENST00000369535	1	1	30	30	ENST00000369535.5:c.182A>T	ENSP00000358548.4:p.Gln61Leu	protein_coding
SJAML080096	C1_WGS	NRAS	NRAS	chr1.114713908.T.A	SNV	Missense	p.Q61L	Q/L	61	missense_variant	NM_002524.5	ENST00000369535	1	0.56	14	25	ENST00000369535.5:c.182A>T	ENSP00000358548.4:p.Gln61Leu	protein_coding
SJMEL092789	C1_WGS	NRAS	NRAS	chr1.114713908.T.A	SNV	Missense	p.Q61L	Q/L	61	missense_variant	NM_002524.5	ENST00000369535	1	0.614035087719298	35	57	ENST00000369535.5:c.182A>T	ENSP00000358548.4:p.Gln61Leu	protein_coding
SJST093113	C1_WGS	NRAS	NRAS	chr1.114713908.T.A	SNV	Missense	p.Q61L	Q/L	61	missense_variant	NM_002524.5	ENST00000369535	1	1	22	22	ENST00000369535.5:c.182A>T	ENSP00000358548.4:p.Gln61Leu	protein_coding
SJBALL096743	C1_WGS	NRAS	NRAS	chr1.114713908.T.A	SNV	Missense	p.Q61L	Q/L	61	missense_variant	NM_002524.5	ENST00000369535	1	0.625	20	32	ENST00000369535.5:c.182A>T	ENSP00000358548.4:p.Gln61Leu	protein_coding
SJHM096702	C1_WGS	NRAS	NRAS	chr1.114713908.T.A	SNV	Missense	p.Q61L	Q/L	61	missense_variant	NM_002524.5	ENST00000369535	1	0.48	12	25	ENST00000369535.5:c.182A>T	ENSP00000358548.4:p.Gln61Leu	protein_coding
SJHB085560	C1_WGS	NRAS	NRAS	chr1.114713908.T.A	SNV	Missense	p.Q61L	Q/L	61	missense_variant	NM_002524.5	ENST00000369535	1	0.511111111111111	23	45	ENST00000369535.5:c.182A>T	ENSP00000358548.4:p.Gln61Leu	protein_coding
SJHB058524	C4_WGS	NRAS	NRAS	chr1.114713908.T.A	SNV	Missense	p.Q61L	Q/L	61	missense_variant	NM_002524.5	ENST00000369535	1	0.4	8	20	ENST00000369535.5:c.182A>T	ENSP00000358548.4:p.Gln61Leu	protein_coding
SJAML077102	C4_WGS	NRAS	NRAS	chr1.114713908.T.A	SNV	Missense	p.Q61L	Q/L	61	missense_variant	NM_002524.5	ENST00000369535	1	1	37	37	ENST00000369535.5:c.182A>T	ENSP00000358548.4:p.Gln61Leu	protein_coding
SJHB058524	C5_WGS	NRAS	NRAS	chr1.114713908.T.A	SNV	Missense	p.Q61L	Q/L	61	missense_variant	NM_002524.5	ENST00000369535	1	0.461538461538462	12	26	ENST00000369535.5:c.182A>T	ENSP00000358548.4:p.Gln61Leu	protein_coding
SJHB058524	C5B_WGS	NRAS	NRAS	chr1.114713908.T.A	SNV	Missense	p.Q61L	Q/L	61	missense_variant	NM_002524.5	ENST00000369535	1	0.461538461538462	12	26	ENST00000369535.5:c.182A>T	ENSP00000358548.4:p.Gln61Leu	protein_coding
SJBALL062805	C11_WGS	NRAS	NRAS	chr1.114713908.T.A	SNV	Missense	p.Q61L	Q/L	61	missense_variant	NM_002524.5	ENST00000369535	1	0.426470588235294	29	68	ENST00000369535.5:c.182A>T	ENSP00000358548.4:p.Gln61Leu	protein_coding
SJBLCA093001	C1_WGS	NRAS	NRAS	chr1.114713908.T.C	SNV	Missense	p.Q61R	Q/R	61	missense_variant	NM_002524.5	ENST00000369535	1	0.427272727272727	47	110	ENST00000369535.5:c.182A>G	ENSP00000358548.4:p.Gln61Arg	protein_coding
SJHGG085169	C1_WGS	NRAS	NRAS	chr1.114713908.T.C	SNV	Missense	p.Q61R	Q/R	61	missense_variant	NM_002524.5	ENST00000369535	1	0.294117647058824	10	34	ENST00000369535.5:c.182A>G	ENSP00000358548.4:p.Gln61Arg	protein_coding
SJMB080409	C1_WGS	NRAS	NRAS	chr1.114713908.T.C	SNV	Missense	p.Q61R	Q/R	61	missense_variant	NM_002524.5	ENST00000369535	1	0.648648648648649	24	37	ENST00000369535.5:c.182A>G	ENSP00000358548.4:p.Gln61Arg	protein_coding
SJNHL092815	C1_WGS	NRAS	NRAS	chr1.114713908.T.C	SNV	Missense	p.Q61R	Q/R	61	missense_variant	NM_002524.5	ENST00000369535	1	0.409090909090909	9	22	ENST00000369535.5:c.182A>G	ENSP00000358548.4:p.Gln61Arg	protein_coding
SJSCLC093133	C1_WGS	NRAS	NRAS	chr1.114713908.T.C	SNV	Missense	p.Q61R	Q/R	61	missense_variant	NM_002524.5	ENST00000369535	1	1	19	19	ENST00000369535.5:c.182A>G	ENSP00000358548.4:p.Gln61Arg	protein_coding
SJST093163	C1_WGS	NRAS	NRAS	chr1.114713908.T.C	SNV	Missense	p.Q61R	Q/R	61	missense_variant	NM_002524.5	ENST00000369535	1	0.62962962962963	17	27	ENST00000369535.5:c.182A>G	ENSP00000358548.4:p.Gln61Arg	protein_coding
SJST092760	C1_WGS	NRAS	NRAS	chr1.114713908.T.C	SNV	Missense	p.Q61R	Q/R	61	missense_variant	NM_002524.5	ENST00000369535	1	0.25	4	16	ENST00000369535.5:c.182A>G	ENSP00000358548.4:p.Gln61Arg	protein_coding
SJMEL045733	C2_WGS	NRAS	NRAS	chr1.114713908.T.C	SNV	Missense	p.Q61R	Q/R	61	missense_variant	NM_002524.5	ENST00000369535	1	0.689655172413793	40	58	ENST00000369535.5:c.182A>G	ENSP00000358548.4:p.Gln61Arg	protein_coding
SJAML096745	C1_WGS	NRAS	NRAS	chr1.114713908.T.G	SNV	Missense	p.Q61P	Q/P	61	missense_variant	NM_002524.5	ENST00000369535	1	0.4	12	30	ENST00000369535.5:c.182A>C	ENSP00000358548.4:p.Gln61Pro	protein_coding
SJAML066167	C1B_WGS	NRAS	NRAS	chr1.114713908.T.G	SNV	Missense	p.Q61P	Q/P	61	missense_variant	NM_002524.5	ENST00000369535	1	0.515151515151515	17	33	ENST00000369535.5:c.182A>C	ENSP00000358548.4:p.Gln61Pro	protein_coding
SJMEL093077	C1_WGS	NRAS	NRAS	chr1.114713908.TGTC.TTAC	MNV	Missense	p.GQ60GK	GQ/GK	60	missense_variant	NM_002524.5	ENST00000369535	1	0.576923076923077	30	52	ENST00000369535.5:c.180_181delinsTA	ENSP00000358548.4:p.Gln61Lys	protein_coding
SJLUAD092945	C1_WGS	NRAS	NRAS	chr1.114713908.TGTCCAG.TTTCCTG	MNV	Missense	p.AGQ59AGK	AGQ/AGK	59	missense_variant	NM_002524.5	ENST00000369535	1	0.177777777777778	8	45	ENST00000369535.5:c.177_181delinsAGGAA	ENSP00000358548.4:p.Gln61Lys	protein_coding
SJAMLM7011231	C1_WGS	NRAS	NRAS	chr1.114713909.G.T	SNV	Missense	p.Q61K	Q/K	61	missense_variant	NM_002524.5	ENST00000369535	1	0.3	6	20	ENST00000369535.5:c.181C>A	ENSP00000358548.4:p.Gln61Lys	protein_coding
SJBT093241	C1_WGS	NRAS	NRAS	chr1.114713909.G.T	SNV	Missense	p.Q61K	Q/K	61	missense_variant	NM_002524.5	ENST00000369535	1	0.5	18	36	ENST00000369535.5:c.181C>A	ENSP00000358548.4:p.Gln61Lys	protein_coding
SJHCC093103	C1_WGS	NRAS	NRAS	chr1.114713909.G.T	SNV	Missense	p.Q61K	Q/K	61	missense_variant	NM_002524.5	ENST00000369535	1	0.233333333333333	7	30	ENST00000369535.5:c.181C>A	ENSP00000358548.4:p.Gln61Lys	protein_coding
SJLUAD092945	C1_WGS	NRAS	NRAS	chr1.114713909.G.T	SNV	Missense	p.Q61K	Q/K	61	missense_variant	NM_002524.5	ENST00000369535	1	0.162790697674419	7	43	ENST00000369535.5:c.181C>A	ENSP00000358548.4:p.Gln61Lys	protein_coding
SJLUSC092731	C1_WGS	NRAS	NRAS	chr1.114713909.G.T	SNV	Missense	p.Q61K	Q/K	61	missense_variant	NM_002524.5	ENST00000369535	1	0.526315789473684	20	38	ENST00000369535.5:c.181C>A	ENSP00000358548.4:p.Gln61Lys	protein_coding
SJMEL092763	C1_WGS	NRAS	NRAS	chr1.114713909.G.T	SNV	Missense	p.Q61K	Q/K	61	missense_variant	NM_002524.5	ENST00000369535	1	0.566666666666667	17	30	ENST00000369535.5:c.181C>A	ENSP00000358548.4:p.Gln61Lys	protein_coding
SJMEL092765	C1_WGS	NRAS	NRAS	chr1.114713909.G.T	SNV	Missense	p.Q61K	Q/K	61	missense_variant	NM_002524.5	ENST00000369535	1	0.8	28	35	ENST00000369535.5:c.181C>A	ENSP00000358548.4:p.Gln61Lys	protein_coding
SJMEL093077	C1_WGS	NRAS	NRAS	chr1.114713909.G.T	SNV	Missense	p.Q61K	Q/K	61	missense_variant	NM_002524.5	ENST00000369535	1	0.571428571428571	28	49	ENST00000369535.5:c.181C>A	ENSP00000358548.4:p.Gln61Lys	protein_coding
SJNBL080401	C1_WGS	NRAS	NRAS	chr1.114713909.G.T	SNV	Missense	p.Q61K	Q/K	61	missense_variant	NM_002524.5	ENST00000369535	1	0.5625	18	32	ENST00000369535.5:c.181C>A	ENSP00000358548.4:p.Gln61Lys	protein_coding
SJNHL092782	C1_WGS	NRAS	NRAS	chr1.114713909.G.T	SNV	Missense	p.Q61K	Q/K	61	missense_variant	NM_002524.5	ENST00000369535	1	0.434782608695652	10	23	ENST00000369535.5:c.181C>A	ENSP00000358548.4:p.Gln61Lys	protein_coding
SJOS094066	C1_WGS	NRAS	NRAS	chr1.114713909.G.T	SNV	Missense	p.Q61K	Q/K	61	missense_variant	NM_002524.5	ENST00000369535	1	0.434782608695652	10	23	ENST00000369535.5:c.181C>A	ENSP00000358548.4:p.Gln61Lys	protein_coding
SJST092919	C1_WGS	NRAS	NRAS	chr1.114713909.G.T	SNV	Missense	p.Q61K	Q/K	61	missense_variant	NM_002524.5	ENST00000369535	1	0.4375	14	32	ENST00000369535.5:c.181C>A	ENSP00000358548.4:p.Gln61Lys	protein_coding
SJSTS092772	C1_WGS	NRAS	NRAS	chr1.114713909.G.T	SNV	Missense	p.Q61K	Q/K	61	missense_variant	NM_002524.5	ENST00000369535	1	0.588235294117647	30	51	ENST00000369535.5:c.181C>A	ENSP00000358548.4:p.Gln61Lys	protein_coding
SJTALL077294	C1_WGS	NRAS	NRAS	chr1.114713909.G.T	SNV	Missense	p.Q61K	Q/K	61	missense_variant	NM_002524.5	ENST00000369535	1	0.147058823529412	5	34	ENST00000369535.5:c.181C>A	ENSP00000358548.4:p.Gln61Lys	protein_coding
SJTALL092583	C1_WGS	NRAS	NRAS	chr1.114713909.G.T	SNV	Missense	p.Q61K	Q/K	61	missense_variant	NM_002524.5	ENST00000369535	1	0.454545454545455	15	33	ENST00000369535.5:c.181C>A	ENSP00000358548.4:p.Gln61Lys	protein_coding
SJNHL092796	C1_WGS	NRAS	NRAS	chr1.114713909.G.T	SNV	Missense	p.Q61K	Q/K	61	missense_variant	NM_002524.5	ENST00000369535	1	0.0784313725490196	4	51	ENST00000369535.5:c.181C>A	ENSP00000358548.4:p.Gln61Lys	protein_coding
SJOS080407	C1_WGS	NRAS	NRAS	chr1.114713909.G.T	SNV	Missense	p.Q61K	Q/K	61	missense_variant	NM_002524.5	ENST00000369535	1	0.102564102564103	4	39	ENST00000369535.5:c.181C>A	ENSP00000358548.4:p.Gln61Lys	protein_coding
SJAML083041	C1_WGS	NRAS	NRAS	chr1.114713909.G.T	SNV	Missense	p.Q61K	Q/K	61	missense_variant	NM_002524.5	ENST00000369535	1	0.576923076923077	15	26	ENST00000369535.5:c.181C>A	ENSP00000358548.4:p.Gln61Lys	protein_coding
SJNHL092596	C1_WGS	NRAS	NRAS	chr1.114713909.G.T	SNV	Missense	p.Q61K	Q/K	61	missense_variant	NM_002524.5	ENST00000369535	1	0.5	9	18	ENST00000369535.5:c.181C>A	ENSP00000358548.4:p.Gln61Lys	protein_coding
SJST092755	C1_WGS	NRAS	NRAS	chr1.114713909.G.T	SNV	Missense	p.Q61K	Q/K	61	missense_variant	NM_002524.5	ENST00000369535	1	0.533333333333333	16	30	ENST00000369535.5:c.181C>A	ENSP00000358548.4:p.Gln61Lys	protein_coding
SJNBL082857	C1_WGS	NRAS	NRAS	chr1.114713909.G.T	SNV	Missense	p.Q61K	Q/K	61	missense_variant	NM_002524.5	ENST00000369535	1	0.344827586206897	10	29	ENST00000369535.5:c.181C>A	ENSP00000358548.4:p.Gln61Lys	protein_coding
SJNBL080401	C1B_WGS	NRAS	NRAS	chr1.114713909.G.T	SNV	Missense	p.Q61K	Q/K	61	missense_variant	NM_002524.5	ENST00000369535	1	0.580645161290323	18	31	ENST00000369535.5:c.181C>A	ENSP00000358548.4:p.Gln61Lys	protein_coding
SJOS080407	C1B_WGS	NRAS	NRAS	chr1.114713909.G.T	SNV	Missense	p.Q61K	Q/K	61	missense_variant	NM_002524.5	ENST00000369535	1	0.102564102564103	4	39	ENST00000369535.5:c.181C>A	ENSP00000358548.4:p.Gln61Lys	protein_coding
SJTALL077294	C1B_WGS	NRAS	NRAS	chr1.114713909.G.T	SNV	Missense	p.Q61K	Q/K	61	missense_variant	NM_002524.5	ENST00000369535	1	0.163265306122449	8	49	ENST00000369535.5:c.181C>A	ENSP00000358548.4:p.Gln61Lys	protein_coding
SJNBL080401	C1C_WGS	NRAS	NRAS	chr1.114713909.G.T	SNV	Missense	p.Q61K	Q/K	61	missense_variant	NM_002524.5	ENST00000369535	1	0.4375	21	48	ENST00000369535.5:c.181C>A	ENSP00000358548.4:p.Gln61Lys	protein_coding
SJAML083041	C2_WGS	NRAS	NRAS	chr1.114713909.G.T	SNV	Missense	p.Q61K	Q/K	61	missense_variant	NM_002524.5	ENST00000369535	1	0.576923076923077	15	26	ENST00000369535.5:c.181C>A	ENSP00000358548.4:p.Gln61Lys	protein_coding
SJNORM092583	C2_WGS	NRAS	NRAS	chr1.114713909.G.T	SNV	Missense	p.Q61K	Q/K	61	missense_variant	NM_002524.5	ENST00000369535	1	0.454545454545455	15	33	ENST00000369535.5:c.181C>A	ENSP00000358548.4:p.Gln61Lys	protein_coding
SJTALL046433	C4_WGS	NRAS	NRAS	chr1.114713909.G.T	SNV	Missense	p.Q61K	Q/K	61	missense_variant	NM_002524.5	ENST00000369535	1	0.212121212121212	7	33	ENST00000369535.5:c.181C>A	ENSP00000358548.4:p.Gln61Lys	protein_coding
SJAML080736	C4_WGS	NRAS	NRAS	chr1.114713909.G.T	SNV	Missense	p.Q61K	Q/K	61	missense_variant	NM_002524.5	ENST00000369535	1	0.375	12	32	ENST00000369535.5:c.181C>A	ENSP00000358548.4:p.Gln61Lys	protein_coding
SJNBL046414	C14_WGS	NRAS	NRAS	chr1.114713909.G.T	SNV	Missense	p.Q61K	Q/K	61	missense_variant	NM_002524.5	ENST00000369535	1	0.473684210526316	9	19	ENST00000369535.5:c.181C>A	ENSP00000358548.4:p.Gln61Lys	protein_coding
SJNBL046414	C15_WGS	NRAS	NRAS	chr1.114713909.G.T	SNV	Missense	p.Q61K	Q/K	61	missense_variant	NM_002524.5	ENST00000369535	1	0.555555555555556	70	126	ENST00000369535.5:c.181C>A	ENSP00000358548.4:p.Gln61Lys	protein_coding
SJNBL046414	C19_WGS	NRAS	NRAS	chr1.114713909.G.T	SNV	Missense	p.Q61K	Q/K	61	missense_variant	NM_002524.5	ENST00000369535	1	0.473684210526316	9	19	ENST00000369535.5:c.181C>A	ENSP00000358548.4:p.Gln61Lys	protein_coding
SJNBL046414	C20_WGS	NRAS	NRAS	chr1.114713909.G.T	SNV	Missense	p.Q61K	Q/K	61	missense_variant	NM_002524.5	ENST00000369535	1	0.558823529411765	19	34	ENST00000369535.5:c.181C>A	ENSP00000358548.4:p.Gln61Lys	protein_coding
SJAML083031	C2_WGS	NRAS	NRAS	chr1.114716123.C.A	SNV	Missense	p.G13V	G/V	13	missense_variant	NM_002524.5	ENST00000369535	1	0.484848484848485	16	33	ENST00000369535.5:c.38G>T	ENSP00000358548.4:p.Gly13Val	protein_coding
SJAML080732	C3_WGS	NRAS	NRAS	chr1.114716123.C.A	SNV	Missense	p.G13V	G/V	13	missense_variant	NM_002524.5	ENST00000369535	1	0.482758620689655	14	29	ENST00000369535.5:c.38G>T	ENSP00000358548.4:p.Gly13Val	protein_coding
SJAML080732	C5_WGS	NRAS	NRAS	chr1.114716123.C.A	SNV	Missense	p.G13V	G/V	13	missense_variant	NM_002524.5	ENST00000369535	1	0.385542168674699	32	83	ENST00000369535.5:c.38G>T	ENSP00000358548.4:p.Gly13Val	protein_coding
SJALL075988	C1_WGS	NRAS	NRAS	chr1.114716123.C.T	SNV	Missense	p.G13D	G/D	13	missense_variant	NM_002524.5	ENST00000369535	1	0.533333333333333	16	30	ENST00000369535.5:c.38G>A	ENSP00000358548.4:p.Gly13Asp	protein_coding
SJBALL077299	C1_WGS	NRAS	NRAS	chr1.114716123.C.T	SNV	Missense	p.G13D	G/D	13	missense_variant	NM_002524.5	ENST00000369535	1	0.6	45	75	ENST00000369535.5:c.38G>A	ENSP00000358548.4:p.Gly13Asp	protein_coding
SJNHL092812	C1_WGS	NRAS	NRAS	chr1.114716123.C.T	SNV	Missense	p.G13D	G/D	13	missense_variant	NM_002524.5	ENST00000369535	1	1	18	18	ENST00000369535.5:c.38G>A	ENSP00000358548.4:p.Gly13Asp	protein_coding
SJNHL093252	C1_WGS	NRAS	NRAS	chr1.114716123.C.T	SNV	Missense	p.G13D	G/D	13	missense_variant	NM_002524.5	ENST00000369535	1	0.521739130434783	12	23	ENST00000369535.5:c.38G>A	ENSP00000358548.4:p.Gly13Asp	protein_coding
SJAML096704	C1_WGS	NRAS	NRAS	chr1.114716123.C.T	SNV	Missense	p.G13D	G/D	13	missense_variant	NM_002524.5	ENST00000369535	1	0.361702127659574	17	47	ENST00000369535.5:c.38G>A	ENSP00000358548.4:p.Gly13Asp	protein_coding
SJALL077038	C1_WGS	NRAS	NRAS	chr1.114716126.C.A	SNV	Missense	p.G12V	G/V	12	missense_variant	NM_002524.5	ENST00000369535	1	0.461538461538462	12	26	ENST00000369535.5:c.35G>T	ENSP00000358548.4:p.Gly12Val	protein_coding
SJTALL085566	C1_WGS	NRAS	NRAS	chr1.114716126.C.A	SNV	Missense	p.G12V	G/V	12	missense_variant	NM_002524.5	ENST00000369535	1	0.296296296296296	8	27	ENST00000369535.5:c.35G>T	ENSP00000358548.4:p.Gly12Val	protein_coding
SJALL075985	C1_WGS	NRAS	NRAS	chr1.114716126.C.G	SNV	Missense	p.G12A	G/A	12	missense_variant	NM_002524.5	ENST00000369535	1	0.539473684210526	41	76	ENST00000369535.5:c.35G>C	ENSP00000358548.4:p.Gly12Ala	protein_coding
SJALL064608	C1_WGS	NRAS	NRAS	chr1.114716126.C.T	SNV	Missense	p.G12D	G/D	12	missense_variant	NM_002524.5	ENST00000369535	1	0.425531914893617	20	47	ENST00000369535.5:c.35G>A	ENSP00000358548.4:p.Gly12Asp	protein_coding
SJALL075989	C1_WGS	NRAS	NRAS	chr1.114716126.C.T	SNV	Missense	p.G12D	G/D	12	missense_variant	NM_002524.5	ENST00000369535	1	0.446428571428571	25	56	ENST00000369535.5:c.35G>A	ENSP00000358548.4:p.Gly12Asp	protein_coding
SJALL077035	C1_WGS	NRAS	NRAS	chr1.114716126.C.T	SNV	Missense	p.G12D	G/D	12	missense_variant	NM_002524.5	ENST00000369535	1	0.478260869565217	11	23	ENST00000369535.5:c.35G>A	ENSP00000358548.4:p.Gly12Asp	protein_coding
SJAML080726	C1_WGS	NRAS	NRAS	chr1.114716126.C.T	SNV	Missense	p.G12D	G/D	12	missense_variant	NM_002524.5	ENST00000369535	1	0.686274509803922	35	51	ENST00000369535.5:c.35G>A	ENSP00000358548.4:p.Gly12Asp	protein_coding
SJHM080402	C1_WGS	NRAS	NRAS	chr1.114716126.C.T	SNV	Missense	p.G12D	G/D	12	missense_variant	NM_002524.5	ENST00000369535	1	0.81578947368421	31	38	ENST00000369535.5:c.35G>A	ENSP00000358548.4:p.Gly12Asp	protein_coding
SJTALL068304	C1_WGS	NRAS	NRAS	chr1.114716126.C.T	SNV	Missense	p.G12D	G/D	12	missense_variant	NM_002524.5	ENST00000369535	1	0.733333333333333	11	15	ENST00000369535.5:c.35G>A	ENSP00000358548.4:p.Gly12Asp	protein_coding
SJTALL071490	C1_WGS	NRAS	NRAS	chr1.114716126.C.T	SNV	Missense	p.G12D	G/D	12	missense_variant	NM_002524.5	ENST00000369535	1	0.477272727272727	21	44	ENST00000369535.5:c.35G>A	ENSP00000358548.4:p.Gly12Asp	protein_coding
SJTALL074692	C1_WGS	NRAS	NRAS	chr1.114716126.C.T	SNV	Missense	p.G12D	G/D	12	missense_variant	NM_002524.5	ENST00000369535	1	0.566666666666667	17	30	ENST00000369535.5:c.35G>A	ENSP00000358548.4:p.Gly12Asp	protein_coding
SJTALL080081	C1_WGS	NRAS	NRAS	chr1.114716126.C.T	SNV	Missense	p.G12D	G/D	12	missense_variant	NM_002524.5	ENST00000369535	1	0.447368421052632	17	38	ENST00000369535.5:c.35G>A	ENSP00000358548.4:p.Gly12Asp	protein_coding
SJTALL080084	C1_WGS	NRAS	NRAS	chr1.114716126.C.T	SNV	Missense	p.G12D	G/D	12	missense_variant	NM_002524.5	ENST00000369535	1	0.5	14	28	ENST00000369535.5:c.35G>A	ENSP00000358548.4:p.Gly12Asp	protein_coding
SJGCT085526	C1_WGS	NRAS	NRAS	chr1.114716126.C.T	SNV	Missense	p.G12D	G/D	12	missense_variant	NM_002524.5	ENST00000369535	1	0.48	12	25	ENST00000369535.5:c.35G>A	ENSP00000358548.4:p.Gly12Asp	protein_coding
SJHM080402	C1B_WGS	NRAS	NRAS	chr1.114716126.C.T	SNV	Missense	p.G12D	G/D	12	missense_variant	NM_002524.5	ENST00000369535	1	0.81578947368421	31	38	ENST00000369535.5:c.35G>A	ENSP00000358548.4:p.Gly12Asp	protein_coding
SJALL064608	C1B_WGS	NRAS	NRAS	chr1.114716126.C.T	SNV	Missense	p.G12D	G/D	12	missense_variant	NM_002524.5	ENST00000369535	1	0.53125	17	32	ENST00000369535.5:c.35G>A	ENSP00000358548.4:p.Gly12Asp	protein_coding
SJHM092570	C2_WGS	NRAS	NRAS	chr1.114716126.C.T	SNV	Missense	p.G12D	G/D	12	missense_variant	NM_002524.5	ENST00000369535	1	0.325581395348837	14	43	ENST00000369535.5:c.35G>A	ENSP00000358548.4:p.Gly12Asp	protein_coding
SJTLL077035	C2_WGS	NRAS	NRAS	chr1.114716126.C.T	SNV	Missense	p.G12D	G/D	12	missense_variant	NM_002524.5	ENST00000369535	1	0.5	17	34	ENST00000369535.5:c.35G>A	ENSP00000358548.4:p.Gly12Asp	protein_coding
SJAML080402	C2_WGS	NRAS	NRAS	chr1.114716126.C.T	SNV	Missense	p.G12D	G/D	12	missense_variant	NM_002524.5	ENST00000369535	1	0.666666666666667	38	57	ENST00000369535.5:c.35G>A	ENSP00000358548.4:p.Gly12Asp	protein_coding
SJTLL067328	C3_WGS	NRAS	NRAS	chr1.114716126.C.T	SNV	Missense	p.G12D	G/D	12	missense_variant	NM_002524.5	ENST00000369535	1	0.428571428571429	9	21	ENST00000369535.5:c.35G>A	ENSP00000358548.4:p.Gly12Asp	protein_coding
SJALL080081	C9_WGS	NRAS	NRAS	chr1.114716126.C.T	SNV	Missense	p.G12D	G/D	12	missense_variant	NM_002524.5	ENST00000369535	1	0.5	17	34	ENST00000369535.5:c.35G>A	ENSP00000358548.4:p.Gly12Asp	protein_coding
SJALL080087	C1_WGS	NRAS	NRAS	chr1.114716127.C.A	SNV	Missense	p.G12C	G/C	12	missense_variant	NM_002524.5	ENST00000369535	1	0.58974358974359	23	39	ENST00000369535.5:c.34G>T	ENSP00000358548.4:p.Gly12Cys	protein_coding
SJBALL068301	C1_WGS	NRAS	NRAS	chr1.114716127.C.A	SNV	Missense	p.G12C	G/C	12	missense_variant	NM_002524.5	ENST00000369535	1	0.233333333333333	7	30	ENST00000369535.5:c.34G>T	ENSP00000358548.4:p.Gly12Cys	protein_coding
SJTALL073622	C1_WGS	NRAS	NRAS	chr1.114716127.C.A	SNV	Missense	p.G12C	G/C	12	missense_variant	NM_002524.5	ENST00000369535	1	0.354838709677419	11	31	ENST00000369535.5:c.34G>T	ENSP00000358548.4:p.Gly12Cys	protein_coding
SJTALL085558	C1_WGS	NRAS	NRAS	chr1.114716127.C.A	SNV	Missense	p.G12C	G/C	12	missense_variant	NM_002524.5	ENST00000369535	1	0.277777777777778	10	36	ENST00000369535.5:c.34G>T	ENSP00000358548.4:p.Gly12Cys	protein_coding
SJAML093354	C2_WGS	NRAS	NRAS	chr1.114716127.C.A	SNV	Missense	p.G12C	G/C	12	missense_variant	NM_002524.5	ENST00000369535	1	0.454545454545455	20	44	ENST00000369535.5:c.34G>T	ENSP00000358548.4:p.Gly12Cys	protein_coding
SJAML080452	C2_WGS	NRAS	NRAS	chr1.114716127.C.A	SNV	Missense	p.G12C	G/C	12	missense_variant	NM_002524.5	ENST00000369535	1	0.478260869565217	11	23	ENST00000369535.5:c.34G>T	ENSP00000358548.4:p.Gly12Cys	protein_coding
SJAML080452	C3_WGS	NRAS	NRAS	chr1.114716127.C.A	SNV	Missense	p.G12C	G/C	12	missense_variant	NM_002524.5	ENST00000369535	1	0.68421052631579	26	38	ENST00000369535.5:c.34G>T	ENSP00000358548.4:p.Gly12Cys	protein_coding
SJALL003037	C1_WGS	NRAS	NRAS	chr1.114716127.C.T	SNV	Missense	p.G12S	G/S	12	missense_variant	NM_002524.5	ENST00000369535	1	1	26	26	ENST00000369535.5:c.34G>A	ENSP00000358548.4:p.Gly12Ser	protein_coding
SJBALL077298	C1_WGS	NRAS	NRAS	chr1.114716127.C.T	SNV	Missense	p.G12S	G/S	12	missense_variant	NM_002524.5	ENST00000369535	1	0.377777777777778	34	90	ENST00000369535.5:c.34G>A	ENSP00000358548.4:p.Gly12Ser	protein_coding
SJTALL073626	C1_WGS	NRAS	NRAS	chr1.114716127.C.T	SNV	Missense	p.G12S	G/S	12	missense_variant	NM_002524.5	ENST00000369535	1	0.535714285714286	15	28	ENST00000369535.5:c.34G>A	ENSP00000358548.4:p.Gly12Ser	protein_coding
SJTALL046435	C2_WGS	NRAS	NRAS	chr1.114716127.C.T	SNV	Missense	p.G12S	G/S	12	missense_variant	NM_002524.5	ENST00000369535	1	0.5	21	42	ENST00000369535.5:c.34G>A	ENSP00000358548.4:p.Gly12Ser	protein_coding
SJTALL073626	C2_WGS	NRAS	NRAS	chr1.114716127.C.T	SNV	Missense	p.G12S	G/S	12	missense_variant	NM_002524.5	ENST00000369535	1	0.24	6	25	ENST00000369535.5:c.34G>A	ENSP00000358548.4:p.Gly12Ser	protein_coding
SJBALL069444	C10_WGS	NRAS	NRAS	chr1.114716127.C.T	SNV	Missense	p.G12S	G/S	12	missense_variant	NM_002524.5	ENST00000369535	1	0.37037037037037	10	27	ENST00000369535.5:c.34G>A	ENSP00000358548.4:p.Gly12Ser	protein_coding
SJTALL074691	C1_WGS	HRAS	HRAS	chr11.533503.C.A	SNV	Missense	p.A134S	A/S	134	missense_variant	NM_005343.4	ENST00000311189	1	0.3125	10	32	ENST00000311189.8:c.400G>T	ENSP00000309845.7:p.Ala134Ser	protein_coding
SJTALL073622	C1_WGS	HRAS	HRAS	chr11.533535.C.T	SNV	Missense	p.R123H	R/H	123	missense_variant	NM_005343.4	ENST00000311189	1	0.416666666666667	10	24	ENST00000311189.8:c.368G>A	ENSP00000309845.7:p.Arg123His	protein_coding
SJST080351	C2_WGS	HRAS	HRAS	chr11.533812.A.G	SNV	Missense	p.F82L	F/L	82	missense_variant	NM_005343.4	ENST00000311189	1	0.310344827586207	9	29	ENST00000311189.8:c.244T>C	ENSP00000309845.7:p.Phe82Leu	protein_coding
SJST080351	C3_WGS	HRAS	HRAS	chr11.533812.A.G	SNV	Missense	p.F82L	F/L	82	missense_variant	NM_005343.4	ENST00000311189	1	0.478260869565217	11	23	ENST00000311189.8:c.244T>C	ENSP00000309845.7:p.Phe82Leu	protein_coding
SJTALL068305	C1_WGS	HRAS	HRAS	chr11.533833.C.G	SNV	Missense	p.G75R	G/R	75	missense_variant	NM_005343.4	ENST00000311189	1	0.172413793103448	5	29	ENST00000311189.8:c.223G>C	ENSP00000309845.7:p.Gly75Arg	protein_coding
SJST093087	C1_WGS	HRAS	HRAS	chr11.533839.G.A	SNV	Missense	p.R73C	R/C	73	missense_variant	NM_005343.4	ENST00000311189	1	0.516129032258065	16	31	ENST00000311189.8:c.217C>T	ENSP00000309845.7:p.Arg73Cys	protein_coding
SJST093050	C1_WGS	HRAS	HRAS	chr11.533873.C.A	SNV	Missense	p.Q61H	Q/H	61	missense_variant	NM_005343.4	ENST00000311189	1	0.48936170212766	23	47	ENST00000311189.8:c.183G>T	ENSP00000309845.7:p.Gln61His	protein_coding
SJLUSC092996	C1_WGS	HRAS	HRAS	chr11.533874.T.A	SNV	Missense	p.Q61L	Q/L	61	missense_variant	NM_005343.4	ENST00000311189	1	0.659090909090909	29	44	ENST00000311189.8:c.182A>T	ENSP00000309845.7:p.Gln61Leu	protein_coding
SJST080471	C2_WGS	HRAS	HRAS	chr11.533874.T.A	SNV	Missense	p.Q61L	Q/L	61	missense_variant	NM_005343.4	ENST00000311189	1	0.67741935483871	21	31	ENST00000311189.8:c.182A>T	ENSP00000309845.7:p.Gln61Leu	protein_coding
SJRHB092566	C1_WGS	HRAS	HRAS	chr11.533875.G.T	SNV	Missense	p.Q61K	Q/K	61	missense_variant	NM_005343.4	ENST00000311189	1	1	54	54	ENST00000311189.8:c.181C>A	ENSP00000309845.7:p.Gln61Lys	protein_coding
SJRHB092566	C2_WGS	HRAS	HRAS	chr11.533875.G.T	SNV	Missense	p.Q61K	Q/K	61	missense_variant	NM_005343.4	ENST00000311189	1	1	54	54	ENST00000311189.8:c.181C>A	ENSP00000309845.7:p.Gln61Lys	protein_coding
SJRHB096732	C1_WGS	HRAS	HRAS	chr11.534286.C.G	SNV	Missense	p.G13R	G/R	13	missense_variant	NM_005343.4	ENST00000311189	1	1	44	44	ENST00000311189.8:c.37G>C	ENSP00000309845.7:p.Gly13Arg	protein_coding
SJBALL077302	C1_WGS	HRAS	HRAS	chr11.534286.C.T	SNV	Missense	p.G13S	G/S	13	missense_variant	NM_005343.4	ENST00000311189	1	0.72972972972973	27	37	ENST00000311189.8:c.37G>A	ENSP00000309845.7:p.Gly13Ser	protein_coding
SJST092713	C1_WGS	HRAS	HRAS	chr11.534286.C.T	SNV	Missense	p.G13S	G/S	13	missense_variant	NM_005343.4	ENST00000311189	1	0.555555555555556	20	36	ENST00000311189.8:c.37G>A	ENSP00000309845.7:p.Gly13Ser	protein_coding
SJBLCA093235	C1_WGS	HRAS	HRAS	chr11.534288.C.A	SNV	Missense	p.G12V	G/V	12	missense_variant	NM_005343.4	ENST00000311189	1	1	55	55	ENST00000311189.8:c.35G>T	ENSP00000309845.7:p.Gly12Val	protein_coding
SJBLCA093274	C1_WGS	HRAS	HRAS	chr11.534288.C.A	SNV	Missense	p.G12V	G/V	12	missense_variant	NM_005343.4	ENST00000311189	1	1	32	32	ENST00000311189.8:c.35G>T	ENSP00000309845.7:p.Gly12Val	protein_coding
SJBRCA093283	C1_WGS	HRAS	HRAS	chr11.534288.C.T	SNV	Missense	p.G12D	G/D	12	missense_variant	NM_005343.4	ENST00000311189	1	0.380952380952381	16	42	ENST00000311189.8:c.35G>A	ENSP00000309845.7:p.Gly12Asp	protein_coding
SJAML077106	C1_WGS	KRAS	KRAS	chr12.25225627.G.A	SNV	Missense	p.A146V	A/V	146	missense_variant	NM_004985.5	ENST00000311936	1	0.586206896551724	34	58	ENST00000311936.8:c.437C>T	ENSP00000308495.3:p.Ala146Val	protein_coding
SJAML075984	C1_WGS	KRAS	KRAS	chr12.25225628.C.G	SNV	Missense	p.A146P	A/P	146	missense_variant	NM_004985.5	ENST00000311936	1	0.5	10	20	ENST00000311936.8:c.436G>C	ENSP00000308495.3:p.Ala146Pro	protein_coding
SJNORM093044	C1_WGS	KRAS	KRAS	chr12.25225628.C.G	SNV	Missense	p.A146P	A/P	146	missense_variant	NM_004985.5	ENST00000311936	1	0.41025641025641	16	39	ENST00000311936.8:c.436G>C	ENSP00000308495.3:p.Ala146Pro	protein_coding
SJALL075987	C1_WGS	KRAS	KRAS	chr12.25225628.C.T	SNV	Missense	p.A146T	A/T	146	missense_variant	NM_004985.5	ENST00000311936	1	0.235294117647059	8	34	ENST00000311936.8:c.436G>A	ENSP00000308495.3:p.Ala146Thr	protein_coding
SJAML068300	C1_WGS	KRAS	KRAS	chr12.25225628.C.T	SNV	Missense	p.A146T	A/T	146	missense_variant	NM_004985.5	ENST00000311936	1	0.647058823529412	11	17	ENST00000311936.8:c.436G>A	ENSP00000308495.3:p.Ala146Thr	protein_coding
SJBALL068301	C1_WGS	KRAS	KRAS	chr12.25225628.C.T	SNV	Missense	p.A146T	A/T	146	missense_variant	NM_004985.5	ENST00000311936	1	0.346153846153846	9	26	ENST00000311936.8:c.436G>A	ENSP00000308495.3:p.Ala146Thr	protein_coding
SJHM080405	C1_WGS	KRAS	KRAS	chr12.25225713.T.G	SNV	Missense	p.K117N	K/N	117	missense_variant	NM_004985.5	ENST00000311936	1	1	18	18	ENST00000311936.8:c.351A>C	ENSP00000308495.3:p.Lys117Asn	protein_coding
SJHM080405	C1B_WGS	KRAS	KRAS	chr12.25225713.T.G	SNV	Missense	p.K117N	K/N	117	missense_variant	NM_004985.5	ENST00000311936	1	1	18	18	ENST00000311936.8:c.351A>C	ENSP00000308495.3:p.Lys117Asn	protein_coding
SJST092966	C1_WGS	KRAS	KRAS	chr12.25227341.T.A	SNV	Missense	p.Q61H	Q/H	61	missense_variant	NM_004985.5	ENST00000311936	1	1	22	22	ENST00000311936.8:c.183A>T	ENSP00000308495.3:p.Gln61His	protein_coding
SJOS080407	C1_WGS	KRAS	KRAS	chr12.25227341.T.A	SNV	Missense	p.Q61H	Q/H	61	missense_variant	NM_004985.5	ENST00000311936	1	0.048780487804878	2	41	ENST00000311936.8:c.183A>T	ENSP00000308495.3:p.Gln61His	protein_coding
SJOS080407	C1B_WGS	KRAS	KRAS	chr12.25227341.T.A	SNV	Missense	p.Q61H	Q/H	61	missense_variant	NM_004985.5	ENST00000311936	1	0.048780487804878	2	41	ENST00000311936.8:c.183A>T	ENSP00000308495.3:p.Gln61His	protein_coding
SJAML077033	C1_WGS	KRAS	KRAS	chr12.25227341.T.G	SNV	Missense	p.Q61H	Q/H	61	missense_variant	NM_004985.5	ENST00000311936	1	0.3	9	30	ENST00000311936.8:c.183A>C	ENSP00000308495.3:p.Gln61His	protein_coding
SJLUAD092727	C1_WGS	KRAS	KRAS	chr12.25227341.T.G	SNV	Missense	p.Q61H	Q/H	61	missense_variant	NM_004985.5	ENST00000311936	1	1	36	36	ENST00000311936.8:c.183A>C	ENSP00000308495.3:p.Gln61His	protein_coding
SJST093259	C1_WGS	KRAS	KRAS	chr12.25227341.T.G	SNV	Missense	p.Q61H	Q/H	61	missense_variant	NM_004985.5	ENST00000311936	1	0.375	21	56	ENST00000311936.8:c.183A>C	ENSP00000308495.3:p.Gln61His	protein_coding
SJAML077033	C1B_WGS	KRAS	KRAS	chr12.25227341.T.G	SNV	Missense	p.Q61H	Q/H	61	missense_variant	NM_004985.5	ENST00000311936	1	0.5	18	36	ENST00000311936.8:c.183A>C	ENSP00000308495.3:p.Gln61His	protein_coding
SJAML077033	C2_WGS	KRAS	KRAS	chr12.25227341.T.G	SNV	Missense	p.Q61H	Q/H	61	missense_variant	NM_004985.5	ENST00000311936	1	0.5	18	36	ENST00000311936.8:c.183A>C	ENSP00000308495.3:p.Gln61His	protein_coding
SJCOAD093144	C1_WGS	KRAS	KRAS	chr12.25227342.T.A	SNV	Missense	p.Q61L	Q/L	61	missense_variant	NM_004985.5	ENST00000311936	1	0.76	19	25	ENST00000311936.8:c.182A>T	ENSP00000308495.3:p.Gln61Leu	protein_coding
SJLUAD092975	C1_WGS	KRAS	KRAS	chr12.25227342.T.A	SNV	Missense	p.Q61L	Q/L	61	missense_variant	NM_004985.5	ENST00000311936	1	1	39	39	ENST00000311936.8:c.182A>T	ENSP00000308495.3:p.Gln61Leu	protein_coding
SJST092830	C1_WGS	KRAS	KRAS	chr12.25227342.T.C	SNV	Missense	p.Q61R	Q/R	61	missense_variant	NM_004985.5	ENST00000311936	1	1	48	48	ENST00000311936.8:c.182A>G	ENSP00000308495.3:p.Gln61Arg	protein_coding
SJLUAD093326	C1_WGS	KRAS	KRAS	chr12.25227342.TGAC.TTGC	MNV	Missense	p.GQ60GK	GQ/GK	60	missense_variant	NM_004985.5	ENST00000311936	1	0.573333333333333	43	75	ENST00000311936.8:c.180_181delinsCA	ENSP00000308495.3:p.Gln61Lys	protein_coding
SJLUAD093326	C1_WGS	KRAS	KRAS	chr12.25227343.G.T	SNV	Missense	p.Q61K	Q/K	61	missense_variant	NM_004985.5	ENST00000311936	1	0.569230769230769	37	65	ENST00000311936.8:c.181C>A	ENSP00000308495.3:p.Gln61Lys	protein_coding
SJST093189	C1_WGS	KRAS	KRAS	chr12.25227348.G.C	SNV	Missense	p.A59G	A/G	59	missense_variant	NM_004985.5	ENST00000311936	1	0.578947368421053	11	19	ENST00000311936.8:c.176C>G	ENSP00000308495.3:p.Ala59Gly	protein_coding
SJOS080410	C1_WGS	KRAS	KRAS	chr12.25227349.C.T	SNV	Missense	p.A59T	A/T	59	missense_variant	NM_004985.5	ENST00000311936	1	0.147058823529412	5	34	ENST00000311936.8:c.175G>A	ENSP00000308495.3:p.Ala59Thr	protein_coding
SJOS080410	C1B_WGS	KRAS	KRAS	chr12.25227349.C.T	SNV	Missense	p.A59T	A/T	59	missense_variant	NM_004985.5	ENST00000311936	1	0	0	5	ENST00000311936.8:c.175G>A	ENSP00000308495.3:p.Ala59Thr	protein_coding
SJMPAL047180	C8_WGS	KRAS	KRAS	chr12.25245277.T.C	SNV	Missense	p.I36M	I/M	36	missense_variant	NM_004985.5	ENST00000311936	1	0.6	12	20	ENST00000311936.8:c.108A>G	ENSP00000308495.3:p.Ile36Met	protein_coding
SJALL064607	C1_WGS	KRAS	KRAS	chr12.25245317.A.C	SNV	Missense	p.L23R	L/R	23	missense_variant	NM_004985.5	ENST00000311936	1	0.558139534883721	24	43	ENST00000311936.8:c.68T>G	ENSP00000308495.3:p.Leu23Arg	protein_coding
SJALL064607	C2_WGS	KRAS	KRAS	chr12.25245317.A.C	SNV	Missense	p.L23R	L/R	23	missense_variant	NM_004985.5	ENST00000311936	1	0.653846153846154	17	26	ENST00000311936.8:c.68T>G	ENSP00000308495.3:p.Leu23Arg	protein_coding
SJALL062803	C4_WGS	KRAS	KRAS	chr12.25245317.A.C	SNV	Missense	p.L23R	L/R	23	missense_variant	NM_004985.5	ENST00000311936	1	0.653846153846154	17	26	ENST00000311936.8:c.68T>G	ENSP00000308495.3:p.Leu23Arg	protein_coding
SJPML064609	C1_WGS	KRAS	KRAS	chr12.25245332.G.T	SNV	Missense	p.A18D	A/D	18	missense_variant	NM_004985.5	ENST00000311936	1	0.739130434782609	51	69	ENST00000311936.8:c.53C>A	ENSP00000308495.3:p.Ala18Asp	protein_coding
SJPML064609	C1B_WGS	KRAS	KRAS	chr12.25245332.G.T	SNV	Missense	p.A18D	A/D	18	missense_variant	NM_004985.5	ENST00000311936	1	0.786666666666667	59	75	ENST00000311936.8:c.53C>A	ENSP00000308495.3:p.Ala18Asp	protein_coding
SJBALL077302	C1_WGS	KRAS	KRAS	chr12.25245345.C.G	SNV	Missense	p.V14L	V/L	14	missense_variant	NM_004985.5	ENST00000311936	1	0.703703703703704	19	27	ENST00000311936.8:c.40G>C	ENSP00000308495.3:p.Val14Leu	protein_coding
SJBALL097444	C1_WGS	KRAS	KRAS	chr12.25245345.C.T	SNV	Missense	p.V14I	V/I	14	missense_variant	NM_004985.5	ENST00000311936	1	0.517241379310345	15	29	ENST00000311936.8:c.40G>A	ENSP00000308495.3:p.Val14Ile	protein_coding
SJBALL060370	C1_WGS	KRAS	KRAS	chr12.25245347.C.T	SNV	Missense	p.G13D	G/D	13	missense_variant	NM_004985.5	ENST00000311936	1	1	23	23	ENST00000311936.8:c.38G>A	ENSP00000308495.3:p.Gly13Asp	protein_coding
SJBRCA092876	C1_WGS	KRAS	KRAS	chr12.25245347.C.T	SNV	Missense	p.G13D	G/D	13	missense_variant	NM_004985.5	ENST00000311936	1	0.692307692307692	18	26	ENST00000311936.8:c.38G>A	ENSP00000308495.3:p.Gly13Asp	protein_coding
SJCOAD092746	C1_WGS	KRAS	KRAS	chr12.25245347.C.T	SNV	Missense	p.G13D	G/D	13	missense_variant	NM_004985.5	ENST00000311936	1	0.564102564102564	22	39	ENST00000311936.8:c.38G>A	ENSP00000308495.3:p.Gly13Asp	protein_coding
SJCOAD092747	C1_WGS	KRAS	KRAS	chr12.25245347.C.T	SNV	Missense	p.G13D	G/D	13	missense_variant	NM_004985.5	ENST00000311936	1	0.371428571428571	13	35	ENST00000311936.8:c.38G>A	ENSP00000308495.3:p.Gly13Asp	protein_coding
SJCOAD092851	C1_WGS	KRAS	KRAS	chr12.25245347.C.T	SNV	Missense	p.G13D	G/D	13	missense_variant	NM_004985.5	ENST00000311936	1	0.73469387755102	36	49	ENST00000311936.8:c.38G>A	ENSP00000308495.3:p.Gly13Asp	protein_coding
SJCOAD092978	C1_WGS	KRAS	KRAS	chr12.25245347.C.T	SNV	Missense	p.G13D	G/D	13	missense_variant	NM_004985.5	ENST00000311936	1	0.678571428571429	19	28	ENST00000311936.8:c.38G>A	ENSP00000308495.3:p.Gly13Asp	protein_coding
SJCOAD093148	C1_WGS	KRAS	KRAS	chr12.25245347.C.T	SNV	Missense	p.G13D	G/D	13	missense_variant	NM_004985.5	ENST00000311936	1	0.6	30	50	ENST00000311936.8:c.38G>A	ENSP00000308495.3:p.Gly13Asp	protein_coding
SJHM085156	C1_WGS	KRAS	KRAS	chr12.25245347.C.T	SNV	Missense	p.G13D	G/D	13	missense_variant	NM_004985.5	ENST00000311936	1	0.36	9	25	ENST00000311936.8:c.38G>A	ENSP00000308495.3:p.Gly13Asp	protein_coding
SJLUAD092733	C1_WGS	KRAS	KRAS	chr12.25245347.C.T	SNV	Missense	p.G13D	G/D	13	missense_variant	NM_004985.5	ENST00000311936	1	0.513513513513513	19	37	ENST00000311936.8:c.38G>A	ENSP00000308495.3:p.Gly13Asp	protein_coding
SJST092974	C1_WGS	KRAS	KRAS	chr12.25245347.C.T	SNV	Missense	p.G13D	G/D	13	missense_variant	NM_004985.5	ENST00000311936	1	1	57	57	ENST00000311936.8:c.38G>A	ENSP00000308495.3:p.Gly13Asp	protein_coding
SJLUAD092920	C1_WGS	KRAS	KRAS	chr12.25245348.C.A	SNV	Missense	p.G13C	G/C	13	missense_variant	NM_004985.5	ENST00000311936	1	0.366666666666667	11	30	ENST00000311936.8:c.37G>T	ENSP00000308495.3:p.Gly13Cys	protein_coding
SJLUAD092958	C1_WGS	KRAS	KRAS	chr12.25245349.ACCA.AAAA	MNV	Missense	p.AG11AF	AG/AF	11	missense_variant	NM_004985.5	ENST00000311936	1	1	80	80	ENST00000311936.8:c.34_35delinsTT	ENSP00000308495.3:p.Gly12Phe	protein_coding
SJBRCA092754	C1_WGS	KRAS	KRAS	chr12.25245350.C.A	SNV	Missense	p.G12V	G/V	12	missense_variant	NM_004985.5	ENST00000311936	1	0.753623188405797	52	69	ENST00000311936.8:c.35G>T	ENSP00000308495.3:p.Gly12Val	protein_coding
SJCOAD093071	C1_WGS	KRAS	KRAS	chr12.25245350.C.A	SNV	Missense	p.G12V	G/V	12	missense_variant	NM_004985.5	ENST00000311936	1	0.807228915662651	67	83	ENST00000311936.8:c.35G>T	ENSP00000308495.3:p.Gly12Val	protein_coding
SJCOAD093137	C1_WGS	KRAS	KRAS	chr12.25245350.C.A	SNV	Missense	p.G12V	G/V	12	missense_variant	NM_004985.5	ENST00000311936	1	1	70	70	ENST00000311936.8:c.35G>T	ENSP00000308495.3:p.Gly12Val	protein_coding
SJCOAD093138	C1_WGS	KRAS	KRAS	chr12.25245350.C.A	SNV	Missense	p.G12V	G/V	12	missense_variant	NM_004985.5	ENST00000311936	1	1	174	174	ENST00000311936.8:c.35G>T	ENSP00000308495.3:p.Gly12Val	protein_coding
SJLUAD092958	C1_WGS	KRAS	KRAS	chr12.25245350.C.A	SNV	Missense	p.G12V	G/V	12	missense_variant	NM_004985.5	ENST00000311936	1	1	67	67	ENST00000311936.8:c.35G>T	ENSP00000308495.3:p.Gly12Val	protein_coding
SJLUSC093142	C1_WGS	KRAS	KRAS	chr12.25245350.C.A	SNV	Missense	p.G12V	G/V	12	missense_variant	NM_004985.5	ENST00000311936	1	0.676056338028169	48	71	ENST00000311936.8:c.35G>T	ENSP00000308495.3:p.Gly12Val	protein_coding
SJNSCLC093319	C1_WGS	KRAS	KRAS	chr12.25245350.C.A	SNV	Missense	p.G12V	G/V	12	missense_variant	NM_004985.5	ENST00000311936	1	0.830409356725146	142	171	ENST00000311936.8:c.35G>T	ENSP00000308495.3:p.Gly12Val	protein_coding
SJSCLC092675	C1_WGS	KRAS	KRAS	chr12.25245350.C.A	SNV	Missense	p.G12V	G/V	12	missense_variant	NM_004985.5	ENST00000311936	1	1	31	31	ENST00000311936.8:c.35G>T	ENSP00000308495.3:p.Gly12Val	protein_coding
SJSCLC093065	C1_WGS	KRAS	KRAS	chr12.25245350.C.A	SNV	Missense	p.G12V	G/V	12	missense_variant	NM_004985.5	ENST00000311936	1	1	36	36	ENST00000311936.8:c.35G>T	ENSP00000308495.3:p.Gly12Val	protein_coding
SJST092665	C1_WGS	KRAS	KRAS	chr12.25245350.C.A	SNV	Missense	p.G12V	G/V	12	missense_variant	NM_004985.5	ENST00000311936	1	1	23	23	ENST00000311936.8:c.35G>T	ENSP00000308495.3:p.Gly12Val	protein_coding
SJST092682	C1_WGS	KRAS	KRAS	chr12.25245350.C.A	SNV	Missense	p.G12V	G/V	12	missense_variant	NM_004985.5	ENST00000311936	1	1	498	498	ENST00000311936.8:c.35G>T	ENSP00000308495.3:p.Gly12Val	protein_coding
SJST093009	C1_WGS	KRAS	KRAS	chr12.25245350.C.A	SNV	Missense	p.G12V	G/V	12	missense_variant	NM_004985.5	ENST00000311936	1	1	57	57	ENST00000311936.8:c.35G>T	ENSP00000308495.3:p.Gly12Val	protein_coding
SJST093023	C1_WGS	KRAS	KRAS	chr12.25245350.C.A	SNV	Missense	p.G12V	G/V	12	missense_variant	NM_004985.5	ENST00000311936	1	0.803921568627451	82	102	ENST00000311936.8:c.35G>T	ENSP00000308495.3:p.Gly12Val	protein_coding
SJST093032	C1_WGS	KRAS	KRAS	chr12.25245350.C.A	SNV	Missense	p.G12V	G/V	12	missense_variant	NM_004985.5	ENST00000311936	1	0.653846153846154	51	78	ENST00000311936.8:c.35G>T	ENSP00000308495.3:p.Gly12Val	protein_coding
SJST093062	C1_WGS	KRAS	KRAS	chr12.25245350.C.A	SNV	Missense	p.G12V	G/V	12	missense_variant	NM_004985.5	ENST00000311936	1	0.918238993710692	146	159	ENST00000311936.8:c.35G>T	ENSP00000308495.3:p.Gly12Val	protein_coding
SJST093092	C1_WGS	KRAS	KRAS	chr12.25245350.C.A	SNV	Missense	p.G12V	G/V	12	missense_variant	NM_004985.5	ENST00000311936	1	0.441176470588235	15	34	ENST00000311936.8:c.35G>T	ENSP00000308495.3:p.Gly12Val	protein_coding
SJST093186	C1_WGS	KRAS	KRAS	chr12.25245350.C.A	SNV	Missense	p.G12V	G/V	12	missense_variant	NM_004985.5	ENST00000311936	1	1	77	77	ENST00000311936.8:c.35G>T	ENSP00000308495.3:p.Gly12Val	protein_coding
SJST093211	C1_WGS	KRAS	KRAS	chr12.25245350.C.A	SNV	Missense	p.G12V	G/V	12	missense_variant	NM_004985.5	ENST00000311936	1	0.8828125	113	128	ENST00000311936.8:c.35G>T	ENSP00000308495.3:p.Gly12Val	protein_coding
SJST093238	C1_WGS	KRAS	KRAS	chr12.25245350.C.A	SNV	Missense	p.G12V	G/V	12	missense_variant	NM_004985.5	ENST00000311936	1	1	18	18	ENST00000311936.8:c.35G>T	ENSP00000308495.3:p.Gly12Val	protein_coding
SJST093239	C1_WGS	KRAS	KRAS	chr12.25245350.C.A	SNV	Missense	p.G12V	G/V	12	missense_variant	NM_004985.5	ENST00000311936	1	1	26	26	ENST00000311936.8:c.35G>T	ENSP00000308495.3:p.Gly12Val	protein_coding
SJST093266	C1_WGS	KRAS	KRAS	chr12.25245350.C.A	SNV	Missense	p.G12V	G/V	12	missense_variant	NM_004985.5	ENST00000311936	1	1	40	40	ENST00000311936.8:c.35G>T	ENSP00000308495.3:p.Gly12Val	protein_coding
SJST093278	C1_WGS	KRAS	KRAS	chr12.25245350.C.A	SNV	Missense	p.G12V	G/V	12	missense_variant	NM_004985.5	ENST00000311936	1	0.558139534883721	24	43	ENST00000311936.8:c.35G>T	ENSP00000308495.3:p.Gly12Val	protein_coding
SJST093313	C1_WGS	KRAS	KRAS	chr12.25245350.C.A	SNV	Missense	p.G12V	G/V	12	missense_variant	NM_004985.5	ENST00000311936	1	0.903225806451613	112	124	ENST00000311936.8:c.35G>T	ENSP00000308495.3:p.Gly12Val	protein_coding
SJSTS093036	C1_WGS	KRAS	KRAS	chr12.25245350.C.A	SNV	Missense	p.G12V	G/V	12	missense_variant	NM_004985.5	ENST00000311936	1	1	133	133	ENST00000311936.8:c.35G>T	ENSP00000308495.3:p.Gly12Val	protein_coding
SJST092752	C1_WGS	KRAS	KRAS	chr12.25245350.C.A	SNV	Missense	p.G12V	G/V	12	missense_variant	NM_004985.5	ENST00000311936	1	0.625	25	40	ENST00000311936.8:c.35G>T	ENSP00000308495.3:p.Gly12Val	protein_coding
SJST092800	C1_WGS	KRAS	KRAS	chr12.25245350.C.A	SNV	Missense	p.G12V	G/V	12	missense_variant	NM_004985.5	ENST00000311936	1	0.65	26	40	ENST00000311936.8:c.35G>T	ENSP00000308495.3:p.Gly12Val	protein_coding
SJST092761	C1_WGS	KRAS	KRAS	chr12.25245350.C.A	SNV	Missense	p.G12V	G/V	12	missense_variant	NM_004985.5	ENST00000311936	1	0.571428571428571	28	49	ENST00000311936.8:c.35G>T	ENSP00000308495.3:p.Gly12Val	protein_coding
SJST092873	C1_WGS	KRAS	KRAS	chr12.25245350.C.A	SNV	Missense	p.G12V	G/V	12	missense_variant	NM_004985.5	ENST00000311936	1	0.682926829268293	28	41	ENST00000311936.8:c.35G>T	ENSP00000308495.3:p.Gly12Val	protein_coding
SJAML096692	C1_WGS	KRAS	KRAS	chr12.25245350.C.A	SNV	Missense	p.G12V	G/V	12	missense_variant	NM_004985.5	ENST00000311936	1	0.566666666666667	17	30	ENST00000311936.8:c.35G>T	ENSP00000308495.3:p.Gly12Val	protein_coding
SJLUAD093039	C1_WGS	KRAS	KRAS	chr12.25245350.C.G	SNV	Missense	p.G12A	G/A	12	missense_variant	NM_004985.5	ENST00000311936	1	0.788461538461538	82	104	ENST00000311936.8:c.35G>C	ENSP00000308495.3:p.Gly12Ala	protein_coding
SJMM076230	C1_WGS	KRAS	KRAS	chr12.25245350.C.G	SNV	Missense	p.G12A	G/A	12	missense_variant	NM_004985.5	ENST00000311936	1	0.5	17	34	ENST00000311936.8:c.35G>C	ENSP00000308495.3:p.Gly12Ala	protein_coding
SJNHL076230	C1_WGS	KRAS	KRAS	chr12.25245350.C.G	SNV	Missense	p.G12A	G/A	12	missense_variant	NM_004985.5	ENST00000311936	1	0.483870967741935	15	31	ENST00000311936.8:c.35G>C	ENSP00000308495.3:p.Gly12Ala	protein_coding
SJNHL093046	C1_WGS	KRAS	KRAS	chr12.25245350.C.G	SNV	Missense	p.G12A	G/A	12	missense_variant	NM_004985.5	ENST00000311936	1	0.758620689655172	22	29	ENST00000311936.8:c.35G>C	ENSP00000308495.3:p.Gly12Ala	protein_coding
SJNKCLL064622	C1_WGS	KRAS	KRAS	chr12.25245350.C.G	SNV	Missense	p.G12A	G/A	12	missense_variant	NM_004985.5	ENST00000311936	1	0.565217391304348	26	46	ENST00000311936.8:c.35G>C	ENSP00000308495.3:p.Gly12Ala	protein_coding
SJNKCLL064622	C1B_WGS	KRAS	KRAS	chr12.25245350.C.G	SNV	Missense	p.G12A	G/A	12	missense_variant	NM_004985.5	ENST00000311936	1	0.5	13	26	ENST00000311936.8:c.35G>C	ENSP00000308495.3:p.Gly12Ala	protein_coding
SJALL075982	C1_WGS	KRAS	KRAS	chr12.25245350.C.T	SNV	Missense	p.G12D	G/D	12	missense_variant	NM_004985.5	ENST00000311936	1	0.5	14	28	ENST00000311936.8:c.35G>A	ENSP00000308495.3:p.Gly12Asp	protein_coding
SJBALL077297	C1_WGS	KRAS	KRAS	chr12.25245350.C.T	SNV	Missense	p.G12D	G/D	12	missense_variant	NM_004985.5	ENST00000311936	1	0.682926829268293	28	41	ENST00000311936.8:c.35G>A	ENSP00000308495.3:p.Gly12Asp	protein_coding
SJBALL092592	C1_WGS	KRAS	KRAS	chr12.25245350.C.T	SNV	Missense	p.G12D	G/D	12	missense_variant	NM_004985.5	ENST00000311936	1	0.631578947368421	36	57	ENST00000311936.8:c.35G>A	ENSP00000308495.3:p.Gly12Asp	protein_coding
SJCOAD092849	C1_WGS	KRAS	KRAS	chr12.25245350.C.T	SNV	Missense	p.G12D	G/D	12	missense_variant	NM_004985.5	ENST00000311936	1	0.391304347826087	9	23	ENST00000311936.8:c.35G>A	ENSP00000308495.3:p.Gly12Asp	protein_coding
SJCOAD092865	C1_WGS	KRAS	KRAS	chr12.25245350.C.T	SNV	Missense	p.G12D	G/D	12	missense_variant	NM_004985.5	ENST00000311936	1	0.633333333333333	19	30	ENST00000311936.8:c.35G>A	ENSP00000308495.3:p.Gly12Asp	protein_coding
SJCOAD093104	C1_WGS	KRAS	KRAS	chr12.25245350.C.T	SNV	Missense	p.G12D	G/D	12	missense_variant	NM_004985.5	ENST00000311936	1	0.485714285714286	17	35	ENST00000311936.8:c.35G>A	ENSP00000308495.3:p.Gly12Asp	protein_coding
SJCOAD093117	C1_WGS	KRAS	KRAS	chr12.25245350.C.T	SNV	Missense	p.G12D	G/D	12	missense_variant	NM_004985.5	ENST00000311936	1	0.258064516129032	8	31	ENST00000311936.8:c.35G>A	ENSP00000308495.3:p.Gly12Asp	protein_coding
SJCOAD093228	C1_WGS	KRAS	KRAS	chr12.25245350.C.T	SNV	Missense	p.G12D	G/D	12	missense_variant	NM_004985.5	ENST00000311936	1	0.571428571428571	16	28	ENST00000311936.8:c.35G>A	ENSP00000308495.3:p.Gly12Asp	protein_coding
SJLUAD093085	C1_WGS	KRAS	KRAS	chr12.25245350.C.T	SNV	Missense	p.G12D	G/D	12	missense_variant	NM_004985.5	ENST00000311936	1	0.641509433962264	34	53	ENST00000311936.8:c.35G>A	ENSP00000308495.3:p.Gly12Asp	protein_coding
SJST080355	C1_WGS	KRAS	KRAS	chr12.25245350.C.T	SNV	Missense	p.G12D	G/D	12	missense_variant	NM_004985.5	ENST00000311936	1	0.525	21	40	ENST00000311936.8:c.35G>A	ENSP00000308495.3:p.Gly12Asp	protein_coding
SJST092708	C1_WGS	KRAS	KRAS	chr12.25245350.C.T	SNV	Missense	p.G12D	G/D	12	missense_variant	NM_004985.5	ENST00000311936	1	0.40625	13	32	ENST00000311936.8:c.35G>A	ENSP00000308495.3:p.Gly12Asp	protein_coding
SJST092740	C1_WGS	KRAS	KRAS	chr12.25245350.C.T	SNV	Missense	p.G12D	G/D	12	missense_variant	NM_004985.5	ENST00000311936	1	0.46875	15	32	ENST00000311936.8:c.35G>A	ENSP00000308495.3:p.Gly12Asp	protein_coding
SJST092743	C1_WGS	KRAS	KRAS	chr12.25245350.C.T	SNV	Missense	p.G12D	G/D	12	missense_variant	NM_004985.5	ENST00000311936	1	1	63	63	ENST00000311936.8:c.35G>A	ENSP00000308495.3:p.Gly12Asp	protein_coding
SJST092750	C1_WGS	KRAS	KRAS	chr12.25245350.C.T	SNV	Missense	p.G12D	G/D	12	missense_variant	NM_004985.5	ENST00000311936	1	0.532258064516129	33	62	ENST00000311936.8:c.35G>A	ENSP00000308495.3:p.Gly12Asp	protein_coding
SJST092780	C1_WGS	KRAS	KRAS	chr12.25245350.C.T	SNV	Missense	p.G12D	G/D	12	missense_variant	NM_004985.5	ENST00000311936	1	0.576923076923077	30	52	ENST00000311936.8:c.35G>A	ENSP00000308495.3:p.Gly12Asp	protein_coding
SJST093025	C1_WGS	KRAS	KRAS	chr12.25245350.C.T	SNV	Missense	p.G12D	G/D	12	missense_variant	NM_004985.5	ENST00000311936	1	0.414285714285714	29	70	ENST00000311936.8:c.35G>A	ENSP00000308495.3:p.Gly12Asp	protein_coding
SJST093093	C1_WGS	KRAS	KRAS	chr12.25245350.C.T	SNV	Missense	p.G12D	G/D	12	missense_variant	NM_004985.5	ENST00000311936	1	0.485714285714286	17	35	ENST00000311936.8:c.35G>A	ENSP00000308495.3:p.Gly12Asp	protein_coding
SJST093105	C1_WGS	KRAS	KRAS	chr12.25245350.C.T	SNV	Missense	p.G12D	G/D	12	missense_variant	NM_004985.5	ENST00000311936	1	1	47	47	ENST00000311936.8:c.35G>A	ENSP00000308495.3:p.Gly12Asp	protein_coding
SJST093109	C1_WGS	KRAS	KRAS	chr12.25245350.C.T	SNV	Missense	p.G12D	G/D	12	missense_variant	NM_004985.5	ENST00000311936	1	0.6875	33	48	ENST00000311936.8:c.35G>A	ENSP00000308495.3:p.Gly12Asp	protein_coding
SJST093114	C1_WGS	KRAS	KRAS	chr12.25245350.C.T	SNV	Missense	p.G12D	G/D	12	missense_variant	NM_004985.5	ENST00000311936	1	1	45	45	ENST00000311936.8:c.35G>A	ENSP00000308495.3:p.Gly12Asp	protein_coding
SJST093120	C1_WGS	KRAS	KRAS	chr12.25245350.C.T	SNV	Missense	p.G12D	G/D	12	missense_variant	NM_004985.5	ENST00000311936	1	0.823529411764706	42	51	ENST00000311936.8:c.35G>A	ENSP00000308495.3:p.Gly12Asp	protein_coding
SJST093184	C1_WGS	KRAS	KRAS	chr12.25245350.C.T	SNV	Missense	p.G12D	G/D	12	missense_variant	NM_004985.5	ENST00000311936	1	0.735294117647059	75	102	ENST00000311936.8:c.35G>A	ENSP00000308495.3:p.Gly12Asp	protein_coding
SJST093247	C1_WGS	KRAS	KRAS	chr12.25245350.C.T	SNV	Missense	p.G12D	G/D	12	missense_variant	NM_004985.5	ENST00000311936	1	0.647058823529412	33	51	ENST00000311936.8:c.35G>A	ENSP00000308495.3:p.Gly12Asp	protein_coding
SJST093253	C1_WGS	KRAS	KRAS	chr12.25245350.C.T	SNV	Missense	p.G12D	G/D	12	missense_variant	NM_004985.5	ENST00000311936	1	0.545454545454545	18	33	ENST00000311936.8:c.35G>A	ENSP00000308495.3:p.Gly12Asp	protein_coding
SJST093263	C1_WGS	KRAS	KRAS	chr12.25245350.C.T	SNV	Missense	p.G12D	G/D	12	missense_variant	NM_004985.5	ENST00000311936	1	0.548387096774194	17	31	ENST00000311936.8:c.35G>A	ENSP00000308495.3:p.Gly12Asp	protein_coding
SJST093269	C1_WGS	KRAS	KRAS	chr12.25245350.C.T	SNV	Missense	p.G12D	G/D	12	missense_variant	NM_004985.5	ENST00000311936	1	0.838028169014085	119	142	ENST00000311936.8:c.35G>A	ENSP00000308495.3:p.Gly12Asp	protein_coding
SJST093287	C1_WGS	KRAS	KRAS	chr12.25245350.C.T	SNV	Missense	p.G12D	G/D	12	missense_variant	NM_004985.5	ENST00000311936	1	1	36	36	ENST00000311936.8:c.35G>A	ENSP00000308495.3:p.Gly12Asp	protein_coding
SJST093290	C1_WGS	KRAS	KRAS	chr12.25245350.C.T	SNV	Missense	p.G12D	G/D	12	missense_variant	NM_004985.5	ENST00000311936	1	0.62	31	50	ENST00000311936.8:c.35G>A	ENSP00000308495.3:p.Gly12Asp	protein_coding
SJST093306	C1_WGS	KRAS	KRAS	chr12.25245350.C.T	SNV	Missense	p.G12D	G/D	12	missense_variant	NM_004985.5	ENST00000311936	1	1	42	42	ENST00000311936.8:c.35G>A	ENSP00000308495.3:p.Gly12Asp	protein_coding
SJST093310	C1_WGS	KRAS	KRAS	chr12.25245350.C.T	SNV	Missense	p.G12D	G/D	12	missense_variant	NM_004985.5	ENST00000311936	1	0.511111111111111	23	45	ENST00000311936.8:c.35G>A	ENSP00000308495.3:p.Gly12Asp	protein_coding
SJST093327	C1_WGS	KRAS	KRAS	chr12.25245350.C.T	SNV	Missense	p.G12D	G/D	12	missense_variant	NM_004985.5	ENST00000311936	1	0.7890625	101	128	ENST00000311936.8:c.35G>A	ENSP00000308495.3:p.Gly12Asp	protein_coding
SJST093328	C1_WGS	KRAS	KRAS	chr12.25245350.C.T	SNV	Missense	p.G12D	G/D	12	missense_variant	NM_004985.5	ENST00000311936	1	0.56	28	50	ENST00000311936.8:c.35G>A	ENSP00000308495.3:p.Gly12Asp	protein_coding
SJST093337	C1_WGS	KRAS	KRAS	chr12.25245350.C.T	SNV	Missense	p.G12D	G/D	12	missense_variant	NM_004985.5	ENST00000311936	1	0.59375	19	32	ENST00000311936.8:c.35G>A	ENSP00000308495.3:p.Gly12Asp	protein_coding
SJTALL068304	C1_WGS	KRAS	KRAS	chr12.25245350.C.T	SNV	Missense	p.G12D	G/D	12	missense_variant	NM_004985.5	ENST00000311936	1	0.1	1	10	ENST00000311936.8:c.35G>A	ENSP00000308495.3:p.Gly12Asp	protein_coding
SJGB092635	C1_WGS	KRAS	KRAS	chr12.25245350.C.T	SNV	Missense	p.G12D	G/D	12	missense_variant	NM_004985.5	ENST00000311936	1	0.390243902439024	16	41	ENST00000311936.8:c.35G>A	ENSP00000308495.3:p.Gly12Asp	protein_coding
SJST092670	C1_WGS	KRAS	KRAS	chr12.25245350.C.T	SNV	Missense	p.G12D	G/D	12	missense_variant	NM_004985.5	ENST00000311936	1	1	56	56	ENST00000311936.8:c.35G>A	ENSP00000308495.3:p.Gly12Asp	protein_coding
SJBALL096744	C1_WGS	KRAS	KRAS	chr12.25245350.C.T	SNV	Missense	p.G12D	G/D	12	missense_variant	NM_004985.5	ENST00000311936	1	0.540540540540541	20	37	ENST00000311936.8:c.35G>A	ENSP00000308495.3:p.Gly12Asp	protein_coding
SJTALL085566	C1_WGS	KRAS	KRAS	chr12.25245350.C.T	SNV	Missense	p.G12D	G/D	12	missense_variant	NM_004985.5	ENST00000311936	1	0.0666666666666667	3	45	ENST00000311936.8:c.35G>A	ENSP00000308495.3:p.Gly12Asp	protein_coding
SJST080355	C2_WGS	KRAS	KRAS	chr12.25245350.C.T	SNV	Missense	p.G12D	G/D	12	missense_variant	NM_004985.5	ENST00000311936	1	0.525	21	40	ENST00000311936.8:c.35G>A	ENSP00000308495.3:p.Gly12Asp	protein_coding
SJLUAD092737	C1_WGS	KRAS	KRAS	chr12.25245351.C.A	SNV	Missense	p.G12C	G/C	12	missense_variant	NM_004985.5	ENST00000311936	1	1	34	34	ENST00000311936.8:c.34G>T	ENSP00000308495.3:p.Gly12Cys	protein_coding
SJLUAD092921	C1_WGS	KRAS	KRAS	chr12.25245351.C.A	SNV	Missense	p.G12C	G/C	12	missense_variant	NM_004985.5	ENST00000311936	1	1	65	65	ENST00000311936.8:c.34G>T	ENSP00000308495.3:p.Gly12Cys	protein_coding
SJLUAD092932	C1_WGS	KRAS	KRAS	chr12.25245351.C.A	SNV	Missense	p.G12C	G/C	12	missense_variant	NM_004985.5	ENST00000311936	1	0.8	20	25	ENST00000311936.8:c.34G>T	ENSP00000308495.3:p.Gly12Cys	protein_coding
SJLUAD092943	C1_WGS	KRAS	KRAS	chr12.25245351.C.A	SNV	Missense	p.G12C	G/C	12	missense_variant	NM_004985.5	ENST00000311936	1	0.95	19	20	ENST00000311936.8:c.34G>T	ENSP00000308495.3:p.Gly12Cys	protein_coding
SJLUAD092948	C1_WGS	KRAS	KRAS	chr12.25245351.C.A	SNV	Missense	p.G12C	G/C	12	missense_variant	NM_004985.5	ENST00000311936	1	1	17	17	ENST00000311936.8:c.34G>T	ENSP00000308495.3:p.Gly12Cys	protein_coding
SJLUAD092958	C1_WGS	KRAS	KRAS	chr12.25245351.C.A	SNV	Missense	p.G12C	G/C	12	missense_variant	NM_004985.5	ENST00000311936	1	1	68	68	ENST00000311936.8:c.34G>T	ENSP00000308495.3:p.Gly12Cys	protein_coding
SJLUAD092959	C1_WGS	KRAS	KRAS	chr12.25245351.C.A	SNV	Missense	p.G12C	G/C	12	missense_variant	NM_004985.5	ENST00000311936	1	0.753623188405797	52	69	ENST00000311936.8:c.34G>T	ENSP00000308495.3:p.Gly12Cys	protein_coding
SJLUAD092963	C1_WGS	KRAS	KRAS	chr12.25245351.C.A	SNV	Missense	p.G12C	G/C	12	missense_variant	NM_004985.5	ENST00000311936	1	0.735294117647059	50	68	ENST00000311936.8:c.34G>T	ENSP00000308495.3:p.Gly12Cys	protein_coding
SJLUSC092667	C1_WGS	KRAS	KRAS	chr12.25245351.C.A	SNV	Missense	p.G12C	G/C	12	missense_variant	NM_004985.5	ENST00000311936	1	0.822222222222222	37	45	ENST00000311936.8:c.34G>T	ENSP00000308495.3:p.Gly12Cys	protein_coding
SJST047885	C1_WGS	KRAS	KRAS	chr12.25245351.C.A	SNV	Missense	p.G12C	G/C	12	missense_variant	NM_004985.5	ENST00000311936	1	1	51	51	ENST00000311936.8:c.34G>T	ENSP00000308495.3:p.Gly12Cys	protein_coding
SJST092860	C1_WGS	KRAS	KRAS	chr12.25245351.C.A	SNV	Missense	p.G12C	G/C	12	missense_variant	NM_004985.5	ENST00000311936	1	0.851485148514851	86	101	ENST00000311936.8:c.34G>T	ENSP00000308495.3:p.Gly12Cys	protein_coding
SJST092861	C1_WGS	KRAS	KRAS	chr12.25245351.C.A	SNV	Missense	p.G12C	G/C	12	missense_variant	NM_004985.5	ENST00000311936	1	0.580645161290323	54	93	ENST00000311936.8:c.34G>T	ENSP00000308495.3:p.Gly12Cys	protein_coding
SJST093005	C1_WGS	KRAS	KRAS	chr12.25245351.C.A	SNV	Missense	p.G12C	G/C	12	missense_variant	NM_004985.5	ENST00000311936	1	0.380952380952381	16	42	ENST00000311936.8:c.34G>T	ENSP00000308495.3:p.Gly12Cys	protein_coding
SJST093135	C1_WGS	KRAS	KRAS	chr12.25245351.C.A	SNV	Missense	p.G12C	G/C	12	missense_variant	NM_004985.5	ENST00000311936	1	1	41	41	ENST00000311936.8:c.34G>T	ENSP00000308495.3:p.Gly12Cys	protein_coding
SJST093141	C1_WGS	KRAS	KRAS	chr12.25245351.C.A	SNV	Missense	p.G12C	G/C	12	missense_variant	NM_004985.5	ENST00000311936	1	0.547619047619048	23	42	ENST00000311936.8:c.34G>T	ENSP00000308495.3:p.Gly12Cys	protein_coding
SJST093262	C1_WGS	KRAS	KRAS	chr12.25245351.C.A	SNV	Missense	p.G12C	G/C	12	missense_variant	NM_004985.5	ENST00000311936	1	0.6	24	40	ENST00000311936.8:c.34G>T	ENSP00000308495.3:p.Gly12Cys	protein_coding
SJST093162	C1_WGS	KRAS	KRAS	chr12.25245351.C.A	SNV	Missense	p.G12C	G/C	12	missense_variant	NM_004985.5	ENST00000311936	1	0.51063829787234	24	47	ENST00000311936.8:c.34G>T	ENSP00000308495.3:p.Gly12Cys	protein_coding
SJBLCA063783	C2_WGS	KRAS	KRAS	chr12.25245351.C.A	SNV	Missense	p.G12C	G/C	12	missense_variant	NM_004985.5	ENST00000311936	1	1	78	78	ENST00000311936.8:c.34G>T	ENSP00000308495.3:p.Gly12Cys	protein_coding
SJBALL080707	C1_WGS	KRAS	KRAS	chr12.25245351.C.G	SNV	Missense	p.G12R	G/R	12	missense_variant	NM_004985.5	ENST00000311936	1	0.48	12	25	ENST00000311936.8:c.34G>C	ENSP00000308495.3:p.Gly12Arg	protein_coding
SJLUSC092928	C1_WGS	KRAS	KRAS	chr12.25245351.C.G	SNV	Missense	p.G12R	G/R	12	missense_variant	NM_004985.5	ENST00000311936	1	0.576923076923077	45	78	ENST00000311936.8:c.34G>C	ENSP00000308495.3:p.Gly12Arg	protein_coding
SJST093035	C1_WGS	KRAS	KRAS	chr12.25245351.C.G	SNV	Missense	p.G12R	G/R	12	missense_variant	NM_004985.5	ENST00000311936	1	0.841935483870968	261	310	ENST00000311936.8:c.34G>C	ENSP00000308495.3:p.Gly12Arg	protein_coding
SJST093272	C1_WGS	KRAS	KRAS	chr12.25245351.C.G	SNV	Missense	p.G12R	G/R	12	missense_variant	NM_004985.5	ENST00000311936	1	0.525	21	40	ENST00000311936.8:c.34G>C	ENSP00000308495.3:p.Gly12Arg	protein_coding
SJST093291	C1_WGS	KRAS	KRAS	chr12.25245351.C.G	SNV	Missense	p.G12R	G/R	12	missense_variant	NM_004985.5	ENST00000311936	1	1	22	22	ENST00000311936.8:c.34G>C	ENSP00000308495.3:p.Gly12Arg	protein_coding
SJST093335	C1_WGS	KRAS	KRAS	chr12.25245351.C.G	SNV	Missense	p.G12R	G/R	12	missense_variant	NM_004985.5	ENST00000311936	1	0.555555555555556	30	54	ENST00000311936.8:c.34G>C	ENSP00000308495.3:p.Gly12Arg	protein_coding
SJST093026	C1_WGS	KRAS	KRAS	chr12.25245351.C.G	SNV	Missense	p.G12R	G/R	12	missense_variant	NM_004985.5	ENST00000311936	1	1	33	33	ENST00000311936.8:c.34G>C	ENSP00000308495.3:p.Gly12Arg	protein_coding
SJBALL060369	C1_WGS	KRAS	KRAS	chr12.25245351.C.T	SNV	Missense	p.G12S	G/S	12	missense_variant	NM_004985.5	ENST00000311936	1	0.48780487804878	20	41	ENST00000311936.8:c.34G>A	ENSP00000308495.3:p.Gly12Ser	protein_coding
SJLUAD074474	C1_WGS	KRAS	KRAS	chr12.25245351.C.T	SNV	Missense	p.G12S	G/S	12	missense_variant	NM_004985.5	ENST00000311936	1	1	34	34	ENST00000311936.8:c.34G>A	ENSP00000308495.3:p.Gly12Ser	protein_coding
SJNHL092820	C1_WGS	KRAS	KRAS	chr12.25245351.C.T	SNV	Missense	p.G12S	G/S	12	missense_variant	NM_004985.5	ENST00000311936	1	1	44	44	ENST00000311936.8:c.34G>A	ENSP00000308495.3:p.Gly12Ser	protein_coding
SJNORM093041	C1_WGS	KRAS	KRAS	chr12.25245358.AA.AGCTCCAA	Indel	InframeIns	p.V9VGA	V/VGA	9	inframe_insertion	NM_004985.5	ENST00000311936	1	1	32	32	ENST00000311936.8:c.30_35dup	ENSP00000308495.3:p.Gly13_Val14insAlaGly	protein_coding
SJNORM093044	C1_WGS	KRAS	KRAS	chr12.25245358.AA.AGCTCCAA	Indel	InframeIns	p.V9VGA	V/VGA	9	inframe_insertion	NM_004985.5	ENST00000311936	1	0.5	17	34	ENST00000311936.8:c.30_35dup	ENSP00000308495.3:p.Gly13_Val14insAlaGly	protein_coding
SJNORM093045	C1_WGS	KRAS	KRAS	chr12.25245358.AA.AGCTCCAA	Indel	InframeIns	p.V9VGA	V/VGA	9	inframe_insertion	NM_004985.5	ENST00000311936	1	0.5	10	20	ENST00000311936.8:c.30_35dup	ENSP00000308495.3:p.Gly13_Val14insAlaGly	protein_coding
SJNHL092812	C1_WGS	KRAS	KRAS	chr12.25245360.C.T	SNV	Missense	p.V9I	V/I	9	missense_variant	NM_004985.5	ENST00000311936	1	0.13953488372093	6	43	ENST00000311936.8:c.25G>A	ENSP00000308495.3:p.Val9Ile	protein_coding
SJTALL071491	C1_WGS	MAP2K1	MAP2K1	chr15.66435091.C.T	SNV	Missense	p.R49C	R/C	49	missense_variant	NM_002755.4	ENST00000307102	1	0.5	19	38	ENST00000307102.10:c.145C>T	ENSP00000302486.5:p.Arg49Cys	protein_coding
SJCOAD093136	C1_WGS	MAP2K1	MAP2K1	chr15.66435113.A.C	SNV	Missense	p.Q56P	Q/P	56	missense_variant	NM_002755.4	ENST00000307102	1	0.428571428571429	9	21	ENST00000307102.10:c.167A>C	ENSP00000302486.5:p.Gln56Pro	protein_coding
SJLUAD092925	C1_WGS	MAP2K1	MAP2K1	chr15.66435113.A.C	SNV	Missense	p.Q56P	Q/P	56	missense_variant	NM_002755.4	ENST00000307102	1	0.407407407407407	22	54	ENST00000307102.10:c.167A>C	ENSP00000302486.5:p.Gln56Pro	protein_coding
SJST093316	C1_WGS	MAP2K1	MAP2K1	chr15.66435113.A.C	SNV	Missense	p.Q56P	Q/P	56	missense_variant	NM_002755.4	ENST00000307102	1	0.82716049382716	67	81	ENST00000307102.10:c.167A>C	ENSP00000302486.5:p.Gln56Pro	protein_coding
SJTALL073622	C1_WGS	MAP2K1	MAP2K1	chr15.66435145.G.A	SNV	Missense	p.D67N	D/N	67	missense_variant	NM_002755.4	ENST00000307102	1	0.166666666666667	2	12	ENST00000307102.10:c.199G>A	ENSP00000302486.5:p.Asp67Asn	protein_coding
SJTALL085558	C1_WGS	MAP2K1	MAP2K1	chr15.66435145.G.A	SNV	Missense	p.D67N	D/N	67	missense_variant	NM_002755.4	ENST00000307102	1	0.148148148148148	4	27	ENST00000307102.10:c.199G>A	ENSP00000302486.5:p.Asp67Asn	protein_coding
SJST080457	C2_WGS	MAP2K1	MAP2K1	chr15.66435145.G.A	SNV	Missense	p.D67N	D/N	67	missense_variant	NM_002755.4	ENST00000307102	1	0.27027027027027	10	37	ENST00000307102.10:c.199G>A	ENSP00000302486.5:p.Asp67Asn	protein_coding
SJST093092	C1_WGS	MAP2K1	MAP2K1	chr15.66435184.G.A	SNV	Missense	p.G80S	G/S	80	missense_variant	NM_002755.4	ENST00000307102	1	0.444444444444444	12	27	ENST00000307102.10:c.238G>A	ENSP00000302486.5:p.Gly80Ser	protein_coding
SJMEL092702	C1_WGS	MAP2K1	MAP2K1	chr15.66436824.C.T	SNV	Missense	p.P124S	P/S	124	missense_variant	NM_002755.4	ENST00000307102	1	0.447368421052632	17	38	ENST00000307102.10:c.370C>T	ENSP00000302486.5:p.Pro124Ser	protein_coding
SJMEL092763	C1_WGS	MAP2K1	MAP2K1	chr15.66436825.C.T	SNV	Missense	p.P124L	P/L	124	missense_variant	NM_002755.4	ENST00000307102	1	0.527272727272727	29	55	ENST00000307102.10:c.371C>T	ENSP00000302486.5:p.Pro124Leu	protein_coding
SJNHL093066	C1_WGS	MAP2K1	MAP2K1	chr15.66481793.G.A	SNV	Missense	p.E203K	E/K	203	missense_variant	NM_002755.4	ENST00000307102	1	0.525	21	40	ENST00000307102.10:c.607G>A	ENSP00000302486.5:p.Glu203Lys	protein_coding
SJCOAD080454	C1_WGS	ERBB2	ERBB2	chr17.39710131.C.T	SNV	Missense	p.P230L	P/L	230	missense_variant	NM_004448.4	ENST00000269571	1	0.434782608695652	10	23	ENST00000269571.10:c.689C>T	ENSP00000269571.4:p.Pro230Leu	protein_coding
SJBLCA092690	C1_WGS	ERBB2	ERBB2	chr17.39711955.C.T	SNV	Missense	p.S310F	S/F	310	missense_variant	NM_004448.4	ENST00000269571	1	0.611111111111111	33	54	ENST00000269571.10:c.929C>T	ENSP00000269571.4:p.Ser310Phe	protein_coding
SJST093158	C1_WGS	ERBB2	ERBB2	chr17.39711955.C.T	SNV	Missense	p.S310F	S/F	310	missense_variant	NM_004448.4	ENST00000269571	1	0.74468085106383	105	141	ENST00000269571.10:c.929C>T	ENSP00000269571.4:p.Ser310Phe	protein_coding
SJBT085595	C1_WGS	ERBB2	ERBB2	chr17.39711955.C.T	SNV	Missense	p.S310F	S/F	310	missense_variant	NM_004448.4	ENST00000269571	1	0.525423728813559	31	59	ENST00000269571.10:c.929C>T	ENSP00000269571.4:p.Ser310Phe	protein_coding
SJNSCLC092947	C1_WGS	ERBB2	ERBB2	chr17.39711981.A.T	SNV	Missense	p.N319Y	N/Y	319	missense_variant	NM_004448.4	ENST00000269571	1	0.216216216216216	8	37	ENST00000269571.10:c.955A>T	ENSP00000269571.4:p.Asn319Tyr	protein_coding
SJST092729	C1_WGS	ERBB2	ERBB2	chr17.39712008.A.T	SNV	Missense	p.T328S	T/S	328	missense_variant	NM_004448.4	ENST00000269571	1	0.428571428571429	3	7	ENST00000269571.10:c.982A>T	ENSP00000269571.4:p.Thr328Ser	protein_coding
SJST093050	C1_WGS	ERBB2	ERBB2	chr17.39716340.G.T	SNV	Missense	p.G518V	G/V	518	missense_variant	NM_004448.4	ENST00000269571	1	0.678571428571429	19	28	ENST00000269571.10:c.1553G>T	ENSP00000269571.4:p.Gly518Val	protein_coding
SJBLCA093201	C1_WGS	ERBB2	ERBB2	chr17.39723329.TCCATCAT.TGCATCGT	MNV	Missense	p.SII653CIV	SII/CIV	653	missense_variant	NM_004448.4	ENST00000269571	1	0.666666666666667	16	24	ENST00000269571.10:c.1958_1963delinsGCATCG	ENSP00000269571.4:p.Ser653_Ile655delinsCysIleVal	protein_coding
SJBLCA093201	C1_WGS	ERBB2	ERBB2	chr17.39723330.C.G	SNV	Missense	p.S653C	S/C	653	missense_variant	NM_004448.4	ENST00000269571	1	0.65	13	20	ENST00000269571.10:c.1958C>G	ENSP00000269571.4:p.Ser653Cys	protein_coding
SJST092742	C1_WGS	ERBB2	ERBB2	chr17.39723345.T.C	SNV	Missense	p.V658A	V/A	658	missense_variant	NM_004448.4	ENST00000269571	1	0.5	15	30	ENST00000269571.10:c.1973T>C	ENSP00000269571.4:p.Val658Ala	protein_coding
SJSCLC093292	C1_WGS	ERBB2	ERBB2	chr17.39723392.C.T	SNV	Missense	p.L674F	L/F	674	missense_variant	NM_004448.4	ENST00000269571	1	0.538461538461538	21	39	ENST00000269571.10:c.2020C>T	ENSP00000269571.4:p.Leu674Phe	protein_coding
SJCOAD093117	C1_WGS	ERBB2	ERBB2	chr17.39723405.G.A	SNV	Missense	p.R678Q	R/Q	678	missense_variant	NM_004448.4	ENST00000269571	1	0.35	7	20	ENST00000269571.10:c.2033G>A	ENSP00000269571.4:p.Arg678Gln	protein_coding
SJST093158	C1_WGS	ERBB2	ERBB2	chr17.39723405.G.A	SNV	Missense	p.R678Q	R/Q	678	missense_variant	NM_004448.4	ENST00000269571	1	0.714285714285714	80	112	ENST00000269571.10:c.2033G>A	ENSP00000269571.4:p.Arg678Gln	protein_coding
SJCOAD092671	C1_WGS	ERBB2	ERBB2	chr17.39723611.T.C	SNV	Missense	p.L720P	L/P	720	missense_variant	NM_004448.4	ENST00000269571	1	0.595238095238095	25	42	ENST00000269571.10:c.2159T>C	ENSP00000269571.4:p.Leu720Pro	protein_coding
SJCOAD092866	C1_WGS	ERBB2	ERBB2	chr17.39723933.G.A	SNV	Missense	p.E744K	E/K	744	missense_variant	NM_004448.4	ENST00000269571	1	0.321428571428571	9	28	ENST00000269571.10:c.2230G>A	ENSP00000269571.4:p.Glu744Lys	protein_coding
SJGB093011	C1_WGS	ERBB2	ERBB2	chr17.39723967.T.C	SNV	Missense	p.L755S	L/S	755	missense_variant	NM_004448.4	ENST00000269571	1	0.681818181818182	15	22	ENST00000269571.10:c.2264T>C	ENSP00000269571.4:p.Leu755Ser	protein_coding
SJLUAD080361	C2_WGS	ERBB2	ERBB2	chr17.39724744.GG.GTGTG	Indel	InframeOther	p.G776VC	G/VC	776	protein_altering_variant	NM_004448.4	ENST00000269571	1	1	55	55	ENST00000269571.10:c.2326_2327insTGT	ENSP00000269571.4:p.Gly776delinsValCys	protein_coding
SJST093187	C1_WGS	ERBB2	ERBB2	chr17.39724745.G.T	SNV	Missense	p.G776V	G/V	776	missense_variant	NM_004448.4	ENST00000269571	1	0.476190476190476	10	21	ENST00000269571.10:c.2327G>T	ENSP00000269571.4:p.Gly776Val	protein_coding
SJST092740	C1_WGS	ERBB2	ERBB2	chr17.39724811.C.T	SNV	Missense	p.T798I	T/I	798	missense_variant	NM_004448.4	ENST00000269571	1	0.770491803278688	47	61	ENST00000269571.10:c.2393C>T	ENSP00000269571.4:p.Thr798Ile	protein_coding
SJST092845	C1_WGS	ERBB2	ERBB2	chr17.39724907.C.T	SNV	Missense	p.A830V	A/V	830	missense_variant	NM_004448.4	ENST00000269571	1	1	36	36	ENST00000269571.10:c.2489C>T	ENSP00000269571.4:p.Ala830Val	protein_coding
SJST092740	C1_WGS	ERBB2	ERBB2	chr17.39725079.G.A	SNV	Missense	p.V842I	V/I	842	missense_variant	NM_004448.4	ENST00000269571	1	0.703703703703704	38	54	ENST00000269571.10:c.2524G>A	ENSP00000269571.4:p.Val842Ile	protein_coding
SJST092825	C1_WGS	ERBB2	ERBB2	chr17.39725079.G.A	SNV	Missense	p.V842I	V/I	842	missense_variant	NM_004448.4	ENST00000269571	1	0.487179487179487	19	39	ENST00000269571.10:c.2524G>A	ENSP00000269571.4:p.Val842Ile	protein_coding
SJLUSC093324	C1_WGS	ERBB2	ERBB2	chr17.39727902.C.T	SNV	Missense	p.P1209L	P/L	1209	missense_variant	NM_004448.4	ENST00000269571	1	0.708333333333333	34	48	ENST00000269571.10:c.3626C>T	ENSP00000269571.4:p.Pro1209Leu	protein_coding
SJNBL092606	C1_WGS	ALK	ALK	chr2.29209798.C.T	SNV	Missense	p.R1275Q	R/Q	1275	missense_variant	NM_004304.5	ENST00000389048	1	0.576923076923077	15	26	ENST00000389048.8:c.3824G>A	ENSP00000373700.3:p.Arg1275Gln	protein_coding
SJNBL046419	C1_WGS	ALK	ALK	chr2.29209798.C.T	SNV	Missense	p.R1275Q	R/Q	1275	missense_variant	NM_004304.5	ENST00000389048	1	0.637931034482759	37	58	ENST00000389048.8:c.3824G>A	ENSP00000373700.3:p.Arg1275Gln	protein_coding
SJNBL096698	C1_WGS	ALK	ALK	chr2.29209798.C.T	SNV	Missense	p.R1275Q	R/Q	1275	missense_variant	NM_004304.5	ENST00000389048	1	0.371428571428571	13	35	ENST00000389048.8:c.3824G>A	ENSP00000373700.3:p.Arg1275Gln	protein_coding
SJNBL046419	C2_WGS	ALK	ALK	chr2.29209798.C.T	SNV	Missense	p.R1275Q	R/Q	1275	missense_variant	NM_004304.5	ENST00000389048	1	0.637931034482759	37	58	ENST00000389048.8:c.3824G>A	ENSP00000373700.3:p.Arg1275Gln	protein_coding
SJNBL083051	C3_WGS	ALK	ALK	chr2.29209798.C.T	SNV	Missense	p.R1275Q	R/Q	1275	missense_variant	NM_004304.5	ENST00000389048	1	0.588235294117647	20	34	ENST00000389048.8:c.3824G>A	ENSP00000373700.3:p.Arg1275Gln	protein_coding
SJNBL046419	C3_WGS	ALK	ALK	chr2.29209798.C.T	SNV	Missense	p.R1275Q	R/Q	1275	missense_variant	NM_004304.5	ENST00000389048	1	0.622641509433962	33	53	ENST00000389048.8:c.3824G>A	ENSP00000373700.3:p.Arg1275Gln	protein_coding
SJNBL083051	C5_WGS	ALK	ALK	chr2.29209798.C.T	SNV	Missense	p.R1275Q	R/Q	1275	missense_variant	NM_004304.5	ENST00000389048	1	0.648648648648649	48	74	ENST00000389048.8:c.3824G>A	ENSP00000373700.3:p.Arg1275Gln	protein_coding
SJNBL080792	C1_WGS	ALK	ALK	chr2.29213994.A.C	SNV	Missense	p.F1245V	F/V	1245	missense_variant	NM_004304.5	ENST00000389048	1	0.625	25	40	ENST00000389048.8:c.3733T>G	ENSP00000373700.3:p.Phe1245Val	protein_coding
SJNBL080413	C1_WGS	ALK	ALK	chr2.29220829.G.T	SNV	Missense	p.F1174L	F/L	1174	missense_variant	NM_004304.5	ENST00000389048	1	0.549019607843137	28	51	ENST00000389048.8:c.3522C>A	ENSP00000373700.3:p.Phe1174Leu	protein_coding
SJNBL096705	C1_WGS	ALK	ALK	chr2.29220829.G.T	SNV	Missense	p.F1174L	F/L	1174	missense_variant	NM_004304.5	ENST00000389048	1	0.65	26	40	ENST00000389048.8:c.3522C>A	ENSP00000373700.3:p.Phe1174Leu	protein_coding
SJNBL096711	C1_WGS	ALK	ALK	chr2.29220829.G.T	SNV	Missense	p.F1174L	F/L	1174	missense_variant	NM_004304.5	ENST00000389048	1	0.775	31	40	ENST00000389048.8:c.3522C>A	ENSP00000373700.3:p.Phe1174Leu	protein_coding
SJNBL082857	C1_WGS	ALK	ALK	chr2.29220829.G.T	SNV	Missense	p.F1174L	F/L	1174	missense_variant	NM_004304.5	ENST00000389048	1	0.403846153846154	21	52	ENST00000389048.8:c.3522C>A	ENSP00000373700.3:p.Phe1174Leu	protein_coding
SJNBL080413	C1B_WGS	ALK	ALK	chr2.29220829.G.T	SNV	Missense	p.F1174L	F/L	1174	missense_variant	NM_004304.5	ENST00000389048	1	0.549019607843137	28	51	ENST00000389048.8:c.3522C>A	ENSP00000373700.3:p.Phe1174Leu	protein_coding
SJNBL046420	C4_WGS	ALK	ALK	chr2.29220829.G.T	SNV	Missense	p.F1174L	F/L	1174	missense_variant	NM_004304.5	ENST00000389048	1	0.35423197492163	113	319	ENST00000389048.8:c.3522C>A	ENSP00000373700.3:p.Phe1174Leu	protein_coding
SJNBL046420	C6_WGS	ALK	ALK	chr2.29220829.G.T	SNV	Missense	p.F1174L	F/L	1174	missense_variant	NM_004304.5	ENST00000389048	1	0.475	19	40	ENST00000389048.8:c.3522C>A	ENSP00000373700.3:p.Phe1174Leu	protein_coding
SJNBL046420	C8_WGS	ALK	ALK	chr2.29220829.G.T	SNV	Missense	p.F1174L	F/L	1174	missense_variant	NM_004304.5	ENST00000389048	1	0.265625	17	64	ENST00000389048.8:c.3522C>A	ENSP00000373700.3:p.Phe1174Leu	protein_coding
SJBALL020016	C185_WGS	ALK	ALK	chr2.29220829.G.T	SNV	Missense	p.F1174L	F/L	1174	missense_variant	NM_004304.5	ENST00000389048	1	0.375	36	96	ENST00000389048.8:c.3522C>A	ENSP00000373700.3:p.Phe1174Leu	protein_coding
SJST093093	C1_WGS	ALK	ALK	chr2.29383831.G.A	SNV	Missense	p.R395C	R/C	395	missense_variant	NM_004304.5	ENST00000389048	1	0.483870967741935	15	31	ENST00000389048.8:c.1183C>T	ENSP00000373700.3:p.Arg395Cys	protein_coding
SJST092786	C1_WGS	PIK3CA	PIK3CA	chr3.179198937.C.T	SNV	Missense	p.R38C	R/C	38	missense_variant	NM_006218.4	ENST00000263967	1	0.48	12	25	ENST00000263967.4:c.112C>T	ENSP00000263967.3:p.Arg38Cys	protein_coding
SJGB092988	C1_WGS	PIK3CA	PIK3CA	chr3.179198937.C.T	SNV	Missense	p.R38C	R/C	38	missense_variant	NM_006218.4	ENST00000263967	1	0.851851851851852	23	27	ENST00000263967.4:c.112C>T	ENSP00000263967.3:p.Arg38Cys	protein_coding
SJHGG096710	C1_WGS	PIK3CA	PIK3CA	chr3.179198940.G.A	SNV	Missense	p.E39K	E/K	39	missense_variant	NM_006218.4	ENST00000263967	1	0.333333333333333	10	30	ENST00000263967.4:c.115G>A	ENSP00000263967.3:p.Glu39Lys	protein_coding
SJHGG094233	C1_WGS	PIK3CA	PIK3CA	chr3.179198940.G.A	SNV	Missense	p.E39K	E/K	39	missense_variant	NM_006218.4	ENST00000263967	1	0.158730158730159	10	63	ENST00000263967.4:c.115G>A	ENSP00000263967.3:p.Glu39Lys	protein_coding
SJCOAD092773	C1_WGS	PIK3CA	PIK3CA	chr3.179199088.G.A	SNV	Missense	p.R88Q	R/Q	88	missense_variant	NM_006218.4	ENST00000263967	1	0.590909090909091	13	22	ENST00000263967.4:c.263G>A	ENSP00000263967.3:p.Arg88Gln	protein_coding
SJST092795	C1_WGS	PIK3CA	PIK3CA	chr3.179199088.G.A	SNV	Missense	p.R88Q	R/Q	88	missense_variant	NM_006218.4	ENST00000263967	1	0.652173913043478	15	23	ENST00000263967.4:c.263G>A	ENSP00000263967.3:p.Arg88Gln	protein_coding
SJST093087	C1_WGS	PIK3CA	PIK3CA	chr3.179199088.G.A	SNV	Missense	p.R88Q	R/Q	88	missense_variant	NM_006218.4	ENST00000263967	1	0.578947368421053	11	19	ENST00000263967.4:c.263G>A	ENSP00000263967.3:p.Arg88Gln	protein_coding
SJST093092	C1_WGS	PIK3CA	PIK3CA	chr3.179199088.G.A	SNV	Missense	p.R88Q	R/Q	88	missense_variant	NM_006218.4	ENST00000263967	1	0.391304347826087	9	23	ENST00000263967.4:c.263G>A	ENSP00000263967.3:p.Arg88Gln	protein_coding
SJST092752	C1_WGS	PIK3CA	PIK3CA	chr3.179199088.G.A	SNV	Missense	p.R88Q	R/Q	88	missense_variant	NM_006218.4	ENST00000263967	1	0.365853658536585	15	41	ENST00000263967.4:c.263G>A	ENSP00000263967.3:p.Arg88Gln	protein_coding
SJMB085591	C1_WGS	PIK3CA	PIK3CA	chr3.179199088.G.A	SNV	Missense	p.R88Q	R/Q	88	missense_variant	NM_006218.4	ENST00000263967	1	0	0	27	ENST00000263967.4:c.263G>A	ENSP00000263967.3:p.Arg88Gln	protein_coding
SJHGG093347	C2_WGS	PIK3CA	PIK3CA	chr3.179199088.G.A	SNV	Missense	p.R88Q	R/Q	88	missense_variant	NM_006218.4	ENST00000263967	1	0.483870967741935	15	31	ENST00000263967.4:c.263G>A	ENSP00000263967.3:p.Arg88Gln	protein_coding
SJMB085591	C2_WGS	PIK3CA	PIK3CA	chr3.179199088.G.A	SNV	Missense	p.R88Q	R/Q	88	missense_variant	NM_006218.4	ENST00000263967	1	0.357142857142857	10	28	ENST00000263967.4:c.263G>A	ENSP00000263967.3:p.Arg88Gln	protein_coding
SJST093113	C1_WGS	PIK3CA	PIK3CA	chr3.179199136.C.G	SNV	Missense	p.P104R	P/R	104	missense_variant	NM_006218.4	ENST00000263967	1	0.333333333333333	11	33	ENST00000263967.4:c.311C>G	ENSP00000263967.3:p.Pro104Arg	protein_coding
SJSCLC092977	C1_WGS	PIK3CA	PIK3CA	chr3.179199141.GGCAACCGTGA.GA	Indel	InframeDel	p.GNRE106E	GNRE/E	106	inframe_deletion	NM_006218.4	ENST00000263967	1	0.394736842105263	15	38	ENST00000263967.4:c.317_325del	ENSP00000263967.3:p.Gly106_Arg108del	protein_coding
SJST080358	C2_WGS	PIK3CA	PIK3CA	chr3.179199141.GGCAACCGTGA.GA	Indel	InframeDel	p.GNRE106E	GNRE/E	106	inframe_deletion	NM_006218.4	ENST00000263967	1	0.411764705882353	14	34	ENST00000263967.4:c.317_325del	ENSP00000263967.3:p.Gly106_Arg108del	protein_coding
SJSCLC092916	C1_WGS	PIK3CA	PIK3CA	chr3.179199157.A.G	SNV	Missense	p.K111R	K/R	111	missense_variant	NM_006218.4	ENST00000263967	1	0.347826086956522	8	23	ENST00000263967.4:c.332A>G	ENSP00000263967.3:p.Lys111Arg	protein_coding
SJBRCA010843	C1_WGS	PIK3CA	PIK3CA	chr3.179199158.G.C	SNV	Missense	p.K111N	K/N	111	missense_variant	NM_006218.4	ENST00000263967	1	0.229166666666667	11	48	ENST00000263967.4:c.333G>C	ENSP00000263967.3:p.Lys111Asn	protein_coding
SJLUAD092941	C1_WGS	PIK3CA	PIK3CA	chr3.179199690.G.A	SNV	Missense	p.G118D	G/D	118	missense_variant,splice_region_variant	NM_006218.4	ENST00000263967	1	0.583333333333333	14	24	ENST00000263967.4:c.353G>A	ENSP00000263967.3:p.Gly118Asp	protein_coding
SJTALL080088	C1B_WGS	PIK3CA	PIK3CA	chr3.179203760.G.A	SNV	Missense	p.V344M	V/M	344	missense_variant	NM_006218.4	ENST00000263967	1	0.132075471698113	7	53	ENST00000263967.4:c.1030G>A	ENSP00000263967.3:p.Val344Met	protein_coding
SJGB093314	C1_WGS	PIK3CA	PIK3CA	chr3.179203764.A.G	SNV	Missense	p.N345S	N/S	345	missense_variant	NM_006218.4	ENST00000263967	1	0.538461538461538	21	39	ENST00000263967.4:c.1034A>G	ENSP00000263967.3:p.Asn345Ser	protein_coding
SJST092704	C1_WGS	PIK3CA	PIK3CA	chr3.179204536.G.A	SNV	Missense	p.E365K	E/K	365	missense_variant	NM_006218.4	ENST00000263967	1	0.484848484848485	16	33	ENST00000263967.4:c.1093G>A	ENSP00000263967.3:p.Glu365Lys	protein_coding
SJBRCA093271	C1_WGS	PIK3CA	PIK3CA	chr3.179210192.T.C	SNV	Missense	p.C420R	C/R	420	missense_variant	NM_006218.4	ENST00000263967	1	0.714285714285714	15	21	ENST00000263967.4:c.1258T>C	ENSP00000263967.3:p.Cys420Arg	protein_coding
SJCOAD092671	C1_WGS	PIK3CA	PIK3CA	chr3.179210192.T.C	SNV	Missense	p.C420R	C/R	420	missense_variant	NM_006218.4	ENST00000263967	1	0.5	9	18	ENST00000263967.4:c.1258T>C	ENSP00000263967.3:p.Cys420Arg	protein_coding
SJST093188	C1_WGS	PIK3CA	PIK3CA	chr3.179210192.T.C	SNV	Missense	p.C420R	C/R	420	missense_variant	NM_006218.4	ENST00000263967	1	0.5625	18	32	ENST00000263967.4:c.1258T>C	ENSP00000263967.3:p.Cys420Arg	protein_coding
SJBRCA080476	C2_WGS	PIK3CA	PIK3CA	chr3.179210192.T.C	SNV	Missense	p.C420R	C/R	420	missense_variant	NM_006218.4	ENST00000263967	1	0.589041095890411	43	73	ENST00000263967.4:c.1258T>C	ENSP00000263967.3:p.Cys420Arg	protein_coding
SJST092779	C1_WGS	PIK3CA	PIK3CA	chr3.179210276.GTACCTCATGGATTAGAAGATTTG.GAG	Indel	InframeOther	p.VPHGLEDL448E	VPHGLEDL/E	448	protein_altering_variant	NM_006218.4	ENST00000263967	1	0.269230769230769	7	26	ENST00000263967.4:c.1343_1364delinsA	ENSP00000263967.3:p.Val448_Leu455delinsGlu	protein_coding
SJCOAD092776	C1_WGS	PIK3CA	PIK3CA	chr3.179210279.C.A	SNV	Missense	p.P449T	P/T	449	missense_variant	NM_006218.4	ENST00000263967	1	0.730769230769231	19	26	ENST00000263967.4:c.1345C>A	ENSP00000263967.3:p.Pro449Thr	protein_coding
SJST092708	C1_WGS	PIK3CA	PIK3CA	chr3.179210291.G.A	SNV	Missense	p.E453K	E/K	453	missense_variant	NM_006218.4	ENST00000263967	1	0.458333333333333	11	24	ENST00000263967.4:c.1357G>A	ENSP00000263967.3:p.Glu453Lys	protein_coding
SJBRCA092642	C1_WGS	PIK3CA	PIK3CA	chr3.179218286.C.G	SNV	Missense	p.P539R	P/R	539	missense_variant	NM_006218.4	ENST00000263967	1	0.333333333333333	11	33	ENST00000263967.4:c.1616C>G	ENSP00000263967.3:p.Pro539Arg	protein_coding
SJST092892	C1_WGS	PIK3CA	PIK3CA	chr3.179218286.C.G	SNV	Missense	p.P539R	P/R	539	missense_variant	NM_006218.4	ENST00000263967	1	0.285714285714286	4	14	ENST00000263967.4:c.1616C>G	ENSP00000263967.3:p.Pro539Arg	protein_coding
SJBLCA093201	C1_WGS	PIK3CA	PIK3CA	chr3.179218294.G.A	SNV	Missense	p.E542K	E/K	542	missense_variant	NM_006218.4	ENST00000263967	1	0.566666666666667	17	30	ENST00000263967.4:c.1624G>A	ENSP00000263967.3:p.Glu542Lys	protein_coding
SJBRCA092648	C1_WGS	PIK3CA	PIK3CA	chr3.179218294.G.A	SNV	Missense	p.E542K	E/K	542	missense_variant	NM_006218.4	ENST00000263967	1	0.45945945945946	17	37	ENST00000263967.4:c.1624G>A	ENSP00000263967.3:p.Glu542Lys	protein_coding
SJBRCA092658	C1_WGS	PIK3CA	PIK3CA	chr3.179218294.G.A	SNV	Missense	p.E542K	E/K	542	missense_variant	NM_006218.4	ENST00000263967	1	0.552631578947368	21	38	ENST00000263967.4:c.1624G>A	ENSP00000263967.3:p.Glu542Lys	protein_coding
SJCOAD093144	C1_WGS	PIK3CA	PIK3CA	chr3.179218294.G.A	SNV	Missense	p.E542K	E/K	542	missense_variant	NM_006218.4	ENST00000263967	1	1	21	21	ENST00000263967.4:c.1624G>A	ENSP00000263967.3:p.Glu542Lys	protein_coding
SJCOAD093148	C1_WGS	PIK3CA	PIK3CA	chr3.179218294.G.A	SNV	Missense	p.E542K	E/K	542	missense_variant	NM_006218.4	ENST00000263967	1	0.821428571428571	23	28	ENST00000263967.4:c.1624G>A	ENSP00000263967.3:p.Glu542Lys	protein_coding
SJSCLC093276	C1_WGS	PIK3CA	PIK3CA	chr3.179218294.G.A	SNV	Missense	p.E542K	E/K	542	missense_variant	NM_006218.4	ENST00000263967	1	0.833333333333333	10	12	ENST00000263967.4:c.1624G>A	ENSP00000263967.3:p.Glu542Lys	protein_coding
SJST092751	C1_WGS	PIK3CA	PIK3CA	chr3.179218294.G.A	SNV	Missense	p.E542K	E/K	542	missense_variant	NM_006218.4	ENST00000263967	1	0.777777777777778	7	9	ENST00000263967.4:c.1624G>A	ENSP00000263967.3:p.Glu542Lys	protein_coding
SJST092788	C1_WGS	PIK3CA	PIK3CA	chr3.179218294.G.A	SNV	Missense	p.E542K	E/K	542	missense_variant	NM_006218.4	ENST00000263967	1	0.375	9	24	ENST00000263967.4:c.1624G>A	ENSP00000263967.3:p.Glu542Lys	protein_coding
SJST092795	C1_WGS	PIK3CA	PIK3CA	chr3.179218294.G.A	SNV	Missense	p.E542K	E/K	542	missense_variant	NM_006218.4	ENST00000263967	1	0.04	1	25	ENST00000263967.4:c.1624G>A	ENSP00000263967.3:p.Glu542Lys	protein_coding
SJMPNST096709	C1_WGS	PIK3CA	PIK3CA	chr3.179218294.G.A	SNV	Missense	p.E542K	E/K	542	missense_variant	NM_006218.4	ENST00000263967	1	0.379310344827586	11	29	ENST00000263967.4:c.1624G>A	ENSP00000263967.3:p.Glu542Lys	protein_coding
SJNBL046424	C1_WGS	PIK3CA	PIK3CA	chr3.179218294.G.A	SNV	Missense	p.E542K	E/K	542	missense_variant	NM_006218.4	ENST00000263967	1	0.571428571428571	16	28	ENST00000263967.4:c.1624G>A	ENSP00000263967.3:p.Glu542Lys	protein_coding
SJHGG085163	C2_WGS	PIK3CA	PIK3CA	chr3.179218294.G.A	SNV	Missense	p.E542K	E/K	542	missense_variant	NM_006218.4	ENST00000263967	1	0.555555555555556	20	36	ENST00000263967.4:c.1624G>A	ENSP00000263967.3:p.Glu542Lys	protein_coding
SJNBL046424	C20_WGS	PIK3CA	PIK3CA	chr3.179218294.G.A	SNV	Missense	p.E542K	E/K	542	missense_variant	NM_006218.4	ENST00000263967	1	0.571428571428571	16	28	ENST00000263967.4:c.1624G>A	ENSP00000263967.3:p.Glu542Lys	protein_coding
SJNBL046424	C22_WGS	PIK3CA	PIK3CA	chr3.179218294.G.A	SNV	Missense	p.E542K	E/K	542	missense_variant	NM_006218.4	ENST00000263967	1	0.693333333333333	52	75	ENST00000263967.4:c.1624G>A	ENSP00000263967.3:p.Glu542Lys	protein_coding
SJBLCA093149	C1_WGS	PIK3CA	PIK3CA	chr3.179218303.G.A	SNV	Missense	p.E545K	E/K	545	missense_variant	NM_006218.4	ENST00000263967	1	0.580645161290323	18	31	ENST00000263967.4:c.1633G>A	ENSP00000263967.3:p.Glu545Lys	protein_coding
SJBRCA092726	C1_WGS	PIK3CA	PIK3CA	chr3.179218303.G.A	SNV	Missense	p.E545K	E/K	545	missense_variant	NM_006218.4	ENST00000263967	1	0.465116279069767	20	43	ENST00000263967.4:c.1633G>A	ENSP00000263967.3:p.Glu545Lys	protein_coding
SJBRCA093236	C1_WGS	PIK3CA	PIK3CA	chr3.179218303.G.A	SNV	Missense	p.E545K	E/K	545	missense_variant	NM_006218.4	ENST00000263967	1	0.565217391304348	13	23	ENST00000263967.4:c.1633G>A	ENSP00000263967.3:p.Glu545Lys	protein_coding
SJCOAD092747	C1_WGS	PIK3CA	PIK3CA	chr3.179218303.G.A	SNV	Missense	p.E545K	E/K	545	missense_variant	NM_006218.4	ENST00000263967	1	0.608695652173913	14	23	ENST00000263967.4:c.1633G>A	ENSP00000263967.3:p.Glu545Lys	protein_coding
SJCOAD092967	C1_WGS	PIK3CA	PIK3CA	chr3.179218303.G.A	SNV	Missense	p.E545K	E/K	545	missense_variant	NM_006218.4	ENST00000263967	1	0.444444444444444	40	90	ENST00000263967.4:c.1633G>A	ENSP00000263967.3:p.Glu545Lys	protein_coding
SJNHL093293	C1_WGS	PIK3CA	PIK3CA	chr3.179218303.G.A	SNV	Missense	p.E545K	E/K	545	missense_variant	NM_006218.4	ENST00000263967	1	0.3125	25	80	ENST00000263967.4:c.1633G>A	ENSP00000263967.3:p.Glu545Lys	protein_coding
SJRCC092640	C1_WGS	PIK3CA	PIK3CA	chr3.179218303.G.A	SNV	Missense	p.E545K	E/K	545	missense_variant	NM_006218.4	ENST00000263967	1	0.588235294117647	20	34	ENST00000263967.4:c.1633G>A	ENSP00000263967.3:p.Glu545Lys	protein_coding
SJST092840	C1_WGS	PIK3CA	PIK3CA	chr3.179218303.G.A	SNV	Missense	p.E545K	E/K	545	missense_variant	NM_006218.4	ENST00000263967	1	0.714285714285714	20	28	ENST00000263967.4:c.1633G>A	ENSP00000263967.3:p.Glu545Lys	protein_coding
SJST092895	C1_WGS	PIK3CA	PIK3CA	chr3.179218303.G.A	SNV	Missense	p.E545K	E/K	545	missense_variant	NM_006218.4	ENST00000263967	1	0.526315789473684	10	19	ENST00000263967.4:c.1633G>A	ENSP00000263967.3:p.Glu545Lys	protein_coding
SJST092966	C1_WGS	PIK3CA	PIK3CA	chr3.179218303.G.A	SNV	Missense	p.E545K	E/K	545	missense_variant	NM_006218.4	ENST00000263967	1	0.730769230769231	19	26	ENST00000263967.4:c.1633G>A	ENSP00000263967.3:p.Glu545Lys	protein_coding
SJST092973	C1_WGS	PIK3CA	PIK3CA	chr3.179218303.G.A	SNV	Missense	p.E545K	E/K	545	missense_variant	NM_006218.4	ENST00000263967	1	0.531914893617021	25	47	ENST00000263967.4:c.1633G>A	ENSP00000263967.3:p.Glu545Lys	protein_coding
SJST093060	C1_WGS	PIK3CA	PIK3CA	chr3.179218303.G.A	SNV	Missense	p.E545K	E/K	545	missense_variant	NM_006218.4	ENST00000263967	1	0.125	12	96	ENST00000263967.4:c.1633G>A	ENSP00000263967.3:p.Glu545Lys	protein_coding
SJST093154	C1_WGS	PIK3CA	PIK3CA	chr3.179218303.G.A	SNV	Missense	p.E545K	E/K	545	missense_variant	NM_006218.4	ENST00000263967	1	0.530612244897959	26	49	ENST00000263967.4:c.1633G>A	ENSP00000263967.3:p.Glu545Lys	protein_coding
SJBRCA092877	C1_WGS	PIK3CA	PIK3CA	chr3.179218303.G.A	SNV	Missense	p.E545K	E/K	545	missense_variant	NM_006218.4	ENST00000263967	1	0.148148148148148	4	27	ENST00000263967.4:c.1633G>A	ENSP00000263967.3:p.Glu545Lys	protein_coding
SJST093161	C1_WGS	PIK3CA	PIK3CA	chr3.179218303.G.A	SNV	Missense	p.E545K	E/K	545	missense_variant	NM_006218.4	ENST00000263967	1	0.488372093023256	21	43	ENST00000263967.4:c.1633G>A	ENSP00000263967.3:p.Glu545Lys	protein_coding
SJCOAD093000	C1_WGS	PIK3CA	PIK3CA	chr3.179218303.G.A	SNV	Missense	p.E545K	E/K	545	missense_variant	NM_006218.4	ENST00000263967	1	0.546875	35	64	ENST00000263967.4:c.1633G>A	ENSP00000263967.3:p.Glu545Lys	protein_coding
SJHGG096716	C1_WGS	PIK3CA	PIK3CA	chr3.179218303.G.C	SNV	Missense	p.E545Q	E/Q	545	missense_variant	NM_006218.4	ENST00000263967	1	0.742857142857143	26	35	ENST00000263967.4:c.1633G>C	ENSP00000263967.3:p.Glu545Gln	protein_coding
SJST092708	C1_WGS	PIK3CA	PIK3CA	chr3.179218304.A.C	SNV	Missense	p.E545A	E/A	545	missense_variant	NM_006218.4	ENST00000263967	1	0.615384615384615	8	13	ENST00000263967.4:c.1634A>C	ENSP00000263967.3:p.Glu545Ala	protein_coding
SJTALL073623	C1_WGS	PIK3CA	PIK3CA	chr3.179218305.G.T	SNV	Missense	p.E545D	E/D	545	missense_variant	NM_006218.4	ENST00000263967	1	0.28125	9	32	ENST00000263967.4:c.1635G>T	ENSP00000263967.3:p.Glu545Asp	protein_coding
SJTALL080085	C1_WGS	PIK3CA	PIK3CA	chr3.179218305.G.T	SNV	Missense	p.E545D	E/D	545	missense_variant	NM_006218.4	ENST00000263967	1	0.35	14	40	ENST00000263967.4:c.1635G>T	ENSP00000263967.3:p.Glu545Asp	protein_coding
SJTALL067335	C2_WGS	PIK3CA	PIK3CA	chr3.179218305.G.T	SNV	Missense	p.E545D	E/D	545	missense_variant	NM_006218.4	ENST00000263967	1	0.538461538461538	21	39	ENST00000263967.4:c.1635G>T	ENSP00000263967.3:p.Glu545Asp	protein_coding
SJTALL073623	C2_WGS	PIK3CA	PIK3CA	chr3.179218305.G.T	SNV	Missense	p.E545D	E/D	545	missense_variant	NM_006218.4	ENST00000263967	1	0.545454545454545	12	22	ENST00000263967.4:c.1635G>T	ENSP00000263967.3:p.Glu545Asp	protein_coding
SJNHL067335	C8_WGS	PIK3CA	PIK3CA	chr3.179218305.G.T	SNV	Missense	p.E545D	E/D	545	missense_variant	NM_006218.4	ENST00000263967	1	0.492537313432836	33	67	ENST00000263967.4:c.1635G>T	ENSP00000263967.3:p.Glu545Asp	protein_coding
SJPRAD092693	C1_WGS	PIK3CA	PIK3CA	chr3.179218307.A.G	SNV	Missense	p.Q546R	Q/R	546	missense_variant	NM_006218.4	ENST00000263967	1	0.6	12	20	ENST00000263967.4:c.1637A>G	ENSP00000263967.3:p.Gln546Arg	protein_coding
SJCOAD092747	C1_WGS	PIK3CA	PIK3CA	chr3.179218315.G.A	SNV	Missense	p.D549N	D/N	549	missense_variant	NM_006218.4	ENST00000263967	1	0.526315789473684	10	19	ENST00000263967.4:c.1645G>A	ENSP00000263967.3:p.Asp549Asn	protein_coding
SJTALL071491	C1_WGS	PIK3CA	PIK3CA	chr3.179221048.G.A	SNV	Missense	p.R693H	R/H	693	missense_variant	NM_006218.4	ENST00000263967	1	0.291666666666667	7	24	ENST00000263967.4:c.2078G>A	ENSP00000263967.3:p.Arg693His	protein_coding
SJCOAD093117	C1_WGS	PIK3CA	PIK3CA	chr3.179221144.A.G	SNV	Missense	p.D725G	D/G	725	missense_variant	NM_006218.4	ENST00000263967	1	0.454545454545455	15	33	ENST00000263967.4:c.2174A>G	ENSP00000263967.3:p.Asp725Gly	protein_coding
SJLUSC077101	C1_WGS	PIK3CA	PIK3CA	chr3.179221146.G.A	SNV	Missense	p.E726K	E/K	726	missense_variant	NM_006218.4	ENST00000263967	1	1	24	24	ENST00000263967.4:c.2176G>A	ENSP00000263967.3:p.Glu726Lys	protein_coding
SJCOAD093136	C1_WGS	PIK3CA	PIK3CA	chr3.179230077.G.A	SNV	Missense	p.G914R	G/R	914	missense_variant	NM_006218.4	ENST00000263967	1	0.478260869565217	11	23	ENST00000263967.4:c.2740G>A	ENSP00000263967.3:p.Gly914Arg	protein_coding
SJTALL073623	C1_WGS	PIK3CA	PIK3CA	chr3.179230348.G.A	SNV	Missense	p.E970K	E/K	970	missense_variant	NM_006218.4	ENST00000263967	1	0.5	15	30	ENST00000263967.4:c.2908G>A	ENSP00000263967.3:p.Glu970Lys	protein_coding
SJTALL080085	C1_WGS	PIK3CA	PIK3CA	chr3.179230348.G.A	SNV	Missense	p.E970K	E/K	970	missense_variant	NM_006218.4	ENST00000263967	1	0.642857142857143	18	28	ENST00000263967.4:c.2908G>A	ENSP00000263967.3:p.Glu970Lys	protein_coding
SJTALL067335	C2_WGS	PIK3CA	PIK3CA	chr3.179230348.G.A	SNV	Missense	p.E970K	E/K	970	missense_variant	NM_006218.4	ENST00000263967	1	0.464285714285714	13	28	ENST00000263967.4:c.2908G>A	ENSP00000263967.3:p.Glu970Lys	protein_coding
SJTALL073623	C2_WGS	PIK3CA	PIK3CA	chr3.179230348.G.A	SNV	Missense	p.E970K	E/K	970	missense_variant	NM_006218.4	ENST00000263967	1	0.303030303030303	10	33	ENST00000263967.4:c.2908G>A	ENSP00000263967.3:p.Glu970Lys	protein_coding
SJNHL067335	C8_WGS	PIK3CA	PIK3CA	chr3.179230348.G.A	SNV	Missense	p.E970K	E/K	970	missense_variant	NM_006218.4	ENST00000263967	1	0.60655737704918	37	61	ENST00000263967.4:c.2908G>A	ENSP00000263967.3:p.Glu970Lys	protein_coding
SJHGG096710	C1_WGS	PIK3CA	PIK3CA	chr3.179234176.G.C	SNV	Missense	p.G1007R	G/R	1007	missense_variant	NM_006218.4	ENST00000263967	1	0.344827586206897	10	29	ENST00000263967.4:c.3019G>C	ENSP00000263967.3:p.Gly1007Arg	protein_coding
SJHGG094233	C1_WGS	PIK3CA	PIK3CA	chr3.179234176.G.C	SNV	Missense	p.G1007R	G/R	1007	missense_variant	NM_006218.4	ENST00000263967	1	0.157894736842105	9	57	ENST00000263967.4:c.3019G>C	ENSP00000263967.3:p.Gly1007Arg	protein_coding
SJST092861	C1_WGS	PIK3CA	PIK3CA	chr3.179234230.A.G	SNV	Missense	p.T1025A	T/A	1025	missense_variant	NM_006218.4	ENST00000263967	1	0.340909090909091	15	44	ENST00000263967.4:c.3073A>G	ENSP00000263967.3:p.Thr1025Ala	protein_coding
SJST092741	C1_WGS	PIK3CA	PIK3CA	chr3.179234286.G.T	SNV	Missense	p.M1043I	M/I	1043	missense_variant	NM_006218.4	ENST00000263967	1	0.441176470588235	30	68	ENST00000263967.4:c.3129G>T	ENSP00000263967.3:p.Met1043Ile	protein_coding
SJST093297	C1_WGS	PIK3CA	PIK3CA	chr3.179234296.C.T	SNV	Missense	p.H1047Y	H/Y	1047	missense_variant	NM_006218.4	ENST00000263967	1	0.43859649122807	25	57	ENST00000263967.4:c.3139C>T	ENSP00000263967.3:p.His1047Tyr	protein_coding
SJBLCA093279	C1_WGS	PIK3CA	PIK3CA	chr3.179234297.A.G	SNV	Missense	p.H1047R	H/R	1047	missense_variant	NM_006218.4	ENST00000263967	1	0.673913043478261	31	46	ENST00000263967.4:c.3140A>G	ENSP00000263967.3:p.His1047Arg	protein_coding
SJBRCA092642	C1_WGS	PIK3CA	PIK3CA	chr3.179234297.A.G	SNV	Missense	p.H1047R	H/R	1047	missense_variant	NM_006218.4	ENST00000263967	1	0.266666666666667	8	30	ENST00000263967.4:c.3140A>G	ENSP00000263967.3:p.His1047Arg	protein_coding
SJBRCA092725	C1_WGS	PIK3CA	PIK3CA	chr3.179234297.A.G	SNV	Missense	p.H1047R	H/R	1047	missense_variant	NM_006218.4	ENST00000263967	1	0.85	34	40	ENST00000263967.4:c.3140A>G	ENSP00000263967.3:p.His1047Arg	protein_coding
SJBRCA092879	C1_WGS	PIK3CA	PIK3CA	chr3.179234297.A.G	SNV	Missense	p.H1047R	H/R	1047	missense_variant	NM_006218.4	ENST00000263967	1	0.648648648648649	24	37	ENST00000263967.4:c.3140A>G	ENSP00000263967.3:p.His1047Arg	protein_coding
SJBRCA093164	C1_WGS	PIK3CA	PIK3CA	chr3.179234297.A.G	SNV	Missense	p.H1047R	H/R	1047	missense_variant	NM_006218.4	ENST00000263967	1	0.310344827586207	9	29	ENST00000263967.4:c.3140A>G	ENSP00000263967.3:p.His1047Arg	protein_coding
SJBRCA093282	C1_WGS	PIK3CA	PIK3CA	chr3.179234297.A.G	SNV	Missense	p.H1047R	H/R	1047	missense_variant	NM_006218.4	ENST00000263967	1	0.816666666666667	49	60	ENST00000263967.4:c.3140A>G	ENSP00000263967.3:p.His1047Arg	protein_coding
SJCOAD092746	C1_WGS	PIK3CA	PIK3CA	chr3.179234297.A.G	SNV	Missense	p.H1047R	H/R	1047	missense_variant	NM_006218.4	ENST00000263967	1	0.387096774193548	12	31	ENST00000263967.4:c.3140A>G	ENSP00000263967.3:p.His1047Arg	protein_coding
SJCOAD092865	C1_WGS	PIK3CA	PIK3CA	chr3.179234297.A.G	SNV	Missense	p.H1047R	H/R	1047	missense_variant	NM_006218.4	ENST00000263967	1	0.333333333333333	8	24	ENST00000263967.4:c.3140A>G	ENSP00000263967.3:p.His1047Arg	protein_coding
SJCOAD093037	C1_WGS	PIK3CA	PIK3CA	chr3.179234297.A.G	SNV	Missense	p.H1047R	H/R	1047	missense_variant	NM_006218.4	ENST00000263967	1	0.3	9	30	ENST00000263967.4:c.3140A>G	ENSP00000263967.3:p.His1047Arg	protein_coding
SJCOAD093104	C1_WGS	PIK3CA	PIK3CA	chr3.179234297.A.G	SNV	Missense	p.H1047R	H/R	1047	missense_variant	NM_006218.4	ENST00000263967	1	0.416666666666667	5	12	ENST00000263967.4:c.3140A>G	ENSP00000263967.3:p.His1047Arg	protein_coding
SJHGG085163	C1_WGS	PIK3CA	PIK3CA	chr3.179234297.A.G	SNV	Missense	p.H1047R	H/R	1047	missense_variant	NM_006218.4	ENST00000263967	1	0.605263157894737	23	38	ENST00000263967.4:c.3140A>G	ENSP00000263967.3:p.His1047Arg	protein_coding
SJLUSC092732	C1_WGS	PIK3CA	PIK3CA	chr3.179234297.A.G	SNV	Missense	p.H1047R	H/R	1047	missense_variant	NM_006218.4	ENST00000263967	1	0.594594594594595	22	37	ENST00000263967.4:c.3140A>G	ENSP00000263967.3:p.His1047Arg	protein_coding
SJSCLC092916	C1_WGS	PIK3CA	PIK3CA	chr3.179234297.A.G	SNV	Missense	p.H1047R	H/R	1047	missense_variant	NM_006218.4	ENST00000263967	1	0.5	6	12	ENST00000263967.4:c.3140A>G	ENSP00000263967.3:p.His1047Arg	protein_coding
SJST093086	C1_WGS	PIK3CA	PIK3CA	chr3.179234297.A.G	SNV	Missense	p.H1047R	H/R	1047	missense_variant	NM_006218.4	ENST00000263967	1	0.552631578947368	21	38	ENST00000263967.4:c.3140A>G	ENSP00000263967.3:p.His1047Arg	protein_coding
SJST093300	C1_WGS	PIK3CA	PIK3CA	chr3.179234297.A.G	SNV	Missense	p.H1047R	H/R	1047	missense_variant	NM_006218.4	ENST00000263967	1	0.485714285714286	17	35	ENST00000263967.4:c.3140A>G	ENSP00000263967.3:p.His1047Arg	protein_coding
SJST093334	C1_WGS	PIK3CA	PIK3CA	chr3.179234297.A.G	SNV	Missense	p.H1047R	H/R	1047	missense_variant	NM_006218.4	ENST00000263967	1	0.351351351351351	13	37	ENST00000263967.4:c.3140A>G	ENSP00000263967.3:p.His1047Arg	protein_coding
SJTALL080093	C1_WGS	PIK3CA	PIK3CA	chr3.179234297.A.G	SNV	Missense	p.H1047R	H/R	1047	missense_variant	NM_006218.4	ENST00000263967	1	0.466666666666667	7	15	ENST00000263967.4:c.3140A>G	ENSP00000263967.3:p.His1047Arg	protein_coding
SJBRCA093127	C1_WGS	PIK3CA	PIK3CA	chr3.179234297.A.G	SNV	Missense	p.H1047R	H/R	1047	missense_variant	NM_006218.4	ENST00000263967	1	0.581818181818182	32	55	ENST00000263967.4:c.3140A>G	ENSP00000263967.3:p.His1047Arg	protein_coding
SJGB092989	C1_WGS	PIK3CA	PIK3CA	chr3.179234297.A.G	SNV	Missense	p.H1047R	H/R	1047	missense_variant	NM_006218.4	ENST00000263967	1	0.4	14	35	ENST00000263967.4:c.3140A>G	ENSP00000263967.3:p.His1047Arg	protein_coding
SJOS096707	C1_WGS	PIK3CA	PIK3CA	chr3.179234297.A.G	SNV	Missense	p.H1047R	H/R	1047	missense_variant	NM_006218.4	ENST00000263967	1	0.465116279069767	20	43	ENST00000263967.4:c.3140A>G	ENSP00000263967.3:p.His1047Arg	protein_coding
SJRHB096732	C1_WGS	PIK3CA	PIK3CA	chr3.179234297.A.G	SNV	Missense	p.H1047R	H/R	1047	missense_variant	NM_006218.4	ENST00000263967	1	0.379310344827586	11	29	ENST00000263967.4:c.3140A>G	ENSP00000263967.3:p.His1047Arg	protein_coding
SJTALL080088	C1B_WGS	PIK3CA	PIK3CA	chr3.179234297.A.G	SNV	Missense	p.H1047R	H/R	1047	missense_variant	NM_006218.4	ENST00000263967	1	0.196078431372549	10	51	ENST00000263967.4:c.3140A>G	ENSP00000263967.3:p.His1047Arg	protein_coding
SJBRCA092832	C1_WGS	PIK3CA	PIK3CA	chr3.179234297.A.T	SNV	Missense	p.H1047L	H/L	1047	missense_variant	NM_006218.4	ENST00000263967	1	1	47	47	ENST00000263967.4:c.3140A>T	ENSP00000263967.3:p.His1047Leu	protein_coding
SJCOAD092849	C1_WGS	PIK3CA	PIK3CA	chr3.179234297.A.T	SNV	Missense	p.H1047L	H/L	1047	missense_variant	NM_006218.4	ENST00000263967	1	0.625	20	32	ENST00000263967.4:c.3140A>T	ENSP00000263967.3:p.His1047Leu	protein_coding
SJST092995	C1_WGS	PIK3CA	PIK3CA	chr3.179234297.A.T	SNV	Missense	p.H1047L	H/L	1047	missense_variant	NM_006218.4	ENST00000263967	1	0.674418604651163	29	43	ENST00000263967.4:c.3140A>T	ENSP00000263967.3:p.His1047Leu	protein_coding
SJST092740	C1_WGS	PIK3CA	PIK3CA	chr3.179234302.G.C	SNV	Missense	p.G1049R	G/R	1049	missense_variant	NM_006218.4	ENST00000263967	1	0.660714285714286	37	56	ENST00000263967.4:c.3145G>C	ENSP00000263967.3:p.Gly1049Arg	protein_coding
SJSCLC080460	C2_WGS	CTNNB1	CTNNB1	chr3.41224529.A.G	SNV	Missense	p.D6G	D/G	6	missense_variant	NM_001904.4	ENST00000349496	1	1	15	15	ENST00000349496.11:c.17A>G	ENSP00000344456.5:p.Asp6Gly	protein_coding
SJTALL068308	C1_WGS	CTNNB1	CTNNB1	chr3.41224544.A.G	SNV	Missense	p.D11G	D/G	11	missense_variant	NM_001904.4	ENST00000349496	1	0.8	8	10	ENST00000349496.11:c.32A>G	ENSP00000344456.5:p.Asp11Gly	protein_coding
SJST093187	C1_WGS	CTNNB1	CTNNB1	chr3.41224589.A.G	SNV	Missense	p.Q26R	Q/R	26	missense_variant	NM_001904.4	ENST00000349496	1	0.52	13	25	ENST00000349496.11:c.77A>G	ENSP00000344456.5:p.Gln26Arg	protein_coding
SJST092806	C1_WGS	CTNNB1	CTNNB1	chr3.41224606.G.A	SNV	Missense	p.D32N	D/N	32	missense_variant	NM_001904.4	ENST00000349496	1	0.263157894736842	5	19	ENST00000349496.11:c.94G>A	ENSP00000344456.5:p.Asp32Asn	protein_coding
SJST092742	C1_WGS	CTNNB1	CTNNB1	chr3.41224607.A.T	SNV	Missense	p.D32V	D/V	32	missense_variant	NM_001904.4	ENST00000349496	1	0.758620689655172	22	29	ENST00000349496.11:c.95A>T	ENSP00000344456.5:p.Asp32Val	protein_coding
SJCOAD093136	C1_WGS	CTNNB1	CTNNB1	chr3.41224610.C.A	SNV	Missense	p.S33Y	S/Y	33	missense_variant	NM_001904.4	ENST00000349496	1	0.46875	15	32	ENST00000349496.11:c.98C>A	ENSP00000344456.5:p.Ser33Tyr	protein_coding
SJSS092604	C1_WGS	CTNNB1	CTNNB1	chr3.41224611.TGGA.TTTA	MNV	Missense	p.SG33SL	SG/SL	33	missense_variant	NM_001904.4	ENST00000349496	1	0.666666666666667	32	48	ENST00000349496.11:c.100_101delinsTT	ENSP00000344456.5:p.Gly34Leu	protein_coding
SJOS092604	C2_WGS	CTNNB1	CTNNB1	chr3.41224611.TGGA.TTTA	MNV	Missense	p.SG33SL	SG/SL	33	missense_variant	NM_001904.4	ENST00000349496	1	0.666666666666667	32	48	ENST00000349496.11:c.100_101delinsTT	ENSP00000344456.5:p.Gly34Leu	protein_coding
SJST092708	C1_WGS	CTNNB1	CTNNB1	chr3.41224613.G.A	SNV	Missense	p.G34E	G/E	34	missense_variant	NM_001904.4	ENST00000349496	1	0.653846153846154	17	26	ENST00000349496.11:c.101G>A	ENSP00000344456.5:p.Gly34Glu	protein_coding
SJSS092604	C1_WGS	CTNNB1	CTNNB1	chr3.41224613.G.T	SNV	Missense	p.G34V	G/V	34	missense_variant	NM_001904.4	ENST00000349496	1	0.681818181818182	30	44	ENST00000349496.11:c.101G>T	ENSP00000344456.5:p.Gly34Val	protein_coding
SJST093113	C1_WGS	CTNNB1	CTNNB1	chr3.41224613.G.T	SNV	Missense	p.G34V	G/V	34	missense_variant	NM_001904.4	ENST00000349496	1	0.3125	10	32	ENST00000349496.11:c.101G>T	ENSP00000344456.5:p.Gly34Val	protein_coding
SJHB085598	C1_WGS	CTNNB1	CTNNB1	chr3.41224613.G.T	SNV	Missense	p.G34V	G/V	34	missense_variant	NM_001904.4	ENST00000349496	1	0.575	23	40	ENST00000349496.11:c.101G>T	ENSP00000344456.5:p.Gly34Val	protein_coding
SJHB085598	C2_WGS	CTNNB1	CTNNB1	chr3.41224613.G.T	SNV	Missense	p.G34V	G/V	34	missense_variant	NM_001904.4	ENST00000349496	1	0.520833333333333	25	48	ENST00000349496.11:c.101G>T	ENSP00000344456.5:p.Gly34Val	protein_coding
SJST093171	C1_WGS	CTNNB1	CTNNB1	chr3.41224619.A.C	SNV	Missense	p.H36P	H/P	36	missense_variant	NM_001904.4	ENST00000349496	1	1	36	36	ENST00000349496.11:c.107A>C	ENSP00000344456.5:p.His36Pro	protein_coding
SJST093092	C1_WGS	CTNNB1	CTNNB1	chr3.41224621.T.C	SNV	Missense	p.S37P	S/P	37	missense_variant	NM_001904.4	ENST00000349496	1	0.555555555555556	15	27	ENST00000349496.11:c.109T>C	ENSP00000344456.5:p.Ser37Pro	protein_coding
SJST092752	C1_WGS	CTNNB1	CTNNB1	chr3.41224621.T.C	SNV	Missense	p.S37P	S/P	37	missense_variant	NM_001904.4	ENST00000349496	1	0.657142857142857	23	35	ENST00000349496.11:c.109T>C	ENSP00000344456.5:p.Ser37Pro	protein_coding
SJST093251	C1_WGS	CTNNB1	CTNNB1	chr3.41224621.T.G	SNV	Missense	p.S37A	S/A	37	missense_variant	NM_001904.4	ENST00000349496	1	1	30	30	ENST00000349496.11:c.109T>G	ENSP00000344456.5:p.Ser37Ala	protein_coding
SJST092783	C1_WGS	CTNNB1	CTNNB1	chr3.41224622.C.T	SNV	Missense	p.S37F	S/F	37	missense_variant	NM_001904.4	ENST00000349496	1	0.428571428571429	15	35	ENST00000349496.11:c.110C>T	ENSP00000344456.5:p.Ser37Phe	protein_coding
SJCOAD092671	C1_WGS	CTNNB1	CTNNB1	chr3.41224633.A.G	SNV	Missense	p.T41A	T/A	41	missense_variant	NM_001904.4	ENST00000349496	1	0.972222222222222	35	36	ENST00000349496.11:c.121A>G	ENSP00000344456.5:p.Thr41Ala	protein_coding
SJCOAD093104	C1_WGS	CTNNB1	CTNNB1	chr3.41224633.A.G	SNV	Missense	p.T41A	T/A	41	missense_variant	NM_001904.4	ENST00000349496	1	1	20	20	ENST00000349496.11:c.121A>G	ENSP00000344456.5:p.Thr41Ala	protein_coding
SJST093158	C1_WGS	CTNNB1	CTNNB1	chr3.41224633.A.G	SNV	Missense	p.T41A	T/A	41	missense_variant	NM_001904.4	ENST00000349496	1	1	25	25	ENST00000349496.11:c.121A>G	ENSP00000344456.5:p.Thr41Ala	protein_coding
SJCOAD092746	C1_WGS	CTNNB1	CTNNB1	chr3.41224644.TTCTC.TC	Indel	InframeDel	p.S45-	S/-	45	inframe_deletion	NM_001904.4	ENST00000349496	1	0.5	12	24	ENST00000349496.11:c.133_135del	ENSP00000344456.5:p.Ser45del	protein_coding
SJMEL077103	C1_WGS	CTNNB1	CTNNB1	chr3.41224644.TTCTC.TC	Indel	InframeDel	p.S45-	S/-	45	inframe_deletion	NM_001904.4	ENST00000349496	1	0.428571428571429	12	28	ENST00000349496.11:c.133_135del	ENSP00000344456.5:p.Ser45del	protein_coding
SJST093316	C1_WGS	CTNNB1	CTNNB1	chr3.41224646.C.G	SNV	Missense	p.S45C	S/C	45	missense_variant	NM_001904.4	ENST00000349496	1	1	14	14	ENST00000349496.11:c.134C>G	ENSP00000344456.5:p.Ser45Cys	protein_coding
SJCOAD092865	C1_WGS	CTNNB1	CTNNB1	chr3.41224646.C.T	SNV	Missense	p.S45F	S/F	45	missense_variant	NM_001904.4	ENST00000349496	1	1	29	29	ENST00000349496.11:c.134C>T	ENSP00000344456.5:p.Ser45Phe	protein_coding
SJLUSC092731	C1_WGS	CTNNB1	CTNNB1	chr3.41224646.C.T	SNV	Missense	p.S45F	S/F	45	missense_variant	NM_001904.4	ENST00000349496	1	1	11	11	ENST00000349496.11:c.134C>T	ENSP00000344456.5:p.Ser45Phe	protein_coding
SJHM080458	C2_WGS	CTNNB1	CTNNB1	chr3.41235723.G.A	SNV	Splice				splice_acceptor_variant	NM_001904.4	ENST00000349496	1	0.576923076923077	15	26	ENST00000349496.11:c.1684-1G>A		protein_coding
SJOS048100	C5_WGS	CTNNB1	CTNNB1	chr3.41235723.G.A	SNV	Splice				splice_acceptor_variant	NM_001904.4	ENST00000349496	1	0.411764705882353	14	34	ENST00000349496.11:c.1684-1G>A		protein_coding
SJTALL046430	C7B_WGS	BRAF	BRAF	chr7.140734715.G.A	SNV	Missense	p.A728V	A/V	728	missense_variant	NM_004333.6	ENST00000646891	1	0.608695652173913	14	23	ENST00000646891.2:c.2183C>T	ENSP00000493543.1:p.Ala728Val	protein_coding
SJST094235	C1_WGS	BRAF	BRAF	chr7.140739895.G.A	SNV	Missense	p.R682W	R/W	682	missense_variant	NM_004333.6	ENST00000646891	1	0.455882352941176	31	68	ENST00000646891.2:c.2044C>T	ENSP00000493543.1:p.Arg682Trp	protein_coding
SJBRCA092877	C1_WGS	BRAF	BRAF	chr7.140753316.A.T	SNV	Missense	p.S607T	S/T	607	missense_variant	NM_004333.6	ENST00000646891	1	0.0588235294117647	2	34	ENST00000646891.2:c.1819T>A	ENSP00000493543.1:p.Ser607Thr	protein_coding
SJMEL093207	C1_WGS	BRAF	BRAF	chr7.140753334.TCAC.TATC	MNV	Missense	p.VK600DK	VK/DK	600	missense_variant	NM_004333.6	ENST00000646891	1	0.612244897959184	30	49	ENST00000646891.2:c.1799_1800delinsAT	ENSP00000493543.1:p.Val600Asp	protein_coding
SJMEL093346	C1_WGS	BRAF	BRAF	chr7.140753334.TCAC.TATC	MNV	Missense	p.VK600DK	VK/DK	600	missense_variant	NM_004333.6	ENST00000646891	1	0.725806451612903	45	62	ENST00000646891.2:c.1799_1800delinsAT	ENSP00000493543.1:p.Val600Asp	protein_coding
SJMEL092784	C1_WGS	BRAF	BRAF	chr7.140753335.CACT.CTTT	MNV	Missense	p.TV599TK	TV/TK	599	missense_variant	NM_004333.6	ENST00000646891	1	0.555555555555556	50	90	ENST00000646891.2:c.1798_1799delinsAA	ENSP00000493543.1:p.Val600Lys	protein_coding
SJBRCA093323	C1_WGS	BRAF	BRAF	chr7.140753336.A.T	SNV	Missense	p.V600E	V/E	600	missense_variant	NM_004333.6	ENST00000646891	1	0.585365853658537	24	41	ENST00000646891.2:c.1799T>A	ENSP00000493543.1:p.Val600Glu	protein_coding
SJBT092582	C1_WGS	BRAF	BRAF	chr7.140753336.A.T	SNV	Missense	p.V600E	V/E	600	missense_variant	NM_004333.6	ENST00000646891	1	0.62	31	50	ENST00000646891.2:c.1799T>A	ENSP00000493543.1:p.Val600Glu	protein_coding
SJCOAD092776	C1_WGS	BRAF	BRAF	chr7.140753336.A.T	SNV	Missense	p.V600E	V/E	600	missense_variant	NM_004333.6	ENST00000646891	1	0.210526315789474	4	19	ENST00000646891.2:c.1799T>A	ENSP00000493543.1:p.Val600Glu	protein_coding
SJCOAD092866	C1_WGS	BRAF	BRAF	chr7.140753336.A.T	SNV	Missense	p.V600E	V/E	600	missense_variant	NM_004333.6	ENST00000646891	1	0.772727272727273	17	22	ENST00000646891.2:c.1799T>A	ENSP00000493543.1:p.Val600Glu	protein_coding
SJCOAD093037	C1_WGS	BRAF	BRAF	chr7.140753336.A.T	SNV	Missense	p.V600E	V/E	600	missense_variant	NM_004333.6	ENST00000646891	1	0.714285714285714	15	21	ENST00000646891.2:c.1799T>A	ENSP00000493543.1:p.Val600Glu	protein_coding
SJCOAD093320	C1_WGS	BRAF	BRAF	chr7.140753336.A.T	SNV	Missense	p.V600E	V/E	600	missense_variant	NM_004333.6	ENST00000646891	1	0.765957446808511	36	47	ENST00000646891.2:c.1799T>A	ENSP00000493543.1:p.Val600Glu	protein_coding
SJGB092853	C1_WGS	BRAF	BRAF	chr7.140753336.A.T	SNV	Missense	p.V600E	V/E	600	missense_variant	NM_004333.6	ENST00000646891	1	0.695652173913043	48	69	ENST00000646891.2:c.1799T>A	ENSP00000493543.1:p.Val600Glu	protein_coding
SJGB093336	C1_WGS	BRAF	BRAF	chr7.140753336.A.T	SNV	Missense	p.V600E	V/E	600	missense_variant	NM_004333.6	ENST00000646891	1	0.567164179104478	38	67	ENST00000646891.2:c.1799T>A	ENSP00000493543.1:p.Val600Glu	protein_coding
SJHCC093084	C1_WGS	BRAF	BRAF	chr7.140753336.A.T	SNV	Missense	p.V600E	V/E	600	missense_variant	NM_004333.6	ENST00000646891	1	0.642857142857143	9	14	ENST00000646891.2:c.1799T>A	ENSP00000493543.1:p.Val600Glu	protein_coding
SJMEL077103	C1_WGS	BRAF	BRAF	chr7.140753336.A.T	SNV	Missense	p.V600E	V/E	600	missense_variant	NM_004333.6	ENST00000646891	1	0.789473684210526	45	57	ENST00000646891.2:c.1799T>A	ENSP00000493543.1:p.Val600Glu	protein_coding
SJMEL092661	C1_WGS	BRAF	BRAF	chr7.140753336.A.T	SNV	Missense	p.V600E	V/E	600	missense_variant	NM_004333.6	ENST00000646891	1	0.81578947368421	93	114	ENST00000646891.2:c.1799T>A	ENSP00000493543.1:p.Val600Glu	protein_coding
SJMEL092676	C1_WGS	BRAF	BRAF	chr7.140753336.A.T	SNV	Missense	p.V600E	V/E	600	missense_variant	NM_004333.6	ENST00000646891	1	0.766666666666667	46	60	ENST00000646891.2:c.1799T>A	ENSP00000493543.1:p.Val600Glu	protein_coding
SJMEL092680	C1_WGS	BRAF	BRAF	chr7.140753336.A.T	SNV	Missense	p.V600E	V/E	600	missense_variant	NM_004333.6	ENST00000646891	1	0.666666666666667	34	51	ENST00000646891.2:c.1799T>A	ENSP00000493543.1:p.Val600Glu	protein_coding
SJMEL092702	C1_WGS	BRAF	BRAF	chr7.140753336.A.T	SNV	Missense	p.V600E	V/E	600	missense_variant	NM_004333.6	ENST00000646891	1	0.382978723404255	18	47	ENST00000646891.2:c.1799T>A	ENSP00000493543.1:p.Val600Glu	protein_coding
SJMEL092775	C1_WGS	BRAF	BRAF	chr7.140753336.A.T	SNV	Missense	p.V600E	V/E	600	missense_variant	NM_004333.6	ENST00000646891	1	1	32	32	ENST00000646891.2:c.1799T>A	ENSP00000493543.1:p.Val600Glu	protein_coding
SJMEL092784	C1_WGS	BRAF	BRAF	chr7.140753336.A.T	SNV	Missense	p.V600E	V/E	600	missense_variant	NM_004333.6	ENST00000646891	1	0.552631578947368	42	76	ENST00000646891.2:c.1799T>A	ENSP00000493543.1:p.Val600Glu	protein_coding
SJMEL092785	C1_WGS	BRAF	BRAF	chr7.140753336.A.T	SNV	Missense	p.V600E	V/E	600	missense_variant	NM_004333.6	ENST00000646891	1	0.4	8	20	ENST00000646891.2:c.1799T>A	ENSP00000493543.1:p.Val600Glu	protein_coding
SJMEL092836	C1_WGS	BRAF	BRAF	chr7.140753336.A.T	SNV	Missense	p.V600E	V/E	600	missense_variant	NM_004333.6	ENST00000646891	1	0.642857142857143	27	42	ENST00000646891.2:c.1799T>A	ENSP00000493543.1:p.Val600Glu	protein_coding
SJMEL092862	C1_WGS	BRAF	BRAF	chr7.140753336.A.T	SNV	Missense	p.V600E	V/E	600	missense_variant	NM_004333.6	ENST00000646891	1	0.736842105263158	14	19	ENST00000646891.2:c.1799T>A	ENSP00000493543.1:p.Val600Glu	protein_coding
SJMEL092872	C1_WGS	BRAF	BRAF	chr7.140753336.A.T	SNV	Missense	p.V600E	V/E	600	missense_variant	NM_004333.6	ENST00000646891	1	0.746031746031746	47	63	ENST00000646891.2:c.1799T>A	ENSP00000493543.1:p.Val600Glu	protein_coding
SJMEL092881	C1_WGS	BRAF	BRAF	chr7.140753336.A.T	SNV	Missense	p.V600E	V/E	600	missense_variant	NM_004333.6	ENST00000646891	1	0.840909090909091	74	88	ENST00000646891.2:c.1799T>A	ENSP00000493543.1:p.Val600Glu	protein_coding
SJMEL093048	C1_WGS	BRAF	BRAF	chr7.140753336.A.T	SNV	Missense	p.V600E	V/E	600	missense_variant	NM_004333.6	ENST00000646891	1	0.891891891891892	33	37	ENST00000646891.2:c.1799T>A	ENSP00000493543.1:p.Val600Glu	protein_coding
SJMEL093076	C1_WGS	BRAF	BRAF	chr7.140753336.A.T	SNV	Missense	p.V600E	V/E	600	missense_variant	NM_004333.6	ENST00000646891	1	0.692307692307692	27	39	ENST00000646891.2:c.1799T>A	ENSP00000493543.1:p.Val600Glu	protein_coding
SJMEL093078	C1_WGS	BRAF	BRAF	chr7.140753336.A.T	SNV	Missense	p.V600E	V/E	600	missense_variant	NM_004333.6	ENST00000646891	1	0.414634146341463	17	41	ENST00000646891.2:c.1799T>A	ENSP00000493543.1:p.Val600Glu	protein_coding
SJMEL093167	C1_WGS	BRAF	BRAF	chr7.140753336.A.T	SNV	Missense	p.V600E	V/E	600	missense_variant	NM_004333.6	ENST00000646891	1	0.466666666666667	7	15	ENST00000646891.2:c.1799T>A	ENSP00000493543.1:p.Val600Glu	protein_coding
SJMEL093204	C1_WGS	BRAF	BRAF	chr7.140753336.A.T	SNV	Missense	p.V600E	V/E	600	missense_variant	NM_004333.6	ENST00000646891	1	0.988095238095238	83	84	ENST00000646891.2:c.1799T>A	ENSP00000493543.1:p.Val600Glu	protein_coding
SJMEL093229	C1_WGS	BRAF	BRAF	chr7.140753336.A.T	SNV	Missense	p.V600E	V/E	600	missense_variant	NM_004333.6	ENST00000646891	1	0.588235294117647	30	51	ENST00000646891.2:c.1799T>A	ENSP00000493543.1:p.Val600Glu	protein_coding
SJMEL093233	C1_WGS	BRAF	BRAF	chr7.140753336.A.T	SNV	Missense	p.V600E	V/E	600	missense_variant	NM_004333.6	ENST00000646891	1	0.44	22	50	ENST00000646891.2:c.1799T>A	ENSP00000493543.1:p.Val600Glu	protein_coding
SJMEL093305	C1_WGS	BRAF	BRAF	chr7.140753336.A.T	SNV	Missense	p.V600E	V/E	600	missense_variant	NM_004333.6	ENST00000646891	1	1	15	15	ENST00000646891.2:c.1799T>A	ENSP00000493543.1:p.Val600Glu	protein_coding
SJMEL093346	C1_WGS	BRAF	BRAF	chr7.140753336.A.T	SNV	Missense	p.V600E	V/E	600	missense_variant	NM_004333.6	ENST00000646891	1	0.75	39	52	ENST00000646891.2:c.1799T>A	ENSP00000493543.1:p.Val600Glu	protein_coding
SJST092639	C1_WGS	BRAF	BRAF	chr7.140753336.A.T	SNV	Missense	p.V600E	V/E	600	missense_variant	NM_004333.6	ENST00000646891	1	1	24	24	ENST00000646891.2:c.1799T>A	ENSP00000493543.1:p.Val600Glu	protein_coding
SJST092696	C1_WGS	BRAF	BRAF	chr7.140753336.A.T	SNV	Missense	p.V600E	V/E	600	missense_variant	NM_004333.6	ENST00000646891	1	0.592592592592593	16	27	ENST00000646891.2:c.1799T>A	ENSP00000493543.1:p.Val600Glu	protein_coding
SJST092697	C1_WGS	BRAF	BRAF	chr7.140753336.A.T	SNV	Missense	p.V600E	V/E	600	missense_variant	NM_004333.6	ENST00000646891	1	1	23	23	ENST00000646891.2:c.1799T>A	ENSP00000493543.1:p.Val600Glu	protein_coding
SJST093296	C1_WGS	BRAF	BRAF	chr7.140753336.A.T	SNV	Missense	p.V600E	V/E	600	missense_variant	NM_004333.6	ENST00000646891	1	0.797297297297297	59	74	ENST00000646891.2:c.1799T>A	ENSP00000493543.1:p.Val600Glu	protein_coding
SJCOAD093000	C1_WGS	BRAF	BRAF	chr7.140753336.A.T	SNV	Missense	p.V600E	V/E	600	missense_variant	NM_004333.6	ENST00000646891	1	0.575	23	40	ENST00000646891.2:c.1799T>A	ENSP00000493543.1:p.Val600Glu	protein_coding
SJMEL092906	C1_WGS	BRAF	BRAF	chr7.140753336.A.T	SNV	Missense	p.V600E	V/E	600	missense_variant	NM_004333.6	ENST00000646891	1	0.421052631578947	16	38	ENST00000646891.2:c.1799T>A	ENSP00000493543.1:p.Val600Glu	protein_coding
SJMEL092992	C1_WGS	BRAF	BRAF	chr7.140753336.A.T	SNV	Missense	p.V600E	V/E	600	missense_variant	NM_004333.6	ENST00000646891	1	0.76	38	50	ENST00000646891.2:c.1799T>A	ENSP00000493543.1:p.Val600Glu	protein_coding
SJMEL093075	C1_WGS	BRAF	BRAF	chr7.140753336.A.T	SNV	Missense	p.V600E	V/E	600	missense_variant	NM_004333.6	ENST00000646891	1	1	49	49	ENST00000646891.2:c.1799T>A	ENSP00000493543.1:p.Val600Glu	protein_coding
SJMEL093202	C1_WGS	BRAF	BRAF	chr7.140753336.A.T	SNV	Missense	p.V600E	V/E	600	missense_variant	NM_004333.6	ENST00000646891	1	0.509433962264151	27	53	ENST00000646891.2:c.1799T>A	ENSP00000493543.1:p.Val600Glu	protein_coding
SJST092778	C1_WGS	BRAF	BRAF	chr7.140753336.A.T	SNV	Missense	p.V600E	V/E	600	missense_variant	NM_004333.6	ENST00000646891	1	0.424242424242424	14	33	ENST00000646891.2:c.1799T>A	ENSP00000493543.1:p.Val600Glu	protein_coding
SJST092787	C1_WGS	BRAF	BRAF	chr7.140753336.A.T	SNV	Missense	p.V600E	V/E	600	missense_variant	NM_004333.6	ENST00000646891	1	0.459183673469388	45	98	ENST00000646891.2:c.1799T>A	ENSP00000493543.1:p.Val600Glu	protein_coding
SJST092799	C1_WGS	BRAF	BRAF	chr7.140753336.A.T	SNV	Missense	p.V600E	V/E	600	missense_variant	NM_004333.6	ENST00000646891	1	0.694444444444444	25	36	ENST00000646891.2:c.1799T>A	ENSP00000493543.1:p.Val600Glu	protein_coding
SJST093147	C1_WGS	BRAF	BRAF	chr7.140753336.A.T	SNV	Missense	p.V600E	V/E	600	missense_variant	NM_004333.6	ENST00000646891	1	1	19	19	ENST00000646891.2:c.1799T>A	ENSP00000493543.1:p.Val600Glu	protein_coding
SJEWS096686	C1_WGS	BRAF	BRAF	chr7.140753336.A.T	SNV	Missense	p.V600E	V/E	600	missense_variant	NM_004333.6	ENST00000646891	1	0.425531914893617	20	47	ENST00000646891.2:c.1799T>A	ENSP00000493543.1:p.Val600Glu	protein_coding
SJBT085595	C1_WGS	BRAF	BRAF	chr7.140753336.A.T	SNV	Missense	p.V600E	V/E	600	missense_variant	NM_004333.6	ENST00000646891	1	0.507042253521127	36	71	ENST00000646891.2:c.1799T>A	ENSP00000493543.1:p.Val600Glu	protein_coding
SJEWS085564	C1_WGS	BRAF	BRAF	chr7.140753336.A.T	SNV	Missense	p.V600E	V/E	600	missense_variant	NM_004333.6	ENST00000646891	1	0.53448275862069	31	58	ENST00000646891.2:c.1799T>A	ENSP00000493543.1:p.Val600Glu	protein_coding
SJMEL085547	C1_WGS	BRAF	BRAF	chr7.140753336.A.T	SNV	Missense	p.V600E	V/E	600	missense_variant	NM_004333.6	ENST00000646891	1	0.464285714285714	13	28	ENST00000646891.2:c.1799T>A	ENSP00000493543.1:p.Val600Glu	protein_coding
SJMEL014961	C2_WGS	BRAF	BRAF	chr7.140753336.A.T	SNV	Missense	p.V600E	V/E	600	missense_variant	NM_004333.6	ENST00000646891	1	0.654545454545455	36	55	ENST00000646891.2:c.1799T>A	ENSP00000493543.1:p.Val600Glu	protein_coding
SJMEL085547	C2_WGS	BRAF	BRAF	chr7.140753336.A.T	SNV	Missense	p.V600E	V/E	600	missense_variant	NM_004333.6	ENST00000646891	1	0.434782608695652	10	23	ENST00000646891.2:c.1799T>A	ENSP00000493543.1:p.Val600Glu	protein_coding
SJST080457	C2_WGS	BRAF	BRAF	chr7.140753336.A.T	SNV	Missense	p.V600E	V/E	600	missense_variant	NM_004333.6	ENST00000646891	1	0.540983606557377	33	61	ENST00000646891.2:c.1799T>A	ENSP00000493543.1:p.Val600Glu	protein_coding
SJEWS083030	C3_WGS	BRAF	BRAF	chr7.140753336.A.T	SNV	Missense	p.V600E	V/E	600	missense_variant	NM_004333.6	ENST00000646891	1	0.48936170212766	23	47	ENST00000646891.2:c.1799T>A	ENSP00000493543.1:p.Val600Glu	protein_coding
SJPRAD092693	C1_WGS	BRAF	BRAF	chr7.140753345.A.C	SNV	Missense	p.L597R	L/R	597	missense_variant	NM_004333.6	ENST00000646891	1	0.3	6	20	ENST00000646891.2:c.1790T>G	ENSP00000493543.1:p.Leu597Arg	protein_coding
SJLUAD092945	C1_WGS	BRAF	BRAF	chr7.140753346.G.C	SNV	Missense	p.L597V	L/V	597	missense_variant	NM_004333.6	ENST00000646891	1	0.425531914893617	20	47	ENST00000646891.2:c.1789C>G	ENSP00000493543.1:p.Leu597Val	protein_coding
SJCOAD092967	C1_WGS	BRAF	BRAF	chr7.140753349.C.G	SNV	Missense	p.G596R	G/R	596	missense_variant	NM_004333.6	ENST00000646891	1	0.274509803921569	14	51	ENST00000646891.2:c.1786G>C	ENSP00000493543.1:p.Gly596Arg	protein_coding
SJMEL092763	C1_WGS	BRAF	BRAF	chr7.140753392.A.T	SNV	Missense	p.N581K	N/K	581	missense_variant,splice_region_variant	NM_004333.6	ENST00000646891	1	0.388888888888889	21	54	ENST00000646891.2:c.1743T>A	ENSP00000493543.1:p.Asn581Lys	protein_coding
SJST093340	C1_WGS	BRAF	BRAF	chr7.140778037.TAGGTGCTGTCACATTC.TC	Indel	InframeDel	p.NVTAP486-	NVTAP/-	486	inframe_deletion	NM_004333.6	ENST00000646891	1	0.666666666666667	28	42	ENST00000646891.2:c.1457_1471del	ENSP00000493543.1:p.Asn486_Pro490del	protein_coding
SJLUAD080362	C2_WGS	BRAF	BRAF	chr7.140778038.AGGTGCTGTCACATTCAA.ATA	Indel	InframeOther	p.LNVTAP485Y	LNVTAP/Y	485	protein_altering_variant	NM_004333.6	ENST00000646891	1	1	29	29	ENST00000646891.2:c.1454_1469delinsA	ENSP00000493543.1:p.Leu485_Pro490delinsTyr	protein_coding
SJHGG094233	C1_WGS	BRAF	BRAF	chr7.140778061.T.C	SNV	Missense	p.K483E	K/E	483	missense_variant	NM_004333.6	ENST00000646891	1	0.181818181818182	8	44	ENST00000646891.2:c.1447A>G	ENSP00000493543.1:p.Lys483Glu	protein_coding
SJST092755	C1_WGS	BRAF	BRAF	chr7.140781598.TGTTCC.TATTAC	MNV	Missense	p.GT469VI	GT/VI	469	missense_variant	NM_004333.6	ENST00000646891	1	0.0357142857142857	2	56	ENST00000646891.2:c.1406_1409delinsTAAT	ENSP00000493543.1:p.Gly469_Thr470delinsValIle	protein_coding
SJST092755	C1_WGS	BRAF	BRAF	chr7.140781602.C.A	SNV	Missense	p.G469V	G/V	469	missense_variant	NM_004333.6	ENST00000646891	1	0.306666666666667	23	75	ENST00000646891.2:c.1406G>T	ENSP00000493543.1:p.Gly469Val	protein_coding
SJLUAD092930	C1_WGS	BRAF	BRAF	chr7.140781611.C.A	SNV	Missense	p.G466V	G/V	466	missense_variant	NM_004333.6	ENST00000646891	1	0.583333333333333	14	24	ENST00000646891.2:c.1397G>T	ENSP00000493543.1:p.Gly466Val	protein_coding
SJBRCA092876	C1_WGS	BRAF	BRAF	chr7.140781617.C.A	SNV	Missense	p.G464V	G/V	464	missense_variant	NM_004333.6	ENST00000646891	1	0.530612244897959	26	49	ENST00000646891.2:c.1391G>T	ENSP00000493543.1:p.Gly464Val	protein_coding
SJST092750	C1_WGS	BRAF	BRAF	chr7.140781617.C.T	SNV	Missense	p.G464E	G/E	464	missense_variant	NM_004333.6	ENST00000646891	1	1	23	23	ENST00000646891.2:c.1391G>A	ENSP00000493543.1:p.Gly464Glu	protein_coding
SJCOAD080454	C1_WGS	BRAF	BRAF	chr7.140783133.GT.GGT	Indel	Frameshift	p.T401TX	T/TX	401	frameshift_variant	NM_004333.6	ENST00000646891	1	0.518518518518518	14	27	ENST00000646891.2:c.1208dup	ENSP00000493543.1:p.Ala404CysfsTer9	protein_coding
SJCOAD092773	C1_WGS	BRAF	BRAF	chr7.140794387.C.T	SNV	Missense	p.R354Q	R/Q	354	missense_variant	NM_004333.6	ENST00000646891	1	0.407407407407407	11	27	ENST00000646891.2:c.1061G>A	ENSP00000493543.1:p.Arg354Gln	protein_coding
SJNHL092638	C1_WGS	EGFR	EGFR	chr7.55143387.G.A	SNV	Missense	p.R108K	R/K	108	missense_variant	NM_005228.5	ENST00000275493	1	0.375	27	72	ENST00000275493.7:c.323G>A	ENSP00000275493.2:p.Arg108Lys	protein_coding
SJBT093058	C1_WGS	EGFR	EGFR	chr7.55154129.C.T	SNV	Missense	p.A289V	A/V	289	missense_variant	NM_005228.5	ENST00000275493	1	0.354838709677419	22	62	ENST00000275493.7:c.866C>T	ENSP00000275493.2:p.Ala289Val	protein_coding
SJGB092997	C1_WGS	EGFR	EGFR	chr7.55165350.G.T	SNV	Missense	p.G598V	G/V	598	missense_variant	NM_005228.5	ENST00000275493	1	0.478260869565217	33	69	ENST00000275493.7:c.1793G>T	ENSP00000275493.2:p.Gly598Val	protein_coding
SJCOAD093136	C1_WGS	EGFR	EGFR	chr7.55174014.G.A	SNV	Missense	p.G719S	G/S	719	missense_variant	NM_005228.5	ENST00000275493	1	0.4	18	45	ENST00000275493.7:c.2155G>A	ENSP00000275493.2:p.Gly719Ser	protein_coding
SJLUAD093243	C1_WGS	EGFR	EGFR	chr7.55174771.AGGAATTAAGAGAAGCA.AA	Indel	InframeDel	p.KELREA745K	KELREA/K	745	inframe_deletion	NM_005228.5	ENST00000275493	1	0.933333333333333	84	90	ENST00000275493.7:c.2235_2249del	ENSP00000275493.2:p.Glu746_Ala750del	protein_coding
SJNSCLC093244	C1_WGS	EGFR	EGFR	chr7.55174771.AGGAATTAAGAGAAGCA.AA	Indel	InframeDel	p.KELREA745K	KELREA/K	745	inframe_deletion	NM_005228.5	ENST00000275493	1	0.609375	39	64	ENST00000275493.7:c.2235_2249del	ENSP00000275493.2:p.Glu746_Ala750del	protein_coding
SJLUAD080350	C2_WGS	EGFR	EGFR	chr7.55174771.AGGAATTAAGAGAAGCA.AA	Indel	InframeDel	p.KELREA745K	KELREA/K	745	inframe_deletion	NM_005228.5	ENST00000275493	1	0.714285714285714	25	35	ENST00000275493.7:c.2235_2249del	ENSP00000275493.2:p.Glu746_Ala750del	protein_coding
SJLUAD093284	C1_WGS	EGFR	EGFR	chr7.55174771.AGGAATTAAGAGAAGCAACATCT.AAATT	Indel	InframeOther	p.KELREATS745KI	KELREATS/KI	745	protein_altering_variant	NM_005228.5	ENST00000275493	1	0.484375	31	64	ENST00000275493.7:c.2235_2255delinsAAT	ENSP00000275493.2:p.Glu746_Ser752delinsIle	protein_coding
SJLUAD093231	C1_WGS	EGFR	EGFR	chr7.55174772.GGAATTAAGAGAAGCAA.GA	Indel	InframeDel	p.ELREA746-	ELREA/-	746	inframe_deletion	NM_005228.5	ENST00000275493	1	0.963607594936709	609	632	ENST00000275493.7:c.2236_2250del	ENSP00000275493.2:p.Glu746_Ala750del	protein_coding
SJLUAD093242	C1_WGS	EGFR	EGFR	chr7.55174772.GGAATTAAGAGAAGCAA.GA	Indel	InframeDel	p.ELREA746-	ELREA/-	746	inframe_deletion	NM_005228.5	ENST00000275493	1	0.956896551724138	444	464	ENST00000275493.7:c.2236_2250del	ENSP00000275493.2:p.Glu746_Ala750del	protein_coding
SJLUSC077101	C1_WGS	EGFR	EGFR	chr7.55174776.TTAAGAGAAGCAACATCTCCGAAAGCC.TCGAAAGAC	Indel	InframeOther	p.LREATSPKA747SKD	LREATSPKA/SKD	747	protein_altering_variant	NM_005228.5	ENST00000275493	1	0.410714285714286	23	56	ENST00000275493.7:c.2240_2264delinsCGAAAGA	ENSP00000275493.2:p.Leu747_Ala755delinsSerLysAsp	protein_coding
SJNHL093046	C1_WGS	EGFR	EGFR	chr7.55174789.C.T	SNV	Missense	p.T751I	T/I	751	missense_variant	NM_005228.5	ENST00000275493	1	0.142857142857143	7	49	ENST00000275493.7:c.2252C>T	ENSP00000275493.2:p.Thr751Ile	protein_coding
SJST093006	C1_WGS	EGFR	EGFR	chr7.55181312.G.T	SNV	Missense	p.S768I	S/I	768	missense_variant	NM_005228.5	ENST00000275493	1	0.28125	27	96	ENST00000275493.7:c.2303G>T	ENSP00000275493.2:p.Ser768Ile	protein_coding
SJLUAD092941	C1_WGS	EGFR	EGFR	chr7.55181378.C.T	SNV	Missense	p.T790M	T/M	790	missense_variant	NM_005228.5	ENST00000275493	1	0.847826086956522	39	46	ENST00000275493.7:c.2369C>T	ENSP00000275493.2:p.Thr790Met	protein_coding
SJLUAD092941	C1_WGS	EGFR	EGFR	chr7.55191822.T.G	SNV	Missense	p.L858R	L/R	858	missense_variant	NM_005228.5	ENST00000275493	1	0.722222222222222	39	54	ENST00000275493.7:c.2573T>G	ENSP00000275493.2:p.Leu858Arg	protein_coding
SJLUAD093267	C1_WGS	EGFR	EGFR	chr7.55191822.T.G	SNV	Missense	p.L858R	L/R	858	missense_variant	NM_005228.5	ENST00000275493	1	0.918367346938776	360	392	ENST00000275493.7:c.2573T>G	ENSP00000275493.2:p.Leu858Arg	protein_coding
