Rscript : Installing package into 'C:/Users/mvijayan/AppData/Local/R/win-library/4.5'
At C:\Users\mvijayan\AppData\Local\Temp\ps-script-b1fb3263-9343-4dde-b7f6-88fbe4017e74.ps1:89 char:1
+ Rscript .scratch/inspect_xlsx.R 2>&1 | Out-File -Encoding utf8 .scrat ...
+ ~~~~~~~~~~~~~~~~~~~~~~~~~~~~~~~~~~~~
    + CategoryInfo          : NotSpecified: (Installing pack...in-library/4.5':String) [], RemoteException
    + FullyQualifiedErrorId : NativeCommandError
 
(as 'lib' is unspecified)
also installing the dependencies 'rematch', 'hms', 'cellranger', 'progress'

trying URL 'https://cloud.r-project.org/bin/windows/contrib/4.5/rematch_2.0.0.zip'
trying URL 'https://cloud.r-project.org/bin/windows/contrib/4.5/hms_1.1.4.zip'
trying URL 'https://cloud.r-project.org/bin/windows/contrib/4.5/cellranger_1.1.0.zip'
trying URL 'https://cloud.r-project.org/bin/windows/contrib/4.5/progress_1.2.3.zip'
trying URL 'https://cloud.r-project.org/bin/windows/contrib/4.5/readxl_1.4.5.zip'
package 'rematch' successfully unpacked and MD5 sums checked
package 'hms' successfully unpacked and MD5 sums checked
package 'cellranger' successfully unpacked and MD5 sums checked
package 'progress' successfully unpacked and MD5 sums checked
package 'readxl' successfully unpacked and MD5 sums checked

The downloaded binary packages are in
	C:\Users\mvijayan\AppData\Local\Temp\Rtmp0SZCOT\downloaded_packages
=== Sheets (34) ===
 - List of Supp. Tables
 - SA - Representativeness
 - S1 - 5009 genomic regions
 - S2 - 7590 SNPs 
 - S3 - 26 markers for dilution
 - S4A -Diagnostic yield cases
 - S4B - Demographic summary
 - S4C-Diagnostic yield SNVInDel
 - S4D - Diagnostic yield SV
 - S4E - Diagnostic yield CNV
 - S4F - Diagnostic yield LOH
 - S4G - Diagnostic yield ITD
 - S4H - Overall Diagnostic yield
 - S5 - COLO829 sampleQC
 - S6 - SamplQC Cellline dilutions
 - S7A - Overview of panels
 - S7B - Panel gene comparsions
 - S7C - Surrey et al Panels
 - S7D - Reported Fusions Coverage
 - S8 -183 drivers panel comp.
 - S9 - COLO829 regionQC
 - S10 - Poorly covered 27 regions
 - S11 - MSK-IMPACT 31 regions
 - S12 - COLO829 SNPQC
 - S13A -WGS WES Panel comparison
 - ST13B - Demographics G4K cases
 - ST13C - G4K Demographic summary
 - S13D - Gender alterations
 - S14A -Diagnostic yield SampleQC
 - S14B - Normal samples SNP QC
 - S15 - Case concordance rate
 - S16 - LoD results
 - S17 -LoD In silico downsampling
 - S18 -rAML cases serial markers


========================================
Sheet: List of Supp. Tables
========================================
dim: 37 rows x 2 cols
 c("Supplementary Tables", "SA", "S1", "S2", "S3", "S4A", "S4B", 
 Supplementary Tables                                            
 SA                                                              
 S1                                                              
 S2                                                              
 S3                                                              
 S4A                                                             
 S4B                                                             
 S4C                                                             
 S4D                                                             
 S4E                                                             
 S4F                                                             
 S4G                                                             
 S4H                                                             
 S5                                                              
 S6                                                              
 S7A                                                             
 S7B                                                             
 S7C                                                             
 S7D                                                             
 S8                                                              
 c("Title", "Representativeness of Study Participants", "List of 5009 exonic/intronic/promoter regions from 357 genes of the human gen...", 
 Title                                                                                                                                      
 Representativeness of Study Participants                                                                                                   
 List of 5009 exonic/intronic/promoter regions from 357 genes of the human gen...                                                           
 List of 7590 SNPs from human genome included in the SJPedPanel.                                                                            
 List of 26 variants and cell lines selected for dilution experiment.                                                                       
 Description of 113 cases chosen from previously reported pediatric cancer coh...                                                           
 Demographic summary of the 113 cases, as per availability, used to determine ...                                                           
 Diagnostic yield for previously reported somatic Single Nucleotide Variants (...                                                           
 Diagnostic yield for previously reported somatic Structural Variants (SVs, n=...                                                           
 Diagnostic yield for previously reported Copy Number Variations (CNVs, n=166)...                                                           
 Diagnostic yield for previously reported Loss of Heterozygosity (LOHs, n=18) ...                                                           
 Diagnostic yield for previously reported Internal Tandem Duplications (ITDs, ...                                                           
 Overall diagnostic yield of SJPedPanel for 389 markers reported in 113 cases.                                                              
 Coverage QC metrics for COLO829BL cell line samples used to determine the cap...                                                           
 Coverage QC metrics for cell lines and their dilution samples used to determi...                                                           
 Overview of 7 panels compared in the study.                                                                                                
 Comparison of genes in SJPedPanel with six other panels                                                                                    
 Comparison SJPedPanel with three panels described in Surrey et al. (2019)                                                                  
 Coverage of reported oncogenic fusion genes from pediatric cancers in SJPedPanel                                                           
 Coverage of previously reported 183 pediatric cancer driver genes in SJPedPan...                                                           


========================================
Sheet: SA - Representativeness
========================================
dim: 9 rows x 2 cols
 c("Supplementary Table A.Representativeness of Study Participants", 
 Supplementary Table A.Representativeness of Study Participants      
 Cancer type(s)/subtype(s)/stage(s)/condition                        
 Considerations related to:                                          
 Sex                                                                 
 Age                                                                 
 Race/ethnicity                                                      
 Geography                                                           
 Other considerations                                                
 Overall representativeness of this study                            
 c("", "Childhood Cancers", "", "According to NCI's Surveillance, Epidemiology, and End Results Program (SEER,...", 
                                                                                                                    
 Childhood Cancers                                                                                                  
                                                                                                                    
 According to NCI's Surveillance, Epidemiology, and End Results Program (SEER,...                                   
 The median age of our 208 patient cohort is 7.5 years.                                                             
 Our 208 patient cohort has 166 (80%) White patients and 25 (12%) Black patien...                                   
 It is estimated that, in 2023, a total of 15,190 children and adolescents age...                                   
 N/A                                                                                                                
 This study is based on a previously published study therefore no further incl...                                   


========================================
Sheet: S1 - 5009 genomic regions
========================================
dim: 5010 rows x 11 cols
 c("Sr. No.", "1", "2", "3", "4", "5", "6", "7", "8", "9", "10", 
 Sr. No.                                                         
 1                                                               
 2                                                               
 3                                                               
 4                                                               
 5                                                               
 6                                                               
 7                                                               
 8                                                               
 9                                                               
 10                                                              
 11                                                              
 12                                                              
 13                                                              
 14                                                              
 15                                                              
 16                                                              
 17                                                              
 18                                                              
 19                                                              
 c("Chrom", "chr1", "chr1", "chr1", "chr1", "chr1", "chr1", "chr1", 
 Chrom                                                              
 chr1                                                               
 chr1                                                               
 chr1                                                               
 chr1                                                               
 chr1                                                               
 chr1                                                               
 chr1                                                               
 chr1                                                               
 chr1                                                               
 chr1                                                               
 chr1                                                               
 chr1                                                               
 chr1                                                               
 chr1                                                               
 chr1                                                               
 chr1                                                               
 chr1                                                               
 chr1                                                               
 chr1                                                               
 c("Start", "1718760", "1720482", "1721824", "1724674", "1735848", 
 Start                                                             
 1718760                                                           
 1720482                                                           
 1721824                                                           
 1724674                                                           
 1735848                                                           
 1737904                                                           
 1747185                                                           
 1749266                                                           
 1756826                                                           
 6246722                                                           
 6252980                                                           
 6257702                                                           
 6259612                                                           
 9770504                                                           
 9775589                                                           
 9775897                                                           
 9776488                                                           
 9777007                                                           
 9777585                                                           
 c("End", "1718886", "1720718", "1722045", "1724760", "1736030", 
 End                                                             
 1718886                                                         
 1720718                                                         
 1722045                                                         
 1724760                                                         
 1736030                                                         
 1737987                                                         
 1747311                                                         
 1749324                                                         
 1756902                                                         
 6246886                                                         
 6253124                                                         
 6257826                                                         
 6259643                                                         
 9770664                                                         
 9775837                                                         
 9776146                                                         
 9776687                                                         
 9777176                                                         
 9777694                                                         
 c("Gene", "GNB1", "GNB1", "GNB1", "GNB1", "GNB1", "GNB1", "GNB1", 
 Gene                                                              
 GNB1                                                              
 GNB1                                                              
 GNB1                                                              
 GNB1                                                              
 GNB1                                                              
 GNB1                                                              
 GNB1                                                              
 GNB1                                                              
 GNB1                                                              
 RPL22                                                             
 RPL22                                                             
 RPL22                                                             
 RPL22                                                             
 PIK3CD                                                            
 PIK3CD                                                            
 PIK3CD                                                            
 PIK3CD                                                            
 PIK3CD                                                            
 PIK3CD                                                            
 c("Official gene symbol", "GNB1", "GNB1", "GNB1", "GNB1", "GNB1", 
 Official gene symbol                                              
 GNB1                                                              
 GNB1                                                              
 GNB1                                                              
 GNB1                                                              
 GNB1                                                              
 GNB1                                                              
 GNB1                                                              
 GNB1                                                              
 GNB1                                                              
 RPL22                                                             
 RPL22                                                             
 RPL22                                                             
 RPL22                                                             
 PIK3CD                                                            
 PIK3CD                                                            
 PIK3CD                                                            
 PIK3CD                                                            
 PIK3CD                                                            
 PIK3CD                                                            
 c("Transcript Isoform", "NM_002074", "NM_002074", "NM_002074", 
 Transcript Isoform                                             
 NM_002074                                                      
 NM_002074                                                      
 NM_002074                                                      
 NM_002074                                                      
 NM_002074                                                      
 NM_002074                                                      
 NM_002074                                                      
 NM_002074                                                      
 NM_002074                                                      
 NM_000983                                                      
 NM_000983                                                      
 NM_000983                                                      
 NM_000983                                                      
 NM_005026                                                      
 NM_005026                                                      
 NM_005026                                                      
 NM_005026                                                      
 NM_005026                                                      
 NM_005026                                                      
 c("Length", "127", "237", "222", "87", "183", "84", "127", "59", 
 Length                                                           
 127                                                              
 237                                                              
 222                                                              
 87                                                               
 183                                                              
 84                                                               
 127                                                              
 59                                                               
 77                                                               
 165                                                              
 145                                                              
 125                                                              
 32                                                               
 161                                                              
 249                                                              
 250                                                              
 200                                                              
 170                                                              
 110                                                              
 c("Covered Exon(s)", "E11", "E10", "E9", "E8", "E7", "E6", "E5", 
 Covered Exon(s)                                                  
 E11                                                              
 E10                                                              
 E9                                                               
 E8                                                               
 E7                                                               
 E6                                                               
 E5                                                               
 E4                                                               
 E3                                                               
 E4                                                               
 E3                                                               
 E2                                                               
 E1                                                               
 E3                                                               
 E4                                                               
 E5                                                               
 E6                                                               
 E7                                                               
 E8                                                               
 c("Covered Intron(s)", "", "", "", "", "", "", "", "", "", "", 
 Covered Intron(s)                                              
                                                                
                                                                
                                                                
                                                                
                                                                
                                                                
                                                                
                                                                
                                                                
                                                                
                                                                
                                                                
                                                                
                                                                
                                                                
                                                                
                                                                
                                                                
                                                                
 c("Partial intronic/intergenic/promoter regions", "", "", "", 
 Partial intronic/intergenic/promoter regions                  
                                                               
                                                               
                                                               
                                                               
                                                               
                                                               
                                                               
                                                               
                                                               
                                                               
                                                               
                                                               
                                                               
                                                               
                                                               
                                                               
                                                               
                                                               
                                                               


========================================
Sheet: S2 - 7590 SNPs 
========================================
dim: 7592 rows x 13 cols
 c("", "Sr. No.", "1", "2", "3", "4", "5", "6", "7", "8", "9", 
                                                               
 Sr. No.                                                       
 1                                                             
 2                                                             
 3                                                             
 4                                                             
 5                                                             
 6                                                             
 7                                                             
 8                                                             
 9                                                             
 10                                                            
 11                                                            
 12                                                            
 13                                                            
 14                                                            
 15                                                            
 16                                                            
 17                                                            
 18                                                            
 c("", "ID", "rs3813194", "rs12135382", "rs61776850", "rs882786", 
                                                                  
 ID                                                               
 rs3813194                                                        
 rs12135382                                                       
 rs61776850                                                       
 rs882786                                                         
 rs61763695                                                       
 rs1891143                                                        
 rs3819954                                                        
 rs6665286                                                        
 rs242048                                                         
 rs2199215                                                        
 rs973978                                                         
 rs2783557                                                        
 rs9661578                                                        
 rs56233416                                                       
 rs4623725                                                        
 rs1287623                                                        
 rs3747992                                                        
 rs962662                                                         
 c("gnomAD v2.1.1; GRCh37/hg19", "CHROM", "1", "1", "1", "1", 
 gnomAD v2.1.1; GRCh37/hg19                                   
 CHROM                                                        
 1                                                            
 1                                                            
 1                                                            
 1                                                            
 1                                                            
 1                                                            
 1                                                            
 1                                                            
 1                                                            
 1                                                            
 1                                                            
 1                                                            
 1                                                            
 1                                                            
 1                                                            
 1                                                            
 1                                                            
 1                                                            
 c("", "POS", "998582", "1098421", "1646371", "2112676", "2800354", 
                                                                    
 POS                                                                
 998582                                                             
 1098421                                                            
 1646371                                                            
 2112676                                                            
 2800354                                                            
 3385256                                                            
 3591143                                                            
 4121610                                                            
 4788886                                                            
 5151476                                                            
 5723376                                                            
 5771142                                                            
 5881752                                                            
 5891383                                                            
 5897007                                                            
 5918956                                                            
 5937168                                                            
 5978510                                                            
 c("", "REF", "G", "C", "G", "A", "G", "A", "T", "C", "A", "T", 
                                                                
 REF                                                            
 G                                                              
 C                                                              
 G                                                              
 A                                                              
 G                                                              
 A                                                              
 T                                                              
 C                                                              
 A                                                              
 T                                                              
 A                                                              
 G                                                              
 C                                                              
 C                                                              
 C                                                              
 A                                                              
 G                                                              
 G                                                              
 c("", "ALT", "C", "T", "T", "G", "T", "G", "C", "T", "G", "C", 
                                                                
 ALT                                                            
 C                                                              
 T                                                              
 T                                                              
 G                                                              
 T                                                              
 G                                                              
 C                                                              
 T                                                              
 G                                                              
 C                                                              
 G                                                              
 C                                                              
 T                                                              
 T                                                              
 T                                                              
 G                                                              
 A                                                              
 A                                                              
 c("", "MAF", "0.43698100000000001", "0.45188400000000001", "0.49249700000000002", 
                                                                                   
 MAF                                                                               
 0.43698100000000001                                                               
 0.45188400000000001                                                               
 0.49249700000000002                                                               
 0.547767                                                                          
 0.49244300000000002                                                               
 0.55146700000000004                                                               
 0.47035399999999999                                                               
 0.47335700000000003                                                               
 0.60136599999999996                                                               
 0.43427900000000003                                                               
 0.54842500000000005                                                               
 0.67062900000000003                                                               
 0.54512899999999997                                                               
 0.54294399999999998                                                               
 0.62545499999999998                                                               
 0.59258599999999995                                                               
 0.37586999999999998                                                               
 0.61259799999999998                                                               
 c("gnomAD v4.1; GRCh38/hg38", "CHROM", "1", "1", "1", "1", "1", 
 gnomAD v4.1; GRCh38/hg38                                        
 CHROM                                                           
 1                                                               
 1                                                               
 1                                                               
 1                                                               
 1                                                               
 1                                                               
 1                                                               
 1                                                               
 1                                                               
 1                                                               
 1                                                               
 1                                                               
 1                                                               
 1                                                               
 1                                                               
 1                                                               
 1                                                               
 1                                                               
 c("", "POS", "1063202", "1163041", "1714932", "2181237", "2883789", 
                                                                     
 POS                                                                 
 1063202                                                             
 1163041                                                             
 1714932                                                             
 2181237                                                             
 2883789                                                             
 3468692                                                             
 3674579                                                             
 4061550                                                             
 4728826                                                             
 5091416                                                             
 5663316                                                             
 5711082                                                             
 5821692                                                             
 5831323                                                             
 5836947                                                             
 5858896                                                             
 5877108                                                             
 5918450                                                             
 c("", "REF", "G", "C", "G", "A", "G", "A", "T", "C", "A", "T", 
                                                                
 REF                                                            
 G                                                              
 C                                                              
 G                                                              
 A                                                              
 G                                                              
 A                                                              
 T                                                              
 C                                                              
 A                                                              
 T                                                              
 A                                                              
 G                                                              
 C                                                              
 C                                                              
 C                                                              
 A                                                              
 G                                                              
 G                                                              
 c("", "ALT", "C", "T", "T", "G", "T", "G", "C", "T", "G", "C", 
                                                                
 ALT                                                            
 C                                                              
 T                                                              
 T                                                              
 G                                                              
 T                                                              
 G                                                              
 C                                                              
 T                                                              
 G                                                              
 C                                                              
 G                                                              
 C                                                              
 T                                                              
 T                                                              
 T                                                              
 G                                                              
 A                                                              
 A                                                              
 c("", "MAF", "0.44808300000000001", "0.47191499999999997", "0.48605399999999999", 
                                                                                   
 MAF                                                                               
 0.44808300000000001                                                               
 0.47191499999999997                                                               
 0.48605399999999999                                                               
 0.54692200000000002                                                               
 0.49152299999999999                                                               
 0.53350299999999995                                                               
 0.47175                                                                           
 0.45837                                                                           
 0.58628199999999997                                                               
 0.43138599999999999                                                               
 0.54005400000000003                                                               
 0.674346                                                                          
 0.53301200000000004                                                               
 0.52743700000000004                                                               
 0.61528099999999997                                                               
 0.59026400000000001                                                               
 0.37823099999999998                                                               
 0.60904400000000003                                                               
 c("", "Comment", "", "", "", "", "", "", "", "", "", "", "", 
                                                              
 Comment                                                      
                                                              
                                                              
                                                              
                                                              
                                                              
                                                              
                                                              
                                                              
                                                              
                                                              
                                                              
                                                              
                                                              
                                                              
                                                              
                                                              
                                                              
                                                              


========================================
Sheet: S3 - 26 markers for dilution
========================================
dim: 27 rows x 11 cols
 c("Sr. No.", "1", "2", "3", "4", "5", "6", "7", "8", "9", "10", 
 Sr. No.                                                         
 1                                                               
 2                                                               
 3                                                               
 4                                                               
 5                                                               
 6                                                               
 7                                                               
 8                                                               
 9                                                               
 10                                                              
 11                                                              
 12                                                              
 13                                                              
 14                                                              
 15                                                              
 16                                                              
 17                                                              
 18                                                              
 19                                                              
 c("Cell Line", "ME-1", "697", "697", "697", "ME-1", "697", "Rh30", 
 Cell Line                                                          
 ME-1                                                               
 697                                                                
 697                                                                
 697                                                                
 ME-1                                                               
 697                                                                
 Rh30                                                               
 Rh30                                                               
 EW-8                                                               
 Rh30                                                               
 K562                                                               
 K562                                                               
 K562                                                               
 Rh30                                                               
 Molm13                                                             
 Molm13                                                             
 K562                                                               
 EW-8                                                               
 Rh30                                                               
 c("VAF%", "48.463000000000001", "47.381999999999998", "34.223999999999997", 
 VAF%                                                                        
 48.463000000000001                                                          
 47.381999999999998                                                          
 34.223999999999997                                                          
 40.119999999999997                                                          
 46.713999999999999                                                          
 48.85                                                                       
 32.792000000000002                                                          
 32.64                                                                       
 99.97                                                                       
 33.548000000000002                                                          
 31.341999999999999                                                          
 31.262                                                                      
 31.794                                                                      
 82.662000000000006                                                          
 40.616999999999997                                                          
 47.436                                                                      
 99.504000000000005                                                          
 99.974000000000004                                                          
 80.661000000000001                                                          
 c("Variant", "chr1.115256528.T.A", "chr1.115258747.C.T", "chr1.226252135.A.T", 
 Variant                                                                        
 chr1.115256528.T.A                                                             
 chr1.115258747.C.T                                                             
 chr1.226252135.A.T                                                             
 chr10.104857107.G.A                                                            
 chr11.32410674.C.T                                                             
 chr12.49445838.G.T                                                             
 chr17.7577098.T.A                                                              
 chr17.7577121.G.A                                                              
 chr17.7578190.T.C                                                              
 chr17.7578235.T.C                                                              
 chr20.31022288.C.A                                                             
 chr4.1941422.C.T                                                               
 chr4.55140793.G.A                                                              
 chrX.123182916.T.C                                                             
 chr11.119149006.AGGTACGGATCTAAAC.AC                                            
 chr13.28608281.AC.AATTCATATTCTCTGAAATCAAC                                      
 chr17.7578525.GC.GGC                                                           
 chrX.123191781.ATG.AG                                                          
 chr2.223068491.-.chr13.41187866.-.                                             
 c("Type", "SNV", "SNV", "SNV", "SNV", "SNV", "SNV", "SNV", "SNV", 
 Type                                                              
 SNV                                                               
 SNV                                                               
 SNV                                                               
 SNV                                                               
 SNV                                                               
 SNV                                                               
 SNV                                                               
 SNV                                                               
 SNV                                                               
 SNV                                                               
 SNV                                                               
 SNV                                                               
 SNV                                                               
 SNV                                                               
 InDel                                                             
 InDel                                                             
 InDel                                                             
 InDel                                                             
 SV                                                                
 c("Gene/Fusion", "NRAS", "NRAS", "H3F3A", "NT5C2", "WT1", "KMT2D", 
 Gene/Fusion                                                        
 NRAS                                                               
 NRAS                                                               
 H3F3A                                                              
 NT5C2                                                              
 WT1                                                                
 KMT2D                                                              
 TP53                                                               
 TP53                                                               
 TP53                                                               
 TP53                                                               
 ASXL1                                                              
 NSD2                                                               
 PDGFRA                                                             
 STAG2                                                              
 CBL                                                                
 FLT3                                                               
 TP53                                                               
 STAG2                                                              
 PAX3::FOXO1                                                        
 c("AA Change", "p.Q61H", "p.G12D", "p.K28M", "p.R238W", "p.R280Q", 
 AA Change                                                          
 p.Q61H                                                             
 p.G12D                                                             
 p.K28M                                                             
 p.R238W                                                            
 p.R280Q                                                            
 p.S543*                                                            
 p.R280S                                                            
 p.R273C                                                            
 p.Y220C                                                            
 p.Y205C                                                            
 p.Y591*                                                            
 p.R600*                                                            
                                                                    
 p.V294A                                                            
                                                                    
 p.598_599insFDFREYE                                                
 p.Q136fs                                                           
 p.N457fs                                                           
                                                                    
 c("Class", "missense", "missense", "missense", "missense", "missense", 
 Class                                                                  
 missense                                                               
 missense                                                               
 missense                                                               
 missense                                                               
 missense                                                               
 nonsense                                                               
 missense                                                               
 missense                                                               
 missense                                                               
 missense                                                               
 nonsense                                                               
 nonsense                                                               
 splice                                                                 
 missense                                                               
 splice                                                                 
 proteinIns                                                             
 frameshift                                                             
 frameshift                                                             
 SV                                                                     
 c("Subtype", "CBFB_MYH11/NRAS.G61H", "TCF3_PBX1", "TCF3_PBX1", 
 Subtype                                                        
 CBFB_MYH11/NRAS.G61H                                           
 TCF3_PBX1                                                      
 TCF3_PBX1                                                      
 TCF3_PBX1                                                      
 CBFB_MYH11/NRAS.G61H                                           
 TCF3_PBX1                                                      
 PAX3_FOXO1/TP53.R273C                                          
 PAX3_FOXO1/TP53.R273C                                          
 EWSR1_FLI1/TP53.Y220C                                          
 PAX3_FOXO1/TP53.R273C                                          
 BCR_ABL1/TP53.C135fs                                           
 BCR_ABL1/TP53.C135fs                                           
 BCR_ABL1/TP53.C135fs                                           
 PAX3_FOXO1/TP53.R273C                                          
 KMT2A_MLLT3/FLT3-ITD                                           
 KMT2A_MLLT3/FLT3-ITD                                           
 BCR_ABL1/TP53.C135fs                                           
 EWSR1_FLI1/TP53.Y220C                                          
 PAX3_FOXO1/TP53.R273C                                          
 c("Cellosaurus RRID", "CVCL_2110", "CVCL_0079", "CVCL_0079", 
 Cellosaurus RRID                                             
 CVCL_2110                                                    
 CVCL_0079                                                    
 CVCL_0079                                                    
 CVCL_0079                                                    
 CVCL_2110                                                    
 CVCL_0079                                                    
 CVCL_0041                                                    
 CVCL_0041                                                    
 CVCL_V618                                                    
 CVCL_0041                                                    
 CVCL_0004                                                    
 CVCL_0004                                                    
 CVCL_0004                                                    
 CVCL_0041                                                    
 CVCL_2119                                                    
 CVCL_2119                                                    
 CVCL_0004                                                    
 CVCL_V618                                                    
 CVCL_0041                                                    
 c("DepMap ID", "ACH-000439", "ACH-000070", "ACH-000070", "ACH-000070", 
 DepMap ID                                                              
 ACH-000439                                                             
 ACH-000070                                                             
 ACH-000070                                                             
 ACH-000070                                                             
 ACH-000439                                                             
 ACH-000070                                                             
 ACH-000833                                                             
 ACH-000833                                                             
 ACH-000499                                                             
 ACH-000833                                                             
 ACH-000551                                                             
 ACH-000551                                                             
 ACH-000551                                                             
 ACH-000833                                                             
 ACH-000362                                                             
 ACH-000362                                                             
 ACH-000551                                                             
 ACH-000499                                                             
 ACH-000833                                                             


========================================
Sheet: S4A -Diagnostic yield cases
========================================
dim: 114 rows x 15 cols
 c("Sr. No.", "1", "2", "3", "4", "5", "6", "7", "8", "9", "10", 
 Sr. No.                                                         
 1                                                               
 2                                                               
 3                                                               
 4                                                               
 5                                                               
 6                                                               
 7                                                               
 8                                                               
 9                                                               
 10                                                              
 11                                                              
 12                                                              
 13                                                              
 14                                                              
 15                                                              
 16                                                              
 17                                                              
 18                                                              
 19                                                              
 c("Case ID", "SJALCL030011", "SJMLL030007", "SJAML030209", "SJAML030195", 
 Case ID                                                                   
 SJALCL030011                                                              
 SJMLL030007                                                               
 SJAML030209                                                               
 SJAML030195                                                               
 SJAML030099                                                               
 SJAML030120                                                               
 SJAML030186                                                               
 SJAML030025                                                               
 SJAML030004                                                               
 SJAML030006                                                               
 SJAML030024                                                               
 SJAML030231                                                               
 SJCBF100                                                                  
 SJCBF041                                                                  
 SJPML030005                                                               
 SJASPS030015                                                              
 SJASPS030009                                                              
 SJBT030255                                                                
 SJBT030128                                                                
 c("Cancer category", "Heme", "Heme", "Heme", "Heme", "Heme", 
 Cancer category                                              
 Heme                                                         
 Heme                                                         
 Heme                                                         
 Heme                                                         
 Heme                                                         
 Heme                                                         
 Heme                                                         
 Heme                                                         
 Heme                                                         
 Heme                                                         
 Heme                                                         
 Heme                                                         
 Heme                                                         
 Heme                                                         
 Heme                                                         
 Solid tumor                                                  
 Solid tumor                                                  
 Brain tumor                                                  
 Brain tumor                                                  
 c("Cancer subtype", "ALCL", "AML", "AML", "AML", "AML", "AML", 
 Cancer subtype                                                 
 ALCL                                                           
 AML                                                            
 AML                                                            
 AML                                                            
 AML                                                            
 AML                                                            
 AML                                                            
 AML                                                            
 AML                                                            
 AML                                                            
 AML                                                            
 AML                                                            
 AML                                                            
 AML                                                            
 AML                                                            
 ASPS                                                           
 ASPS                                                           
 ATRT                                                           
 ATRT                                                           
 c("Cancer subtype description", "Anaplastic large cell lymphoma",          
 Cancer subtype description                                                 
 Anaplastic large cell lymphoma                                             
 Acute myeloid leukemia  NOS                                                
 AML (Megakaryoblastic) with t(1;22)(p13.3;q13.3);RBM15-MKL1 (AMLRBM15MKL1) 
 AML with t(8;21)(q22;q22.1);RUNX1-RUNX1T1 (AMLRUNX1RUNX1T1)                
 Myeloid Leukemia Associated with Down Syndrome (MLADS)                     
 Acute Megakaryoblastic Leukemia (AMKL)                                     
 AML with Mutated NPM1 (AMLNPM1)                                            
 Acute myeloid leukemia  NOS                                                
 Acute myeloid leukemia  NOS                                                
 Acute myeloid leukemia  NOS                                                
 Acute myeloid leukemia  NOS                                                
 AML with inv(16)(p13.1q22) or t(16;16)(p13.1;q22);CBFB-MYH11 (AMLCBFBMYH11)
 Acute myeloid leukemia  Core binding factor                                
 Acute myeloid leukemia  Core binding factor                                
 Acute myeloid leukemia  Promyelocitic                                      
 Alveolar soft part sarcoma                                                 
 Alveolar soft part sarcoma                                                 
 Atypical Teratoid/Rhabdoid Tumor (ATRT)                                    
 Atypical Teratoid/Rhabdoid Tumor (ATRT)                                    
 c("Cohort", "PILOT", "PILOT", "G4K", "G4K", "G4K", "G4K", "G4K", 
 Cohort                                                           
 PILOT                                                            
 PILOT                                                            
 G4K                                                              
 G4K                                                              
 G4K                                                              
 G4K                                                              
 G4K                                                              
 PILOT                                                            
 PILOT                                                            
 PILOT                                                            
 PILOT                                                            
 G4K                                                              
 PILOT                                                            
 PILOT                                                            
 PILOT                                                            
 PILOT                                                            
 PILOT                                                            
 G4K                                                              
 G4K                                                              
 c("PubMed ID", "30262806", "30262806", "34301788", "34301788", 
 PubMed ID                                                      
 30262806                                                       
 30262806                                                       
 34301788                                                       
 34301788                                                       
 34301788                                                       
 34301788                                                       
 34301788                                                       
 30262806                                                       
 30262806                                                       
 30262806                                                       
 30262806                                                       
 34301788                                                       
 30262806                                                       
 30262806                                                       
 30262806                                                       
 30262806                                                       
 30262806                                                       
 34301788                                                       
 34301788                                                       
 c("Samples Sequenced", "D1.G1", "D1.G1", "D1", "D1", "D1", "D1", 
 Samples Sequenced                                                
 D1.G1                                                            
 D1.G1                                                            
 D1                                                               
 D1                                                               
 D1                                                               
 D1                                                               
 D1                                                               
 D1.G1                                                            
 D1.G1                                                            
 D1                                                               
 D1                                                               
 D1                                                               
 D1                                                               
 D1.G1                                                            
 D1.G1                                                            
 D1.G1                                                            
 D1.G1                                                            
 D1                                                               
 D1                                                               
 c("Comment", "", "", "", "", "", "", "", "", "", "", "", "", 
 Comment                                                      
                                                              
                                                              
                                                              
                                                              
                                                              
                                                              
                                                              
                                                              
                                                              
                                                              
                                                              
                                                              
                                                              
                                                              
                                                              
                                                              
                                                              
                                                              
                                                              
 c("Sex", "Female", "Female", "Male", "Female", "Male", "Male", 
 Sex                                                            
 Female                                                         
 Female                                                         
 Male                                                           
 Female                                                         
 Male                                                           
 Male                                                           
 Female                                                         
 Male                                                           
 Female                                                         
 Female                                                         
 Female                                                         
 Female                                                         
 Female                                                         
 Female                                                         
 Male                                                           
 Female                                                         
 Male                                                           
 Male                                                           
 Female                                                         
 c("Ethnicity", "Not Hispanic, Latino/a, or Spanish origin", "Not Hispanic, Latino/a, or Spanish origin", 
 Ethnicity                                                                                                
 Not Hispanic, Latino/a, or Spanish origin                                                                
 Not Hispanic, Latino/a, or Spanish origin                                                                
 Not Hispanic, Latino/a, or Spanish origin                                                                
 South or Central American                                                                                
 Not Hispanic, Latino/a, or Spanish origin                                                                
 Not Hispanic, Latino/a, or Spanish origin                                                                
 Not Hispanic, Latino/a, or Spanish origin                                                                
 Not Hispanic, Latino/a, or Spanish origin                                                                
 Not Hispanic, Latino/a, or Spanish origin                                                                
 Not Hispanic, Latino/a, or Spanish origin                                                                
 Other Hispanic, Latino/a, or Spanish origin                                                              
 Not Hispanic, Latino/a, or Spanish origin                                                                
 Not Hispanic, Latino/a, or Spanish origin                                                                
 Non-Hispanic                                                                                             
 Mexican, Mexican American, or Chicano/a                                                                  
 Not Hispanic, Latino/a, or Spanish origin                                                                
 Not Hispanic, Latino/a, or Spanish origin                                                                
 Not Hispanic, Latino/a, or Spanish origin                                                                
 Not Hispanic, Latino/a, or Spanish origin                                                                
 c("Race", "White", "White", "White", "White", "White", "Black", 
 Race                                                            
 White                                                           
 White                                                           
 White                                                           
 White                                                           
 White                                                           
 Black                                                           
 White                                                           
 Black                                                           
 Black                                                           
 White                                                           
 Other                                                           
 White                                                           
 White                                                           
                                                                 
 White                                                           
 White                                                           
 Black                                                           
 Asian                                                           
 White                                                           
 c("Nationality", "White, NOS", "White, NOS", "North American", 
 Nationality                                                    
 White, NOS                                                     
 White, NOS                                                     
 North American                                                 
 South/Central American                                         
 North American                                                 
 African American                                               
 North American                                                 
 Black, NOS                                                     
 Black, NOS                                                     
 White, NOS                                                     
                                                                
 North American                                                 
 White, NOS                                                     
                                                                
 White, NOS                                                     
 White, NOS                                                     
 Black, NOS                                                     
 Asian Indian (India)                                           
 North American                                                 
 c("Age at first diagnosis", "6 Yrs 7 Mos", "15 Yrs 8 Mos", "0 Yrs 3 Mos", 
 Age at first diagnosis                                                    
 6 Yrs 7 Mos                                                               
 15 Yrs 8 Mos                                                              
 0 Yrs 3 Mos                                                               
 3 Yrs 5 Mos                                                               
 1 Yrs 1 Mos                                                               
 1 Yrs 7 Mos                                                               
 12 Yrs 8 Mos                                                              
 8 Yrs 2 Mos                                                               
 19 Yrs 3 Mos                                                              
 7 Yrs 1 Mos                                                               
 6 Yrs 4 Mos                                                               
 12 Yrs 3 Mos                                                              
 16 Yrs 10 Mos                                                             
                                                                           
 17 Yrs 1 Mos                                                              
 14 Yrs 11 Mos                                                             
 16 Yrs 1 Mos                                                              
 2 Yrs 5 Mos                                                               
 1 Yrs 2 Mos                                                               
 c("Pediatric age sub-group", "Middle childhood", "Early adolescence", 
 Pediatric age sub-group                                               
 Middle childhood                                                      
 Early adolescence                                                     
 Infant                                                                
 Early childhood                                                       
 Toddler                                                               
 Toddler                                                               
 Early adolescence                                                     
 Middle childhood                                                      
 Late adolescence                                                      
 Middle childhood                                                      
 Middle childhood                                                      
 Early adolescence                                                     
 Late adolescence                                                      
                                                                       
 Late adolescence                                                      
 Early adolescence                                                     
 Late adolescence                                                      
 Early childhood                                                       
 Toddler                                                               


========================================
Sheet: S4B - Demographic summary
========================================
dim: 37 rows x 4 cols
 c("Demographic Factor", "Sex", "", "Age at initial diagnosis", 
 Demographic Factor                                             
 Sex                                                            
                                                                
 Age at initial diagnosis                                       
 (year)                                                         
                                                                
 Pediatric sub-groups                                           
 (age range)                                                    
                                                                
                                                                
                                                                
                                                                
 Ethnicity                                                      
                                                                
                                                                
                                                                
                                                                
                                                                
                                                                
 Nationality                                                    
 c("Values/Categories", "Male", "Female", "Median: 8", "Range: 1 - 20", 
 Values/Categories                                                      
 Male                                                                   
 Female                                                                 
 Median: 8                                                              
 Range: 1 - 20                                                          
 IQR: 3 - 12                                                            
 Middle childhood (6 to < 11 years)                                     
 Early adolescence (11 to < 16 years)                                   
 Early childhood (2 to < 6 years)                                       
 Toddler (1 to < 2 years)                                               
 Late adolescence (16 to < 21 years)                                    
 Infant (1 month to < 1 year)                                           
 Not Hispanic, Latino/a, or Spanish origin                              
 South or Central American                                              
 Other Hispanic, Latino/a, or Spanish origin                            
 Mexican, Mexican American, or Chicano/a                                
 Puerto Rican                                                           
 Non-Hispanic                                                           
 Hispanic or Latino                                                     
 White, NOS                                                             
 c("Number a", "66", "47", "", "", "", "36", "26", "17", "13", 
 Number a                                                      
 66                                                            
 47                                                            
                                                               
                                                               
                                                               
 36                                                            
 26                                                            
 17                                                            
 13                                                            
 12                                                            
 7                                                             
 97                                                            
 5                                                             
 4                                                             
 3                                                             
 2                                                             
 1                                                             
 1                                                             
 42                                                            
 c("%", "58.41", "41.59", "", "", "", "32.43", "23.42", "15.32", 
 %                                                               
 58.41                                                           
 41.59                                                           
                                                                 
                                                                 
                                                                 
 32.43                                                           
 23.42                                                           
 15.32                                                           
 11.71                                                           
 10.81                                                           
 6.31                                                            
 85.84                                                           
 4.42                                                            
 3.54                                                            
 2.65                                                            
 1.77                                                            
 0.88                                                            
 0.88                                                            
 38.89                                                           


========================================
Sheet: S4C-Diagnostic yield SNVInDel
========================================
dim: 153 rows x 21 cols
 c("Sr. No.", "1", "2", "3", "4", "5", "6", "7", "8", "9", "10", 
 Sr. No.                                                         
 1                                                               
 2                                                               
 3                                                               
 4                                                               
 5                                                               
 6                                                               
 7                                                               
 8                                                               
 9                                                               
 10                                                              
 11                                                              
 12                                                              
 13                                                              
 14                                                              
 15                                                              
 16                                                              
 17                                                              
 18                                                              
 19                                                              
 c("Case ID", "SJNBL117", "SJMB002", "SJNBL030014", "SJAML030006", 
 Case ID                                                           
 SJNBL117                                                          
 SJMB002                                                           
 SJNBL030014                                                       
 SJAML030006                                                       
 SJMEL001004                                                       
 SJAML030024                                                       
 SJMB028                                                           
 SJMB028                                                           
 SJTALL077                                                         
 SJAML030024                                                       
 SJMB009                                                           
 SJCBF100                                                          
 SJCBF100                                                          
 SJDOWN013                                                         
 SJDOWN013                                                         
 SJDOWN013                                                         
 SJNBL101                                                          
 SJAML030004                                                       
 SJCBF041                                                          
 c("Samples", "D1.G1", "D1.G1", "D1.G1", "D1", "D1.G1", "D1", 
 Samples                                                      
 D1.G1                                                        
 D1.G1                                                        
 D1.G1                                                        
 D1                                                           
 D1.G1                                                        
 D1                                                           
 D1                                                           
 D1                                                           
 D1                                                           
 D1                                                           
 D1                                                           
 D1                                                           
 D1                                                           
 D1.G1                                                        
 D1.G1                                                        
 D1.G1                                                        
 D1.G1                                                        
 D1.G1                                                        
 D1.G1                                                        
 c("Cohort", "PILOT", "PILOT", "PILOT", "PILOT", "PILOT", "PILOT", 
 Cohort                                                            
 PILOT                                                             
 PILOT                                                             
 PILOT                                                             
 PILOT                                                             
 PILOT                                                             
 PILOT                                                             
 PILOT                                                             
 PILOT                                                             
 PILOT                                                             
 PILOT                                                             
 PILOT                                                             
 PILOT                                                             
 PILOT                                                             
 PILOT                                                             
 PILOT                                                             
 PILOT                                                             
 PILOT                                                             
 PILOT                                                             
 PILOT                                                             
 c("Cancer category", "Solid tumor", "Brain tumor", "Solid tumor", 
 Cancer category                                                   
 Solid tumor                                                       
 Brain tumor                                                       
 Solid tumor                                                       
 Heme                                                              
 Solid tumor                                                       
 Heme                                                              
 Brain tumor                                                       
 Brain tumor                                                       
 Heme                                                              
 Heme                                                              
 Brain tumor                                                       
 Heme                                                              
 Heme                                                              
 Heme                                                              
 Heme                                                              
 Heme                                                              
 Solid tumor                                                       
 Heme                                                              
 Heme                                                              
 c("Cancer subtype", "NBL", "MB", "NBL", "AML", "MEL", "AML", 
 Cancer subtype                                               
 NBL                                                          
 MB                                                           
 NBL                                                          
 AML                                                          
 MEL                                                          
 AML                                                          
 MB                                                           
 MB                                                           
 T-ALL                                                        
 AML                                                          
 MB                                                           
 AML                                                          
 AML                                                          
 B-ALL                                                        
 B-ALL                                                        
 B-ALL                                                        
 NBL                                                          
 AML                                                          
 AML                                                          
 c("Chrom", "chr2", "chr5", "chrX", "chrX", "chr7", "chr19", "chr16", 
 Chrom                                                                
 chr2                                                                 
 chr5                                                                 
 chrX                                                                 
 chrX                                                                 
 chr7                                                                 
 chr19                                                                
 chr16                                                                
 chr3                                                                 
 chr4                                                                 
 chr2                                                                 
 chrX                                                                 
 chr10                                                                
 chr4                                                                 
 chr1                                                                 
 chr12                                                                
 chr3                                                                 
 chr17                                                                
 chr1                                                                 
 chr1                                                                 
 c("Position (hg19)", "29443695", "112174096", "76938297", "39911641", 
 Position (hg19)                                                       
 29443695                                                              
 112174096                                                             
 76938297                                                              
 39911641                                                              
 140453136                                                             
 33793146                                                              
 3832811                                                               
 41266101                                                              
 153247366                                                             
 209113113                                                             
 44945110                                                              
 112362632                                                             
 55599321                                                              
 65312347                                                              
 11992172                                                              
 47158125                                                              
 29541511                                                              
 115258747                                                             
 115256530                                                             
 c("Reference Allele", "G", "C", "A", "C", "A", "C", "G", "C", 
 Reference Allele                                              
 G                                                             
 C                                                             
 A                                                             
 C                                                             
 A                                                             
 C                                                             
 G                                                             
 C                                                             
 C                                                             
 G                                                             
 G                                                             
 C                                                             
 A                                                             
 C                                                             
 G                                                             
 A                                                             
 G                                                             
 C                                                             
 G                                                             
 c("Alternate Allele", "T", "A", "C", "T", "T", "A", "A", "A", 
 Alternate Allele                                              
 T                                                             
 A                                                             
 C                                                             
 T                                                             
 T                                                             
 A                                                             
 A                                                             
 A                                                             
 T                                                             
 A                                                             
 A                                                             
 T                                                             
 T                                                             
 A                                                             
 T                                                             
 C                                                             
 T                                                             
 T                                                             
 T                                                             
 c("Position Covered in Panel?", "Y", "Y", "Y", "Y", "Y", "Y", 
 Position Covered in Panel?                                    
 Y                                                             
 Y                                                             
 Y                                                             
 Y                                                             
 Y                                                             
 Y                                                             
 Y                                                             
 Y                                                             
 Y                                                             
 Y                                                             
 Y                                                             
 Y                                                             
 Y                                                             
 Y                                                             
 Y                                                             
 Y                                                             
 Y                                                             
 Y                                                             
 Y                                                             
 c("Type", "SNV", "SNV", "SNV", "SNV", "SNV", "SNV", "SNV", "SNV", 
 Type                                                              
 SNV                                                               
 SNV                                                               
 SNV                                                               
 SNV                                                               
 SNV                                                               
 SNV                                                               
 SNV                                                               
 SNV                                                               
 SNV                                                               
 SNV                                                               
 SNV                                                               
 SNV                                                               
 SNV                                                               
 SNV                                                               
 SNV                                                               
 SNV                                                               
 SNV                                                               
 SNV                                                               
 SNV                                                               
 c("Alternate allele count", "233", "1611", "786", "951", "1907", 
 Alternate allele count                                           
 233                                                              
 1611                                                             
 786                                                              
 951                                                              
 1907                                                             
 882                                                              
 1306                                                             
 1320                                                             
 748                                                              
 687                                                              
 1279                                                             
 481                                                              
 315                                                              
 606                                                              
 1278                                                             
 639                                                              
 622                                                              
 617                                                              
 210                                                              
 c("Depth", "1969", "1648", "1864", "2308", "3135", "966", "2608", 
 Depth                                                             
 1969                                                              
 1648                                                              
 1864                                                              
 2308                                                              
 3135                                                              
 966                                                               
 2608                                                              
 2777                                                              
 2096                                                              
 1259                                                              
 1402                                                              
 2513                                                              
 1570                                                              
 1490                                                              
 2772                                                              
 1552                                                              
 873                                                               
 2436                                                              
 1585                                                              
 c("VAF", "0.1183", "0.97750000000000004", "0.42170000000000002", 
 VAF                                                              
 0.1183                                                           
 0.97750000000000004                                              
 0.42170000000000002                                              
 0.41199999999999998                                              
 0.60829999999999995                                              
 0.91300000000000003                                              
 0.50080000000000002                                              
 0.4753                                                           
 0.3569                                                           
 0.54569999999999996                                              
 0.9123                                                           
 0.19139999999999999                                              
 0.2006                                                           
 0.40670000000000001                                              
 0.46100000000000002                                              
 0.41170000000000001                                              
 0.71250000000000002                                              
 0.25330000000000003                                              
 0.13250000000000001                                              
 c("Medal", "Gold", "Gold", "Gold", "Gold", "Gold", "Gold", "Gold", 
 Medal                                                              
 Gold                                                               
 Gold                                                               
 Gold                                                               
 Gold                                                               
 Gold                                                               
 Gold                                                               
 Gold                                                               
 Gold                                                               
 Gold                                                               
 Gold                                                               
 Gold                                                               
 Gold                                                               
 Gold                                                               
 Gold                                                               
 Gold                                                               
 Bronze                                                             
 Gold                                                               
 Gold                                                               
 Gold                                                               
 c("Gene", "ALK", "APC", "ATRX", "BCOR", "BRAF", "CEBPA", "CREBBP", 
 Gene                                                               
 ALK                                                                
 APC                                                                
 ATRX                                                               
 BCOR                                                               
 BRAF                                                               
 CEBPA                                                              
 CREBBP                                                             
 CTNNB1                                                             
 FBXW7                                                              
 IDH1                                                               
 KDM6A                                                              
 SMC3                                                               
 KIT                                                                
 JAK1                                                               
 ETV6                                                               
 SETD2                                                              
 NF1                                                                
 NRAS                                                               
 NRAS                                                               
 c("Class", "missense", "nonsense", "nonsense", "nonsense", "missense", 
 Class                                                                  
 missense                                                               
 nonsense                                                               
 nonsense                                                               
 nonsense                                                               
 missense                                                               
 nonsense                                                               
 nonsense                                                               
 missense                                                               
 missense                                                               
 missense                                                               
 splice                                                                 
 missense                                                               
 missense                                                               
 missense                                                               
 nonsense                                                               
 missense                                                               
 nonsense                                                               
 missense                                                               
 missense                                                               
 c("AA Change", "F1174L", "Y935*", "Y817*", "W1629*", "V600E", 
 AA Change                                                     
 F1174L                                                        
 Y935*                                                         
 Y817*                                                         
 W1629*                                                        
 V600E                                                         
 E59*                                                          
 R483*                                                         
 S33Y                                                          
 R479Q                                                         
 R132C                                                         
 G1145_E24splice                                               
 S1116L                                                        
 D816V                                                         
 V658F                                                         
 E88*                                                          
 L1525R                                                        
 E479*                                                         
 G12D                                                          
 Q61K                                                          
 c("Transcript ID", "NM_004304.5", "NM_000038.6", "NM_000489.5", 
 Transcript ID                                                   
 NM_004304.5                                                     
 NM_000038.6                                                     
 NM_000489.5                                                     
 NM_017745.6                                                     
 NM_004333.6                                                     
 NM_004364.4                                                     
 NM_004380.3                                                     
 NM_001904.4                                                     
 NM_033632.3                                                     
 NM_005896.3                                                     
 NM_021140.3                                                     
 NM_005445.3                                                     
 NM_000222.2                                                     
 NM_002227.4                                                     
 NM_001987.5                                                     
 NM_014159.6                                                     
 NM_000267.3                                                     
 NM_002524.5                                                     
 NM_002524.5                                                     
 c("*Comment", "", "", "", "", "", "", "", "", "", "", "", "",                   
 *Comment                                                                        
                                                                                 
                                                                                 
                                                                                 
                                                                                 
                                                                                 
                                                                                 
                                                                                 
                                                                                 
                                                                                 
                                                                                 
                                                                                 
                                                                                 
 Reported cohort mentioned AAChange as D812V in the published Supp. Table; cor...
                                                                                 
                                                                                 
                                                                                 
                                                                                 
                                                                                 
                                                                                 


========================================
Sheet: S4D - Diagnostic yield SV
========================================
dim: 60 rows x 22 cols
 c("Sr. No.", "1", "2", "3", "4", "5", "6", "7", "8", "9", "10", 
 Sr. No.                                                         
 1                                                               
 2                                                               
 3                                                               
 4                                                               
 5                                                               
 6                                                               
 7                                                               
 8                                                               
 9                                                               
 10                                                              
 11                                                              
 12                                                              
 13                                                              
 14                                                              
 15                                                              
 16                                                              
 17                                                              
 18                                                              
 19                                                              
 c("Case ID", "SJALCL030011", "SJAML030004", "SJAML030004", "SJAML030006", 
 Case ID                                                                   
 SJALCL030011                                                              
 SJAML030004                                                               
 SJAML030004                                                               
 SJAML030006                                                               
 SJASPS030009                                                              
 SJASPS030015                                                              
 SJCBF041                                                                  
 SJCBF100                                                                  
 SJDOWN013                                                                 
 SJDSRCT030010                                                             
 SJDSRCT030016                                                             
 SJEWS001303                                                               
 SJIFS030022                                                               
 SJMLL002                                                                  
 SJMPNST030013                                                             
 SJNBL030014                                                               
 SJPHCML030001                                                             
 SJPML030005                                                               
 SJRHB010                                                                  
 c("Samples", "D1.G1", "D1.G1", "D1.G1", "D1", "D1.G1", "D1.G1", 
 Samples                                                         
 D1.G1                                                           
 D1.G1                                                           
 D1.G1                                                           
 D1                                                              
 D1.G1                                                           
 D1.G1                                                           
 D1.G1                                                           
 D1                                                              
 D1.G1                                                           
 D1.G1                                                           
 D1.G1                                                           
 D1                                                              
 D1.G1                                                           
 D1                                                              
 D1                                                              
 D1.G1                                                           
 D1.G1                                                           
 D1.G1                                                           
 D1.G1                                                           
 c("Cohort", "PILOT", "PILOT", "PILOT", "PILOT", "PILOT", "PILOT", 
 Cohort                                                            
 PILOT                                                             
 PILOT                                                             
 PILOT                                                             
 PILOT                                                             
 PILOT                                                             
 PILOT                                                             
 PILOT                                                             
 PILOT                                                             
 PILOT                                                             
 PILOT                                                             
 PILOT                                                             
 PILOT                                                             
 PILOT                                                             
 PILOT                                                             
 PILOT                                                             
 PILOT                                                             
 PILOT                                                             
 PILOT                                                             
 PILOT                                                             
 c("Cancer category", "Heme", "Heme", "Heme", "Heme", "Solid tumor", 
 Cancer category                                                     
 Heme                                                                
 Heme                                                                
 Heme                                                                
 Heme                                                                
 Solid tumor                                                         
 Solid tumor                                                         
 Heme                                                                
 Heme                                                                
 Heme                                                                
 Solid tumor                                                         
 Solid tumor                                                         
 Solid tumor                                                         
 Solid tumor                                                         
 Heme                                                                
 Heme                                                                
 Solid tumor                                                         
 Heme                                                                
 Heme                                                                
 Solid tumor                                                         
 c("Cancer subtype", "ALCL", "AML", "AML", "AML", "ASPS", "ASPS", 
 Cancer subtype                                                   
 ALCL                                                             
 AML                                                              
 AML                                                              
 AML                                                              
 ASPS                                                             
 ASPS                                                             
 AML                                                              
 AML                                                              
 B-ALL                                                            
 DSRCT                                                            
 DSRCT                                                            
 EWS                                                              
 IFS                                                              
 T-ALL                                                            
 MPNST                                                            
 NBL                                                              
 CML                                                              
 AML                                                              
 RHB                                                              
 c("Gene/Fusion Pair", "NPM1::ALK", "KAT6A::CREBBP", "HBS1L::MYB", 
 Gene/Fusion Pair                                                  
 NPM1::ALK                                                         
 KAT6A::CREBBP                                                     
 HBS1L::MYB                                                        
 DEK::NUP214                                                       
 ASPSCR1::TFE3                                                     
 ASPSCR1::TFE3                                                     
 CBFB::MYH11                                                       
 RUNX1::RUNX1T1                                                    
 P2RY8::CRLF2                                                      
 EWSR1::WT1                                                        
 EWSR1::WT1                                                        
 EWSR1::ERG                                                        
 ETV6::NTRK3                                                       
 KMT2A::MLLT1                                                      
 PATZ1::EWSR1                                                      
 DNMT3A::DNMT3A                                                    
 BCR::ABL1                                                         
 PML::RARA                                                         
 PAX7::FOXO1                                                       
 c("Fusion/SV", "Subtype defining Fusion/SV", "Subtype defining Fusion/SV", 
 Fusion/SV                                                                  
 Subtype defining Fusion/SV                                                 
 Subtype defining Fusion/SV                                                 
 Subtype defining Fusion/SV                                                 
 Subtype defining Fusion/SV                                                 
 Subtype defining Fusion/SV                                                 
 Subtype defining Fusion/SV                                                 
 Subtype defining Fusion/SV                                                 
 Subtype defining Fusion/SV                                                 
 Subtype defining Fusion/SV                                                 
 Subtype defining Fusion/SV                                                 
 Subtype defining Fusion/SV                                                 
 Subtype defining Fusion/SV                                                 
 Subtype defining Fusion/SV                                                 
 Subtype defining Fusion/SV                                                 
 Subtype defining Fusion/SV                                                 
 Other SV                                                                   
 Subtype defining Fusion/SV                                                 
 Subtype defining Fusion/SV                                                 
 Subtype defining Fusion/SV                                                 
 c("Curated SV Breakpoint positions", "chr2.29447602.+.chr5.170819575.-.", 
 Curated SV Breakpoint positions                                           
 chr2.29447602.+.chr5.170819575.-.                                         
 chr8.41830768.-.chr16.3882003.+.TGACTCAGTT                                
 chr6.135336869.-.chr6.135526468.-.AT                                      
 chr6.18225456.-.chr9.134029067.+.                                         
 chr17.79965024.+.chrX.48894451.-.                                         
 chr17.79959212.+.chrX.48895836.-.                                         
 chr16.15815295.+.chr16.67128526.-.                                        
 chr21.36221606.-.chr8.93077845.-.TATATATAATATTAT                          
 chrX.1335078.+.chrX.1655366.+.GCCCCTTTTTTCCCC                             
 chr11.32414481.+.chr22.29684066.-.                                        
 chr11.32416257.+.chr22.29683765.-.                                        
 chr21.39767824.+.chr22.29683271.-.                                        
 chr12.12031384.+.chr15.88535746.-.                                        
 chr11.118357416.+.chr19.6294605.-.GGTCTCGG                                
 chr22.29685363.-.chr22.31740621.+.                                        
 chr2.25477071.+.chr2.25526377.+.TGA                                       
 chr9.133612217.-.chr22.23632555.-.T                                       
 chr15.74316083.+.chr17.38496091.+.                                        
 chr1.19057428.+.chr13.41210736.-.                                         
 c("SV Breakpoint A Position Covered in Panel?", "Y", "N", "N", 
 SV Breakpoint A Position Covered in Panel?                     
 Y                                                              
 N                                                              
 N                                                              
 N                                                              
 N                                                              
 N                                                              
 Y                                                              
 Y                                                              
 Y                                                              
 N                                                              
 N                                                              
 Y                                                              
 Y                                                              
 Y                                                              
 Y                                                              
 N                                                              
 N                                                              
 N                                                              
 Y                                                              
 c("Gene at Breakpoint A, if covered", "ALK", "", "", "", "", 
 Gene at Breakpoint A, if covered                             
 ALK                                                          
                                                              
                                                              
                                                              
                                                              
                                                              
 MYH11                                                        
 RUNX1                                                        
 CRLF2                                                        
                                                              
                                                              
 ERG                                                          
 ETV6                                                         
 KMT2A                                                        
 EWSR1                                                        
                                                              
                                                              
                                                              
 PAX7                                                         
 c("SV Breakpoint B Position Covered in Panel?", "N", "Y", "N", 
 SV Breakpoint B Position Covered in Panel?                     
 N                                                              
 Y                                                              
 N                                                              
 Y                                                              
 N                                                              
 N                                                              
 Y                                                              
 N                                                              
 Y                                                              
 Y                                                              
 Y                                                              
 Y                                                              
 Y                                                              
 N                                                              
 N                                                              
 N                                                              
 Y                                                              
 N                                                              
 Y                                                              
 c("Gene at Breakpoint B, if covered", "", "CREBBP", "", "NUP214", 
 Gene at Breakpoint B, if covered                                  
                                                                   
 CREBBP                                                            
                                                                   
 NUP214                                                            
                                                                   
                                                                   
 CBFB                                                              
                                                                   
 P2RY8                                                             
 EWSR1                                                             
 EWSR1                                                             
 EWSR1                                                             
 NTRK3                                                             
                                                                   
                                                                   
                                                                   
 BCR                                                               
                                                                   
 FOXO1                                                             
 c("Either breakpoint covered by Panel?", "Y", "Y", "N", "Y", 
 Either breakpoint covered by Panel?                          
 Y                                                            
 Y                                                            
 N                                                            
 Y                                                            
 N                                                            
 N                                                            
 Y                                                            
 Y                                                            
 Y                                                            
 Y                                                            
 Y                                                            
 Y                                                            
 Y                                                            
 Y                                                            
 Y                                                            
 N                                                            
 Y                                                            
 N                                                            
 Y                                                            
 c("Detected using SJPedPanel?", "Y", "Y", "N", "Y", "N", "N", 
 Detected using SJPedPanel?                                    
 Y                                                             
 Y                                                             
 N                                                             
 Y                                                             
 N                                                             
 N                                                             
 Y                                                             
 N                                                             
 Y                                                             
 Y                                                             
 Y                                                             
 Y                                                             
 Y                                                             
 Y                                                             
 Y                                                             
 N                                                             
 Y                                                             
 N                                                             
 Y                                                             
 c("Alternate allele count", "209", "31", "", "316", "", "", "356", 
 Alternate allele count                                             
 209                                                                
 31                                                                 
                                                                    
 316                                                                
                                                                    
                                                                    
 356                                                                
 0                                                                  
 7                                                                  
 273                                                                
 432                                                                
 706                                                                
 197                                                                
 118                                                                
 340                                                                
                                                                    
 146                                                                
                                                                    
 2891                                                               
 c("Depth", "634", "670", "", "826", "", "", "1807", "21", "776", 
 Depth                                                            
 634                                                              
 670                                                              
                                                                  
 826                                                              
                                                                  
                                                                  
 1807                                                             
 21                                                               
 776                                                              
 918                                                              
 950                                                              
 1707                                                             
 2000                                                             
 202                                                              
 909                                                              
                                                                  
 560                                                              
                                                                  
 3075                                                             
 c("VAF", "0.32969999999999999", "4.6268656716417909E-2", "", 
 VAF                                                          
 0.32969999999999999                                          
 4.6268656716417909E-2                                        
                                                              
 0.3826                                                       
                                                              
                                                              
 0.19700000000000001                                          
 0                                                            
 8.9999999999999993E-3                                        
 0.2974                                                       
 0.45469999999999999                                          
 0.41360000000000002                                          
 9.8500000000000004E-2                                        
 0.58420000000000005                                          
 0.374                                                        
                                                              
 0.26069999999999999                                          
                                                              
 0.94020000000000004                                          
 c("Comment / Description from the respective Cohort's Supp. Table", 
 Comment / Description from the respective Cohort's Supp. Table      
 Y                                                                   
 Y                                                                   
 Y                                                                   
 Y                                                                   
 Y                                                                   
 Y                                                                   
 Y                                                                   
 Rescue                                                              
 Y                                                                   
 Y                                                                   
 Y                                                                   
 Y                                                                   
 Y                                                                   
 Complex                                                             
 Y                                                                   
 Y                                                                   
 Y                                                                   
 Y                                                                   
 Y                                                                   
 c("Initial SV Breakpoint positions", "chr2.29447602.+.chr5.170819579.-", 
 Initial SV Breakpoint positions                                          
 chr2.29447602.+.chr5.170819579.-                                         
 chr16.3929205.+.chr8.41793268.+                                          
 chr6.135526468.+.chr6.135336867.+                                        
 chr9.134029064.-.chr6.18225456.+                                         
 chr17.79965024.+.chrX.48894453.-                                         
 chrX.48895843.+.chr17.79959211.-                                         
 chr16.15815295.+.chr16.67128530.-                                        
                                                                          
 chrX.1335078.+.chrX.1655366.+                                            
 chr11.32414481.+.chr22.29684066.-                                        
 chr22.29683766.+.chr11.32416257.-                                        
 chr22.29683271.+.chr21.39767824.-                                        
 chr12.12031384.+.chr15.88535746.-                                        
 chr11.118357230.-.chr19.6294599.+                                        
 chr22.31740621.-.chr22.29685363.+                                        
 chr2.25477071.+.chr2.25526377.+                                          
 chr22.23632555.+.chr9.133612217.+                                        
 chr15.74316083.+.chr17.38496086.+                                        
 chr13.41210741.+.chr1.19057428.-                                         
 c("Type", "Somatic SV", "Somatic SV", "Somatic SV", "Somatic SV", 
 Type                                                              
 Somatic SV                                                        
 Somatic SV                                                        
 Somatic SV                                                        
 Somatic SV                                                        
 Somatic SV                                                        
 Somatic SV                                                        
 Somatic SV                                                        
 Somatic SV                                                        
 Somatic SV                                                        
 Somatic SV                                                        
 Somatic SV                                                        
 Somatic SV                                                        
 Somatic SV                                                        
 Somatic SV                                                        
 Somatic SV                                                        
 Somatic SV                                                        
 Somatic SV                                                        
 Somatic SV                                                        
 Somatic SV                                                        
 c("Comments", "", "", "", "", "", "", "", "Not enough depth of coverage in repeat region of RUNX1 breakpoint", 
 Comments                                                                                                       
                                                                                                                
                                                                                                                
                                                                                                                
                                                                                                                
                                                                                                                
                                                                                                                
                                                                                                                
 Not enough depth of coverage in repeat region of RUNX1 breakpoint                                              
                                                                                                                
                                                                                                                
                                                                                                                
                                                                                                                
                                                                                                                
                                                                                                                
                                                                                                                
                                                                                                                
                                                                                                                
                                                                                                                
                                                                                                                


========================================
Sheet: S4E - Diagnostic yield CNV
========================================
dim: 174 rows x 29 cols
 c("", "Sr. No.", "1", "2", "3", "4", "5", "6", "7", "8", "9", 
                                                               
 Sr. No.                                                       
 1                                                             
 2                                                             
 3                                                             
 4                                                             
 5                                                             
 6                                                             
 7                                                             
 8                                                             
 9                                                             
 10                                                            
 11                                                            
 12                                                            
 13                                                            
 14                                                            
 15                                                            
 16                                                            
 17                                                            
 18                                                            
 c("", "Case ID", "SJAML030025", "SJAML030025", "SJAML030025", 
                                                               
 Case ID                                                       
 SJAML030025                                                   
 SJAML030025                                                   
 SJAML030025                                                   
 SJBALL237                                                     
 SJBALL237                                                     
 SJBALL237                                                     
 SJBALL237                                                     
 SJDOWN013                                                     
 SJDOWN013                                                     
 SJDOWN013                                                     
 SJDOWN013                                                     
 SJDOWN013                                                     
 SJHYPO117                                                     
 SJMB002                                                       
 SJMB009                                                       
 SJMB009                                                       
 SJMB028                                                       
 SJMB030020                                                    
 c("", "Samples", "D1.G1", "D1.G1", "D1.G1", "D1.G1", "D1.G1", 
                                                               
 Samples                                                       
 D1.G1                                                         
 D1.G1                                                         
 D1.G1                                                         
 D1.G1                                                         
 D1.G1                                                         
 D1.G1                                                         
 D1.G1                                                         
 D1.G1                                                         
 D1.G1                                                         
 D1.G1                                                         
 D1.G1                                                         
 D1.G1                                                         
 D1                                                            
 D1.G1                                                         
 D1                                                            
 D1                                                            
 D1                                                            
 D1.G1                                                         
 c("", "Cohort", "PILOT", "PILOT", "PILOT", "PILOT", "PILOT", 
                                                              
 Cohort                                                       
 PILOT                                                        
 PILOT                                                        
 PILOT                                                        
 PILOT                                                        
 PILOT                                                        
 PILOT                                                        
 PILOT                                                        
 PILOT                                                        
 PILOT                                                        
 PILOT                                                        
 PILOT                                                        
 PILOT                                                        
 PILOT                                                        
 PILOT                                                        
 PILOT                                                        
 PILOT                                                        
 PILOT                                                        
 PILOT                                                        
 c("", "Cancer category", "Heme", "Heme", "Heme", "Heme", "Heme", 
                                                                  
 Cancer category                                                  
 Heme                                                             
 Heme                                                             
 Heme                                                             
 Heme                                                             
 Heme                                                             
 Heme                                                             
 Heme                                                             
 Heme                                                             
 Heme                                                             
 Heme                                                             
 Heme                                                             
 Heme                                                             
 Heme                                                             
 Brain tumor                                                      
 Brain tumor                                                      
 Brain tumor                                                      
 Brain tumor                                                      
 Brain tumor                                                      
 c("", "Cancer subtype", "AML", "AML", "AML", "B-ALL", "B-ALL", 
                                                                
 Cancer subtype                                                 
 AML                                                            
 AML                                                            
 AML                                                            
 B-ALL                                                          
 B-ALL                                                          
 B-ALL                                                          
 B-ALL                                                          
 B-ALL                                                          
 B-ALL                                                          
 B-ALL                                                          
 B-ALL                                                          
 B-ALL                                                          
 B-ALL                                                          
 MB                                                             
 MB                                                             
 MB                                                             
 MB                                                             
 MB                                                             
 c("", "Type", "Somatic CNA", "Somatic SV / CNA", "Somatic SV / CNA", 
                                                                      
 Type                                                                 
 Somatic CNA                                                          
 Somatic SV / CNA                                                     
 Somatic SV / CNA                                                     
 Somatic SV / CNA                                                     
 Somatic SV / CNA                                                     
 Somatic SV / CNA                                                     
 Somatic SV / CNA                                                     
 Germline CNA                                                         
 Somatic SV / CNA                                                     
 Somatic SV / CNA                                                     
 Somatic SV / CNA                                                     
 Somatic SV / CNA                                                     
 Somatic CNA                                                          
 Somatic CNA                                                          
 Somatic CNA                                                          
 Somatic CNA                                                          
 Somatic CNA                                                          
 Somatic CNA                                                          
 c("", "Gene/Locus", "5q", "CDKN2A", "KDM6A", "chr21", "CDKN2A", 
                                                                 
 Gene/Locus                                                      
 5q                                                              
 CDKN2A                                                          
 KDM6A                                                           
 chr21                                                           
 CDKN2A                                                          
 ETV6                                                            
 RB1                                                             
 chr21                                                           
 CD200/BTLA                                                      
 CREBBP                                                          
 EBF1                                                            
 USP9X                                                           
 Hypodiploid                                                     
 chr6                                                            
 17p                                                             
 17q                                                             
 chr6                                                            
 17p                                                             
 c("", "Size of CNA", "Arm / Chromosome", "Gene-centric / Focal", 
                                                                  
 Size of CNA                                                      
 Arm / Chromosome                                                 
 Gene-centric / Focal                                             
 Gene-centric / Focal                                             
 Arm / Chromosome                                                 
 Gene-centric / Focal                                             
 Gene-centric / Focal                                             
 Gene-centric / Focal                                             
 Arm / Chromosome                                                 
 Gene-centric / Focal                                             
 Gene-centric / Focal                                             
 Gene-centric / Focal                                             
 Gene-centric / Focal                                             
 Arm / Chromosome                                                 
 Arm / Chromosome                                                 
 Arm / Chromosome                                                 
 Arm / Chromosome                                                 
 Arm / Chromosome                                                 
 Arm / Chromosome                                                 
 c("", "Type of change", "LOSS", "LOSS", "LOSS", "GAIN", "LOSS", 
                                                                 
 Type of change                                                  
 LOSS                                                            
 LOSS                                                            
 LOSS                                                            
 GAIN                                                            
 LOSS                                                            
 LOSS                                                            
 LOSS                                                            
 GAIN                                                            
 LOSS                                                            
 LOSS                                                            
 LOSS                                                            
 LOSS                                                            
 LOSS                                                            
 LOSS                                                            
 LOSS                                                            
 GAIN                                                            
 LOSS                                                            
 LOSS                                                            
 c("", "Abnormal Finding", "Deletion, Arm-level", "Deletion or Disruption", 
                                                                            
 Abnormal Finding                                                           
 Deletion, Arm-level                                                        
 Deletion or Disruption                                                     
 Deletion or Disruption                                                     
 Amplification                                                              
 Deletion or Disruption                                                     
 Deletion or Disruption                                                     
 Deletion or Disruption                                                     
 Duplication, Whole Chromosome                                              
 Deletion or Disruption                                                     
 Deletion or Disruption                                                     
 Deletion or Disruption                                                     
 Deletion or Disruption                                                     
 Deletion, Whole Chromosome                                                 
 Deletion, Whole Chromosome                                                 
 Deletion, Arm-level                                                        
 Duplication, Arm-level                                                     
 Deletion, Whole Chromosome                                                 
 Deletion, Arm-level                                                        
 c("", "Covered in Panel?", "Y, Regions + SNPs", "Y", "Y", "Y, Regions + SNPs", 
                                                                                
 Covered in Panel?                                                              
 Y, Regions + SNPs                                                              
 Y                                                                              
 Y                                                                              
 Y, Regions + SNPs                                                              
 Y                                                                              
 Y                                                                              
 Y                                                                              
 Y, Regions + SNPs                                                              
 Y                                                                              
 Y                                                                              
 Y                                                                              
 Y                                                                              
 Y, Regions + SNPs                                                              
 Y, Regions + SNPs                                                              
 Y, Regions + SNPs                                                              
 Y, Regions + SNPs                                                              
 Y, Regions + SNPs                                                              
 Y, Regions + SNPs                                                              
 c("", "Detected using SJPedPanel data", "Y", "Y", "Y", "Y", "Y", 
                                                                  
 Detected using SJPedPanel data                                   
 Y                                                                
 Y                                                                
 Y                                                                
 Y                                                                
 Y                                                                
 N                                                                
 Y                                                                
 Y                                                                
 Y                                                                
 Y                                                                
 Y                                                                
 N                                                                
 Y                                                                
 Y                                                                
 Y                                                                
 Y                                                                
 Y                                                                
 Y                                                                
 c("", "Method of detection/review", "CNVkit + manual review", 
                                                               
 Method of detection/review                                    
 CNVkit + manual review                                        
 CNVkit                                                        
 CNVkit                                                        
 CNVkit + manual review                                        
 CNVkit                                                        
 CNVkit                                                        
 CNVkit                                                        
 CNVkit + manual review                                        
 SV support                                                    
 CNVkit and SV support                                         
 SV support                                                    
 CNVkit                                                        
 CNVkit + manual review                                        
 CNVkit + manual review                                        
 CNVkit + manual review                                        
 CNVkit + manual review                                        
 CNVkit + manual review                                        
 CNVkit + manual review                                        
 c("", "Comment", "", "", "", "", "", "", "", "", "", "", "", 
                                                              
 Comment                                                      
                                                              
                                                              
                                                              
                                                              
                                                              
                                                              
                                                              
                                                              
                                                              
                                                              
                                                              
 Rescuable by bin level analysis                              
                                                              
                                                              
                                                              
                                                              
                                                              
                                                              
 c("CNVkit Segment CNV call output", "chrom", "", "9", "X", "", 
 CNVkit Segment CNV call output                                 
 chrom                                                          
                                                                
 9                                                              
 X                                                              
                                                                
 9                                                              
 12                                                             
 13                                                             
                                                                
                                                                
 16                                                             
                                                                
 X                                                              
                                                                
                                                                
                                                                
                                                                
                                                                
                                                                
 c("", "start", "", "21278308", "44834465", "", "21991490", "150500", 
                                                                      
 start                                                                
                                                                      
 21278308                                                             
 44834465                                                             
                                                                      
 21991490                                                             
 150500                                                               
 49012205                                                             
                                                                      
                                                                      
 3875317                                                              
                                                                      
 150500                                                               
                                                                      
                                                                      
                                                                      
                                                                      
                                                                      
                                                                      
 c("", "end", "", "22557587", "44879985", "", "22009758", "34837051", 
                                                                      
 end                                                                  
                                                                      
 22557587                                                             
 44879985                                                             
                                                                      
 22009758                                                             
 34837051                                                             
 49054230                                                             
                                                                      
                                                                      
 8754383                                                              
                                                                      
 58557579                                                             
                                                                      
                                                                      
                                                                      
                                                                      
                                                                      
                                                                      
 c("", "log2", "", "-6.7471899999999998", "-4.3718700000000004", 
                                                                 
 log2                                                            
                                                                 
 -6.7471899999999998                                             
 -4.3718700000000004                                             
                                                                 
 -3.6505200000000002                                             
 -1.789E-3                                                       
 -4.7610400000000004                                             
                                                                 
                                                                 
 -0.74824000000000002                                            
                                                                 
 5.6806000000000002E-2                                           
                                                                 
                                                                 
                                                                 
                                                                 
                                                                 
                                                                 
 c("", "probes", "", "99", "4", "", "28", "667", "11", "", "", 
                                                               
 probes                                                        
                                                               
 99                                                            
 4                                                             
                                                               
 28                                                            
 667                                                           
 11                                                            
                                                               
                                                               
 137                                                           
                                                               
 959                                                           
                                                               
                                                               
                                                               
                                                               
                                                               
                                                               
 c("", "weight", "", "97.779200000000003", "3.9696799999999999", 
                                                                 
 weight                                                          
                                                                 
 97.779200000000003                                              
 3.9696799999999999                                              
                                                                 
 27.8703                                                         
 661.62800000000004                                              
 10.923299999999999                                              
                                                                 
                                                                 
 126.83499999999999                                              
                                                                 
 815.51499999999999                                              
                                                                 
                                                                 
                                                                 
                                                                 
                                                                 
                                                                 
 c("CNVkit log2 ratio absolute threshold", "0.25", "", "Y", "Y", 
 CNVkit log2 ratio absolute threshold                            
 0.25                                                            
                                                                 
 Y                                                               
 Y                                                               
                                                                 
 Y                                                               
 N                                                               
 Y                                                               
                                                                 
                                                                 
 Y                                                               
                                                                 
 N                                                               
                                                                 
                                                                 
                                                                 
                                                                 
                                                                 
                                                                 
 c("", "0.5", "", "Y", "Y", "", "Y", "N", "Y", "", "", "Y", "", 
                                                                
 0.5                                                            
                                                                
 Y                                                              
 Y                                                              
                                                                
 Y                                                              
 N                                                              
 Y                                                              
                                                                
                                                                
 Y                                                              
                                                                
 N                                                              
                                                                
                                                                
                                                                
                                                                
                                                                
                                                                
 c("", "0.75", "", "Y", "Y", "", "Y", "N", "Y", "", "", "Y", "", 
                                                                 
 0.75                                                            
                                                                 
 Y                                                               
 Y                                                               
                                                                 
 Y                                                               
 N                                                               
 Y                                                               
                                                                 
                                                                 
 Y                                                               
                                                                 
 N                                                               
                                                                 
                                                                 
                                                                 
                                                                 
                                                                 
                                                                 
 c("", "1", "", "Y", "Y", "", "Y", "N", "Y", "", "", "N", "", 
                                                              
 1                                                            
                                                              
 Y                                                            
 Y                                                            
                                                              
 Y                                                            
 N                                                            
 Y                                                            
                                                              
                                                              
 N                                                            
                                                              
 N                                                            
                                                              
                                                              
                                                              
                                                              
                                                              
                                                              
 c("SV details for CNAs, if available", "SV Breakpoints", "", 
 SV details for CNAs, if available                            
 SV Breakpoints                                               
                                                              
                                                              
 chrX.44835675.+.chrX.44884237.+                              
                                                              
 chr9.21975805.+.chr9.22009646.+                              
 chr12.11866209.+.chr12.11963348.+.                           
 chr13.48984557.+.chr13.49075308.+                            
                                                              
 chr3.112053671.+.chr3.112218477.+.AGGGGTAC                   
 chr16.3875381.+.chr16.4011138.+.GGGACGCGTACGGG               
 chr5.157799566.+.chr5.158528003.+.TC                         
 chrX.40856680.+.chrX.40965111.+.                             
                                                              
                                                              
                                                              
                                                              
                                                              
                                                              
 c("", "Alternate allele count", "", "", "", "", "", "", "", "", 
                                                                 
 Alternate allele count                                          
                                                                 
                                                                 
                                                                 
                                                                 
                                                                 
                                                                 
                                                                 
                                                                 
 5                                                               
 6                                                               
 20                                                              
                                                                 
                                                                 
                                                                 
                                                                 
                                                                 
                                                                 
                                                                 
 c("", "Depth", "", "", "", "", "", "", "", "", "1544", "678", 
                                                               
 Depth                                                         
                                                               
                                                               
                                                               
                                                               
                                                               
                                                               
                                                               
                                                               
 1544                                                          
 678                                                           
 817                                                           
                                                               
                                                               
                                                               
                                                               
                                                               
                                                               
                                                               
 c("", "VAF", "", "", "", "", "", "", "", "", "3.2000000000000002E-3", 
                                                                       
 VAF                                                                   
                                                                       
                                                                       
                                                                       
                                                                       
                                                                       
                                                                       
                                                                       
                                                                       
 3.2000000000000002E-3                                                 
 8.8000000000000005E-3                                                 
 2.4500000000000001E-2                                                 
                                                                       
                                                                       
                                                                       
                                                                       
                                                                       
                                                                       
                                                                       


========================================
Sheet: S4F - Diagnostic yield LOH
========================================
dim: 19 rows x 11 cols
 c("Sr. No.", "1", "2", "3", "4", "5", "6", "7", "8", "9", "10", 
 Sr. No.                                                         
 1                                                               
 2                                                               
 3                                                               
 4                                                               
 5                                                               
 6                                                               
 7                                                               
 8                                                               
 9                                                               
 10                                                              
 11                                                              
 12                                                              
 13                                                              
 14                                                              
 15                                                              
 16                                                              
 17                                                              
 18                                                              
 c("Case ID", "SJAML030006", "SJRB002", "SJGIST030018", "SJAML030120", 
 Case ID                                                               
 SJAML030006                                                           
 SJRB002                                                               
 SJGIST030018                                                          
 SJAML030120                                                           
 SJBT030066                                                            
 SJBT030067                                                            
 SJEPD030229                                                           
 SJEPD030292                                                           
 SJHGG030198                                                           
 SJHGG030242                                                           
 SJHGG030335                                                           
 SJHGG030336                                                           
 SJMB030087                                                            
 SJRHB030348                                                           
 SJST030246                                                            
 SJST030308                                                            
 SJWLM030138                                                           
 SJWLM030223                                                           
 c("Samples", "D1", "D1.G1", "D1.G1", "D1", "D1", "D1", "D1", 
 Samples                                                      
 D1                                                           
 D1.G1                                                        
 D1.G1                                                        
 D1                                                           
 D1                                                           
 D1                                                           
 D1                                                           
 D1                                                           
 D1                                                           
 D1                                                           
 D1                                                           
 D1                                                           
 D1                                                           
 D1                                                           
 D1                                                           
 D1                                                           
 D1                                                           
 D1                                                           
 c("Cohort", "PILOT", "PILOT", "PILOT", "G4K", "G4K", "G4K", "G4K", 
 Cohort                                                             
 PILOT                                                              
 PILOT                                                              
 PILOT                                                              
 G4K                                                                
 G4K                                                                
 G4K                                                                
 G4K                                                                
 G4K                                                                
 G4K                                                                
 G4K                                                                
 G4K                                                                
 G4K                                                                
 G4K                                                                
 G4K                                                                
 G4K                                                                
 G4K                                                                
 G4K                                                                
 G4K                                                                
 c("Cancer category", "Heme", "Solid tumor", "Solid tumor", "Heme", 
 Cancer category                                                    
 Heme                                                               
 Solid tumor                                                        
 Solid tumor                                                        
 Heme                                                               
 Brain tumor                                                        
 Brain tumor                                                        
 Brain tumor                                                        
 Brain tumor                                                        
 Brain tumor                                                        
 Brain tumor                                                        
 Brain tumor                                                        
 Brain tumor                                                        
 Brain tumor                                                        
 Solid tumor                                                        
 Solid tumor                                                        
 Solid tumor                                                        
 Solid tumor                                                        
 Solid tumor                                                        
 c("Cancer subtype", "AML", "RB", "GIST", "AML", "CNS-other", 
 Cancer subtype                                               
 AML                                                          
 RB                                                           
 GIST                                                         
 AML                                                          
 CNS-other                                                    
 CNS-other                                                    
 EPD                                                          
 EPD                                                          
 HGG                                                          
 HGG                                                          
 HGG                                                          
 HGG                                                          
 MB                                                           
 RHB                                                          
 ST-other                                                     
 ST-other                                                     
 WT                                                           
 WT                                                           
 c("Type", "Somatic LOH", "Somatic LOH", "Somatic LOH", "PloidyLOH", 
 Type                                                                
 Somatic LOH                                                         
 Somatic LOH                                                         
 Somatic LOH                                                         
 PloidyLOH                                                           
 PloidyLOH                                                           
 PloidyLOH                                                           
 PloidyLOH                                                           
 PloidyLOH                                                           
 PloidyLOH                                                           
 PloidyLOH                                                           
 PloidyLOH                                                           
 PloidyLOH                                                           
 PloidyLOH                                                           
 PloidyLOH                                                           
 PloidyLOH                                                           
 PloidyLOH                                                           
 PloidyLOH                                                           
 PloidyLOH                                                           
 c("Genomic region", "chr13", "13q", "5p", "LOH Full 6", "LOH Partial 17p", 
 Genomic region                                                             
 chr13                                                                      
 13q                                                                        
 5p                                                                         
 LOH Full 6                                                                 
 LOH Partial 17p                                                            
 LOH Partial 5p                                                             
 LOH Full 3                                                                 
 LOH Partial 9p                                                             
 LOH Full 17                                                                
 LOH Full 17                                                                
 LOH Partial 5q                                                             
 LOH Partial 1q                                                             
 LOH Full 9                                                                 
 LOH Full 5, 12, 17, 19, Partial 11p, 14q                                   
 LOH Partial 11p                                                            
 LOH Full 11                                                                
 LOH Partial 16q                                                            
 LOH Partial 1q                                                             
 c("Covered in Panel?", "SNPs", "SNPs", "SNPs", "SNPs", "SNPs", 
 Covered in Panel?                                              
 SNPs                                                           
 SNPs                                                           
 SNPs                                                           
 SNPs                                                           
 SNPs                                                           
 SNPs                                                           
 SNPs                                                           
 SNPs                                                           
 SNPs                                                           
 SNPs                                                           
 SNPs                                                           
 SNPs                                                           
 SNPs                                                           
 SNPs                                                           
 SNPs                                                           
 SNPs                                                           
 SNPs                                                           
 SNPs                                                           
 c("Detected using SJPedPanel data?", "Y", "Y", "Y", "Y", "Y", 
 Detected using SJPedPanel data?                               
 Y                                                             
 Y                                                             
 Y                                                             
 Y                                                             
 Y                                                             
 Y                                                             
 Y                                                             
 Y                                                             
 Y                                                             
 Y                                                             
 Y                                                             
 Y                                                             
 Y                                                             
 Y                                                             
 Y                                                             
 Y                                                             
 Y                                                             
 Y                                                             
 c("Method of detection/review", "Allelic imbalance figure", "Allelic imbalance figure", 
 Method of detection/review                                                              
 Allelic imbalance figure                                                                
 Allelic imbalance figure                                                                
 Allelic imbalance figure                                                                
 Allelic imbalance figure                                                                
 Allelic imbalance figure                                                                
 Allelic imbalance figure                                                                
 Allelic imbalance figure                                                                
 Allelic imbalance figure                                                                
 Allelic imbalance figure                                                                
 Allelic imbalance figure                                                                
 Allelic imbalance figure                                                                
 Allelic imbalance figure                                                                
 Allelic imbalance figure                                                                
 Allelic imbalance figure                                                                
 Allelic imbalance figure                                                                
 Allelic imbalance figure                                                                
 Allelic imbalance figure                                                                
 Allelic imbalance figure                                                                


========================================
Sheet: S4G - Diagnostic yield ITD
========================================
dim: 16 rows x 16 cols
 c("Sr. No.", "1", "2", "3", "4", "5", "6", "7", "8", "9", "10",                 
 Sr. No.                                                                         
 1                                                                               
 2                                                                               
 3                                                                               
 4                                                                               
 5                                                                               
 6                                                                               
 7                                                                               
 8                                                                               
 9                                                                               
 10                                                                              
                                                                                 
                                                                                 
 ΓÇá Davis, E.M., et al.┬áSequencErr: measuring and suppressing sequencer errors ...
 Rusch, M. et al. Clinical cancer genomic profiling by three-platform sequenci...
 Newman, S. et al. Genomes for Kids: The Scope of Pathogenic Mutations in Pedi...
 c("Case ID", "SJAML030186", "SJBT030148", "SJHGG030319", "SJMB030139", 
 Case ID                                                                
 SJAML030186                                                            
 SJBT030148                                                             
 SJHGG030319                                                            
 SJMB030139                                                             
 SJST030167                                                             
 SJAML030006                                                            
 SJCBF100                                                               
 SJMLL002                                                               
 SJMLL030007                                                            
 SJPML030005                                                            
                                                                        
                                                                        
                                                                        
                                                                        
                                                                        
 c("Samples", "D1", "D1", "D1", "D1", "D1", "D1", "D1", "D1", 
 Samples                                                      
 D1                                                           
 D1                                                           
 D1                                                           
 D1                                                           
 D1                                                           
 D1                                                           
 D1                                                           
 D1                                                           
 D1.G1                                                        
 D1.G1                                                        
                                                              
                                                              
                                                              
                                                              
                                                              
 c("Cohort", "G4K", "G4K", "G4K", "G4K", "G4K", "PILOT", "PILOT", 
 Cohort                                                           
 G4K                                                              
 G4K                                                              
 G4K                                                              
 G4K                                                              
 G4K                                                              
 PILOT                                                            
 PILOT                                                            
 PILOT                                                            
 PILOT                                                            
 PILOT                                                            
                                                                  
                                                                  
                                                                  
                                                                  
                                                                  
 c("Cancer category", "Heme", "Brain tumor", "Brain tumor", "Brain tumor", 
 Cancer category                                                           
 Heme                                                                      
 Brain tumor                                                               
 Brain tumor                                                               
 Brain tumor                                                               
 Solid tumor                                                               
 Heme                                                                      
 Heme                                                                      
 Heme                                                                      
 Heme                                                                      
 Heme                                                                      
                                                                           
                                                                           
                                                                           
                                                                           
                                                                           
 c("Cancer subtype", "AML", "LGG", "HGG", "MB", "ST-other", "AML", 
 Cancer subtype                                                    
 AML                                                               
 LGG                                                               
 HGG                                                               
 MB                                                                
 ST-other                                                          
 AML                                                               
 AML                                                               
 T-ALL                                                             
 AML                                                               
 AML                                                               
                                                                   
                                                                   
                                                                   
                                                                   
                                                                   
 c("Type", "ITD", "ITD", "ITD", "ITD", "ITD", "Somatic INDEL/SV", 
 Type                                                             
 ITD                                                              
 ITD                                                              
 ITD                                                              
 ITD                                                              
 ITD                                                              
 Somatic INDEL/SV                                                 
 Somatic INDEL/SV                                                 
 Somatic INDEL/SV                                                 
 Somatic INDEL/SV                                                 
 Somatic INDEL/SV                                                 
                                                                  
                                                                  
                                                                  
                                                                  
                                                                  
 c("Gene/Locus", "FLT3", "BRAF", "BCOR", "NRAS", "EGFR", "FLT3", 
 Gene/Locus                                                      
 FLT3                                                            
 BRAF                                                            
 BCOR                                                            
 NRAS                                                            
 EGFR                                                            
 FLT3                                                            
 FLT3                                                            
 NOTCH1                                                          
 FLT3                                                            
 FLT3                                                            
                                                                 
                                                                 
                                                                 
                                                                 
                                                                 
 c("Region Reported in respective cohorts, if any", "chr13:28608263-28608286", 
 Region Reported in respective cohorts, if any                                 
 chr13:28608263-28608286                                                       
 chr7:140491276-140441398                                                      
 chrX:39911418-39911530                                                        
 chr1:115256477-115256519                                                      
 chr7:55269425-55240824                                                        
 ITD                                                                           
 ITD                                                                           
 ITD                                                                           
 ITD                                                                           
 ITD                                                                           
                                                                               
                                                                               
                                                                               
                                                                               
                                                                               
 c("Description", "ITD Ex14", "ITD Ex9 - Ex16", "ITD Ex 15", "ITD Ex3", 
 Description                                                            
 ITD Ex14                                                               
 ITD Ex9 - Ex16                                                         
 ITD Ex 15                                                              
 ITD Ex3                                                                
 ITD Ex18 - Ex25                                                        
 ITD Ex14                                                               
 ITD Ex14                                                               
 ITD Ex27                                                               
 ITD Ex14                                                               
 ITD Ex14                                                               
                                                                        
                                                                        
                                                                        
                                                                        
                                                                        
 c("Covered in Panel?", "Y", "Y", "Y", "Y", "Y", "Y", "Y", "Y", 
 Covered in Panel?                                              
 Y                                                              
 Y                                                              
 Y                                                              
 Y                                                              
 Y                                                              
 Y                                                              
 Y                                                              
 Y                                                              
 Y                                                              
 Y                                                              
                                                                
                                                                
                                                                
                                                                
                                                                
 c("Detected using SJPedPanel data?", "Y", "Y", "Y", "Y", "Y", 
 Detected using SJPedPanel data?                               
 Y                                                             
 Y                                                             
 Y                                                             
 Y                                                             
 Y                                                             
 Y                                                             
 Y                                                             
 Y                                                             
 Y                                                             
 Y                                                             
                                                               
                                                               
                                                               
                                                               
                                                               
 c("Curated ITD Breakpoint positions", "chr13.28608286.+.chr13.28608263.+.", 
 Curated ITD Breakpoint positions                                            
 chr13.28608286.+.chr13.28608263.+.                                          
 chr7.140491276.+.chr7.140441402.+.A                                         
 chrX.39911531.+.chrX.39911418.+.                                            
 chr1.115256519.+.chr1.115256478.+.                                          
 chr7.55269420.+.chr7.55240824.+.GTTTCTTTTTCA                                
 chr13.28608262.+.chr13.28608219.+.GAGG                                      
 chr13.28608340.+.chr13.28608274.+.AA                                        
 chr9.139397012.+.chr9.139396917.+.TAT                                       
 chr13.28608299.+.chr13.28608251.+.TA                                        
 chr13.28608287.+.chr13.28608255.+.                                          
                                                                             
                                                                             
                                                                             
                                                                             
                                                                             
 c("Alternate allele count", "23", "344", "1299", "382", "179", 
 Alternate allele count                                         
 23                                                             
 344                                                            
 1299                                                           
 382                                                            
 179                                                            
 1087                                                           
 13                                                             
 834                                                            
 592                                                            
 432                                                            
                                                                
                                                                
                                                                
                                                                
                                                                
 c("Depth", "3811", "3132", "3840", "2083", "2604", "2273", "1906", 
 Depth                                                              
 3811                                                               
 3132                                                               
 3840                                                               
 2083                                                               
 2604                                                               
 2273                                                               
 1906                                                               
 4916                                                               
 1876                                                               
 1556                                                               
                                                                    
                                                                    
                                                                    
                                                                    
                                                                    
 c("VAF", "6.0000000000000001E-3", "0.10979999999999999", "0.33829999999999999", 
 VAF                                                                             
 6.0000000000000001E-3                                                           
 0.10979999999999999                                                             
 0.33829999999999999                                                             
 0.18340000000000001                                                             
 6.8699999999999997E-2                                                           
 0.47820000000000001                                                             
 6.7999999999999996E-3                                                           
 0.16969999999999999                                                             
 0.31559999999999999                                                             
 0.27760000000000001                                                             
                                                                                 
                                                                                 
                                                                                 
                                                                                 
                                                                                 


========================================
Sheet: S4H - Overall Diagnostic yield
========================================
dim: 27 rows x 13 cols
 c("", "Marker Type", "SNV", "InDel", "Fusion/SV", "SV", "CNV", 
                                                                
 Marker Type                                                    
 SNV                                                            
 InDel                                                          
 Fusion/SV                                                      
 SV                                                             
 CNV                                                            
 LOH                                                            
 ITD                                                            
                                                                
 Total                                                          
                                                                
                                                                
                                                                
                                                                
                                                                
                                                                
                                                                
                                                                
                                                                
 c("Reported cohort", "PILOT", "35", "18", "23", "1", "50", "3", 
 Reported cohort                                                 
 PILOT                                                           
 35                                                              
 18                                                              
 23                                                              
 1                                                               
 50                                                              
 3                                                               
 5                                                               
                                                                 
 135                                                             
                                                                 
                                                                 
                                                                 
                                                                 
                                                                 
                                                                 
                                                                 
                                                                 
                                                                 
 c("", "G4K", "65", "22", "24", "7", "116", "15", "5", "", "254", 
                                                                  
 G4K                                                              
 65                                                               
 22                                                               
 24                                                               
 7                                                                
 116                                                              
 15                                                               
 5                                                                
                                                                  
 254                                                              
                                                                  
                                                                  
                                                                  
                                                                  
                                                                  
 Out of                                                           
                                                                  
                                                                  
 Out of                                                           
 c("", "Total Reported", "100", "40", "47", "8", "166", "18", 
                                                              
 Total Reported                                               
 100                                                          
 40                                                           
 47                                                           
 8                                                            
 166                                                          
 18                                                           
 10                                                           
                                                              
 389                                                          
                                                              
                                                              
 Markers considered                                           
                                                              
 #All detected (Column K)                                     
 #Total reported (Column D)                                   
                                                              
 #Detected from Covered (Column G)                            
 #Total reported (Column D)                                   
 c("Covered in the SJPedPanel?", "Covered", "94", "38", "36", 
 Covered in the SJPedPanel?                                   
 Covered                                                      
 94                                                           
 38                                                           
 36                                                           
 3                                                            
 162                                                          
 18                                                           
 10                                                           
                                                              
 361                                                          
                                                              
                                                              
 Recall rate (%)                                              
                                                              
 92.030848329048837                                           
                                                              
                                                              
 91.00257069408741                                            
                                                              
 c("", "Not covered", "6", "2", "11", "5", "4", "0", "0", "", 
                                                              
 Not covered                                                  
 6                                                            
 2                                                            
 11                                                           
 5                                                            
 4                                                            
 0                                                            
 0                                                            
                                                              
 28                                                           
                                                              
                                                              
                                                              
                                                              
                                                              
                                                              
                                                              
                                                              
                                                              
 c("Detected if covered?", "Detected (TP)", "94", "38", "35", 
 Detected if covered?                                         
 Detected (TP)                                                
 94                                                           
 38                                                           
 35                                                           
 3                                                            
 156                                                          
 18                                                           
 10                                                           
                                                              
 354                                                          
                                                              
                                                              
                                                              
                                                              
                                                              
                                                              
                                                              
                                                              
                                                              
 c("", "Missed (FN)", "0", "0", "1", "0", "6", "0", "0", "", "7", 
                                                                  
 Missed (FN)                                                      
 0                                                                
 0                                                                
 1                                                                
 0                                                                
 6                                                                
 0                                                                
 0                                                                
                                                                  
 7                                                                
                                                                  
                                                                  
                                                                  
                                                                  
                                                                  
                                                                  
                                                                  
                                                                  
                                                                  
 c("Detected if NOT covered?", "Missed (like TN)", "4", "1", "10", 
 Detected if NOT covered?                                          
 Missed (like TN)                                                  
 4                                                                 
 1                                                                 
 10                                                                
 5                                                                 
 4                                                                 
 0                                                                 
 0                                                                 
                                                                   
 24                                                                
                                                                   
                                                                   
                                                                   
                                                                   
                                                                   
                                                                   
                                                                   
                                                                   
                                                                   
 c("", "Detected (n>3) (like FP)", "2", "1", "1", "0", "0", "0", 
                                                                 
 Detected (n>3) (like FP)                                        
 2                                                               
 1                                                               
 1                                                               
 0                                                               
 0                                                               
 0                                                               
 0                                                               
                                                                 
 4                                                               
                                                                 
                                                                 
                                                                 
                                                                 
                                                                 
                                                                 
                                                                 
                                                                 
                                                                 
 c("", "All detected", "96", "39", "36", "3", "156", "18", "10", 
                                                                 
 All detected                                                    
 96                                                              
 39                                                              
 36                                                              
 3                                                               
 156                                                             
 18                                                              
 10                                                              
                                                                 
 358                                                             
                                                                 
                                                                 
                                                                 
                                                                 
                                                                 
                                                                 
                                                                 
                                                                 
                                                                 
 c("", "", "", "", "", "", "", "", "", "", "", "", "", "", "", 
                                                               
                                                               
                                                               
                                                               
                                                               
                                                               
                                                               
                                                               
                                                               
                                                               
                                                               
                                                               
                                                               
                                                               
                                                               
                                                               
                                                               
                                                               
                                                               
                                                               
 c("", "Names of genes/fusions missed by the panel", "SCN9A, BUB1B, RRAS2",      
                                                                                 
 Names of genes/fusions missed by the panel                                      
 SCN9A, BUB1B, RRAS2                                                             
 TOP1, CTDNEP1                                                                   
 SSX1::SS18, HBS1L::MYB, ASPSCR1::TFE3, YAP1::MAMLD1, RUNX1::RUNX1T1, PML::RAR...
 DNMT3A::DNMT3A, ATM, PTEN, DDX31::GFI1B, CTCF, TP53                             
 TCF12, PMS2, TUSC7, CTNNBIP1, FBXW7, NF1, ETV6, USP9X, RB1                      
                                                                                 
                                                                                 
                                                                                 
                                                                                 
                                                                                 
                                                                                 
                                                                                 
                                                                                 
                                                                                 
                                                                                 
                                                                                 
                                                                                 
                                                                                 


========================================
Sheet: S5 - COLO829 sampleQC
========================================
dim: 8 rows x 20 cols
 c("", "Sr. No.", "1", "2", "3", "4", "", "ΓÇá Davis, E.M., et al.┬áSequencErr: measuring and suppressing sequencer errors ..."
                                                                                                                            
 Sr. No.                                                                                                                    
 1                                                                                                                          
 2                                                                                                                          
 3                                                                                                                          
 4                                                                                                                          
                                                                                                                            
 ΓÇá Davis, E.M., et al.┬áSequencErr: measuring and suppressing sequencer errors ...                                           
 c("", "Sample", "SJMEL047117_C1", "SJMEL047117_C2", "SJMEL047117_C3", 
                                                                       
 Sample                                                                
 SJMEL047117_C1                                                        
 SJMEL047117_C2                                                        
 SJMEL047117_C3                                                        
 SJMEL047117_C4                                                        
                                                                       
                                                                       
 c("", "ENA Sample Accession", "ERS16058584", "ERS16058585", "ERS16058586", 
                                                                            
 ENA Sample Accession                                                       
 ERS16058584                                                                
 ERS16058585                                                                
 ERS16058586                                                                
 ERS16058587                                                                
                                                                            
                                                                            
 c("", "Library type", "High depth", "High depth", "Low depth", 
                                                                
 Library type                                                   
 High depth                                                     
 High depth                                                     
 Low depth                                                      
 Low depth                                                      
                                                                
                                                                
 c("", "Sequencing Platform", "Illumina NovaSeq 6000", "Illumina NextSeq 500", 
                                                                               
 Sequencing Platform                                                           
 Illumina NovaSeq 6000                                                         
 Illumina NextSeq 500                                                          
 Illumina NovaSeq 6000                                                         
 Illumina NextSeq 500                                                          
                                                                               
                                                                               
 c("", "Reads", "425435294", "325587626", "43705526", "34982266", 
                                                                  
 Reads                                                            
 425435294                                                        
 325587626                                                        
 43705526                                                         
 34982266                                                         
                                                                  
                                                                  
 c("With all the observations", "Average depth of coverage", "2327.3200000000002", 
 With all the observations                                                         
 Average depth of coverage                                                         
 2327.3200000000002                                                                
 1424.11                                                                           
 231.79                                                                            
 142.66                                                                            
                                                                                   
                                                                                   
 c("", "Median depth of coverage", "2413", "1545", "241", "154", 
                                                                 
 Median depth of coverage                                        
 2413                                                            
 1545                                                            
 241                                                             
 154                                                             
                                                                 
                                                                 
 c("", "Uniformity of Coverage (%)", "94.54", "92.87", "94.42", 
                                                                
 Uniformity of Coverage (%)                                     
 94.54                                                          
 92.87                                                          
 94.42                                                          
 92.68                                                          
                                                                
                                                                
 c("", "Standard deviation", "970.8", "596.25", "96.37", "60.67", 
                                                                  
 Standard deviation                                               
 970.8                                                            
 596.25                                                           
 96.37                                                            
 60.67                                                            
                                                                  
                                                                  
 c("", "Coefficient of variation", "0.42", "0.42", "0.42", "0.43", 
                                                                   
 Coefficient of variation                                          
 0.42                                                              
 0.42                                                              
 0.42                                                              
 0.43                                                              
                                                                   
                                                                   
 c("", "20% Quantile", "1708", "957", "168", "95", "", "")
                                                          
 20% Quantile                                             
 1708                                                     
 957                                                      
 168                                                      
 95                                                       
                                                          
                                                          
 c("", "Fold-80", "1.36", "1.49", "1.38", "1.5", "", "")
                                                        
 Fold-80                                                
 1.36                                                   
 1.49                                                   
 1.38                                                   
 1.5                                                    
                                                        
                                                        
 c("Ignoring observations in top and bottom 2.5 percentiles", 
 Ignoring observations in top and bottom 2.5 percentiles      
 Average depth of coverage                                    
 2315.3483000000001                                           
 1433.6996999999999                                           
 230.99850000000001                                           
 143.65719999999999                                           
                                                              
                                                              
 c("", "Median depth of coverage", "2413", "1545", "241", "154", 
                                                                 
 Median depth of coverage                                        
 2413                                                            
 1545                                                            
 241                                                             
 154                                                             
                                                                 
                                                                 
 c("", "Uniformity of Coverage (%)", "96.91", "95.1", "96.8", 
                                                              
 Uniformity of Coverage (%)                                   
 96.91                                                        
 95.1                                                         
 96.8                                                         
 95.07                                                        
                                                              
                                                              
 c("", "Standard deviation", "800.1712", "536.32899999999995", 
                                                               
 Standard deviation                                            
 800.1712                                                      
 536.32899999999995                                            
 80.316599999999994                                            
 54.3324                                                       
                                                               
                                                               
 c("", "Coefficient of variation", "0.34549999999999997", "0.374", 
                                                                   
 Coefficient of variation                                          
 0.34549999999999997                                               
 0.374                                                             
 0.34760000000000002                                               
 0.37819999999999998                                               
                                                                   
                                                                   
 c("", "20% Quantile", "1781", "1005", "176", "100", "", "")
                                                            
 20% Quantile                                               
 1781                                                       
 1005                                                       
 176                                                        
 100                                                        
                                                            
                                                            
 c("", "Fold-80", "1.3", "1.43", "1.31", "1.44", "", "")
                                                        
 Fold-80                                                
 1.3                                                    
 1.43                                                   
 1.31                                                   
 1.44                                                   
                                                        
                                                        


========================================
Sheet: S6 - SamplQC Cellline dilutions
========================================
dim: 24 rows x 14 cols
 c("Sr. No.", "1", "2", "3", "4", "5", "6", "7", "8", "9", "10", 
 Sr. No.                                                         
 1                                                               
 2                                                               
 3                                                               
 4                                                               
 5                                                               
 6                                                               
 7                                                               
 8                                                               
 9                                                               
 10                                                              
 11                                                              
 12                                                              
 13                                                              
 14                                                              
 15                                                              
 16                                                              
 17                                                              
 18                                                              
 19                                                              
 c("Sample", "697", "EW-8", "GM12878", "K562", "ME-1", "Molm13", 
 Sample                                                          
 697                                                             
 EW-8                                                            
 GM12878                                                         
 K562                                                            
 ME-1                                                            
 Molm13                                                          
 Rh30                                                            
 10_A-1                                                          
 10_B-1                                                          
 5_A-2                                                           
 5_B-2                                                           
 2-5_A-3                                                         
 2-5_B-3                                                         
 1_A-4                                                           
 1_B-4                                                           
 0-5_A-5                                                         
 0-5_B-5                                                         
 0-2_A-6                                                         
 0-2_B-6                                                         
 c("ENA Sample Accession", "ERS16058588", "ERS16058589", "ERS16058590", 
 ENA Sample Accession                                                   
 ERS16058588                                                            
 ERS16058589                                                            
 ERS16058590                                                            
 ERS16058591                                                            
 ERS16058592                                                            
 ERS16058593                                                            
 ERS16058594                                                            
 ERS16058595                                                            
 ERS16058596                                                            
 ERS16058597                                                            
 ERS16058598                                                            
 ERS16058599                                                            
 ERS16058600                                                            
 ERS16058601                                                            
 ERS16058602                                                            
 ERS16058603                                                            
 ERS16058604                                                            
 ERS16058605                                                            
 ERS16058606                                                            
 c("Sample type", "Cancer cell line", "Cancer cell line", "Non-cancer cell line", 
 Sample type                                                                      
 Cancer cell line                                                                 
 Cancer cell line                                                                 
 Non-cancer cell line                                                             
 Cancer cell line                                                                 
 Cancer cell line                                                                 
 Cancer cell line                                                                 
 Cancer cell line                                                                 
 Dilution                                                                         
 Dilution                                                                         
 Dilution                                                                         
 Dilution                                                                         
 Dilution                                                                         
 Dilution                                                                         
 Dilution                                                                         
 Dilution                                                                         
 Dilution                                                                         
 Dilution                                                                         
 Dilution                                                                         
 Dilution                                                                         
 c("Dilution % tumor", "NA", "NA", "NA", "NA", "NA", "NA", "NA", 
 Dilution % tumor                                                
 NA                                                              
 NA                                                              
 NA                                                              
 NA                                                              
 NA                                                              
 NA                                                              
 NA                                                              
 10                                                              
 10                                                              
 5                                                               
 5                                                               
 2.5                                                             
 2.5                                                             
 1                                                               
 1                                                               
 0.5                                                             
 0.5                                                             
 0.2                                                             
 0.2                                                             
 c("Replicate", "NA", "NA", "NA", "NA", "NA", "NA", "NA", "A", 
 Replicate                                                     
 NA                                                            
 NA                                                            
 NA                                                            
 NA                                                            
 NA                                                            
 NA                                                            
 NA                                                            
 A                                                             
 B                                                             
 A                                                             
 B                                                             
 A                                                             
 B                                                             
 A                                                             
 B                                                             
 A                                                             
 B                                                             
 A                                                             
 B                                                             
 c("Reads", "4435345580", "2861673586", "3330463260", "2922508612", 
 Reads                                                              
 4435345580                                                         
 2861673586                                                         
 3330463260                                                         
 2922508612                                                         
 2930070614                                                         
 2834179986                                                         
 4093136776                                                         
 690049374                                                          
 648361336                                                          
 609772468                                                          
 567870772                                                          
 543528578                                                          
 600940076                                                          
 825865530                                                          
 871031794                                                          
 794317188                                                          
 1071214408                                                         
 2396090504                                                         
 1966110472                                                         
 c("Average depth of coverage", "30947.24", "21974.68", "22894.52", 
 Average depth of coverage                                          
 30947.24                                                           
 21974.68                                                           
 22894.52                                                           
 21589.279999999999                                                 
 20866.48                                                           
 19410.57                                                           
 32550.79                                                           
 4048.7                                                             
 4515.25                                                            
 3583.21                                                            
 4042.64                                                            
 3315.44                                                            
 4183.1899999999996                                                 
 4387.6000000000004                                                 
 5578.01                                                            
 4157.66                                                            
 6309.48                                                            
 10480.25                                                           
 9662.17                                                            
 c("Median depth of coverage", "29360", "20209", "21837", "16764", 
 Median depth of coverage                                          
 29360                                                             
 20209                                                             
 21837                                                             
 16764                                                             
 18952                                                             
 17761                                                             
 27927                                                             
 3891                                                              
 4447                                                              
 3495                                                              
 4046                                                              
 3263                                                              
 4220                                                              
 4358                                                              
 5681                                                              
 4111                                                              
 6400                                                              
 10420                                                             
 9814                                                              
 c("Uniformity of Coverage", "92.91", "94.92", "93.32", "93.36", 
 Uniformity of Coverage                                          
 92.91                                                           
 94.92                                                           
 93.32                                                           
 93.36                                                           
 94.75                                                           
 94.73                                                           
 94.59                                                           
 95.29                                                           
 95.93                                                           
 95.19                                                           
 95.85                                                           
 94.32                                                           
 94.6                                                            
 93.23                                                           
 93.87                                                           
 93.1                                                            
 93.45                                                           
 93.14                                                           
 93.7                                                            
 c("Standard deviation", "17789.990000000002", "14067.16", "12305.61", 
 Standard deviation                                                    
 17789.990000000002                                                    
 14067.16                                                              
 12305.61                                                              
 22436.48                                                              
 12652.75                                                              
 11393.39                                                              
 27432.080000000002                                                    
 1959.44                                                               
 1933.27                                                               
 1681.6                                                                
 1697.41                                                               
 1569.62                                                               
 1798.7                                                                
 2062.4699999999998                                                    
 2359.5500000000002                                                    
 2002.24                                                               
 2767.46                                                               
 5097.79                                                               
 4319.75                                                               
 c("Coefficient of variation", "0.56999999999999995", "0.64", 
 Coefficient of variation                                     
 0.56999999999999995                                          
 0.64                                                         
 0.54                                                         
 1.04                                                         
 0.61                                                         
 0.59                                                         
 0.84                                                         
 0.48                                                         
 0.43                                                         
 0.47                                                         
 0.42                                                         
 0.47                                                         
 0.43                                                         
 0.47                                                         
 0.42                                                         
 0.48                                                         
 0.44                                                         
 0.49                                                         
 0.45                                                         
 c("20% Quantile", "18289", "12573", "15098", "10532", "10799", 
 20% Quantile                                                   
 18289                                                          
 12573                                                          
 15098                                                          
 10532                                                          
 10799                                                          
 11592                                                          
 17494                                                          
 2684                                                           
 3286                                                           
 2417                                                           
 2994                                                           
 2269                                                           
 3127                                                           
 3033                                                           
 4208                                                           
 2838                                                           
 4719                                                           
 6893                                                           
 6886                                                           
 c("Fold-80", "1.69", "1.75", "1.52", "2.0499999999999998", "1.93", 
 Fold-80                                                            
 1.69                                                               
 1.75                                                               
 1.52                                                               
 2.0499999999999998                                                 
 1.93                                                               
 1.67                                                               
 1.86                                                               
 1.51                                                               
 1.37                                                               
 1.48                                                               
 1.35                                                               
 1.46                                                               
 1.34                                                               
 1.45                                                               
 1.33                                                               
 1.46                                                               
 1.34                                                               
 1.52                                                               
 1.4                                                                


========================================
Sheet: S7A - Overview of panels
========================================
dim: 12 rows x 15 cols
 c("", "Sr. No.", "1", "2", "3", "4", "5", "6", "7", "", "", ""
                                                               
 Sr. No.                                                       
 1                                                             
 2                                                             
 3                                                             
 4                                                             
 5                                                             
 6                                                             
 7                                                             
                                                               
                                                               
                                                               
 c("", "Panel name", "SJPedPanel", "FoundationOne┬« Heme", "CHOP CHMP/CSTP",      
                                                                                 
 Panel name                                                                      
 SJPedPanel                                                                      
 FoundationOne┬« Heme                                                             
 CHOP CHMP/CSTP                                                                  
 MSK-IMPACT┬«                                                                     
 OncoKids┬«                                                                       
 FoundationOne┬« CDx                                                              
 OncomineTM Comprehensive Assay v3                                               
                                                                                 
 *: MSK-IMPACT panel has been reported to consists of 468 genes considering 2 ...
 ΓÇá: Details of 183 genes and related studies available in Supplementary table S7D
 c("", "Focus area", "Pediatric cancers", "Adult hematological malignancies", 
                                                                              
 Focus area                                                                   
 Pediatric cancers                                                            
 Adult hematological malignancies                                             
 Pediatric cancers                                                            
 Adult solid tumors                                                           
 Pediatric cancers                                                            
 Adult solid tumors                                                           
 Adult cancers                                                                
                                                                              
                                                                              
                                                                              
 c("", "Number of genes / transcripts", "357", "418", "273", "468*", 
                                                                     
 Number of genes / transcripts                                       
 357                                                                 
 418                                                                 
 273                                                                 
 468*                                                                
 181                                                                 
 324                                                                 
 161                                                                 
                                                                     
                                                                     
                                                                     
 c("Genes screened for", "coding exons", "357", "408", "273", 
 Genes screened for                                           
 coding exons                                                 
 357                                                          
 408                                                          
 273                                                          
 468                                                          
 137                                                          
 309                                                          
 146                                                          
                                                              
                                                              
                                                              
 c("", "Selected introns", "94", "31", "", "13", "44", "34", "15", 
                                                                   
 Selected introns                                                  
 94                                                                
 31                                                                
                                                                   
 13                                                                
 44                                                                
 34                                                                
 15                                                                
                                                                   
                                                                   
                                                                   
 c("", "Selected promoter regions", "10", "", "1", "1", "1", "1", 
                                                                  
 Selected promoter regions                                        
 10                                                               
                                                                  
 1                                                                
 1                                                                
 1                                                                
 1                                                                
 1                                                                
                                                                  
                                                                  
                                                                  
 c("", "SNPs", "7590", "", "1042", "862", "", "", "", "", "", 
                                                              
 SNPs                                                         
 7590                                                         
                                                              
 1042                                                         
 862                                                          
                                                              
                                                              
                                                              
                                                              
                                                              
                                                              
 c("", "%Pediatric driver genes covered out of reported 183 genesΓÇá", 
                                                                     
 %Pediatric driver genes covered out of reported 183 genesΓÇá          
 0.87                                                                
 0.56999999999999995                                                 
 0.55000000000000004                                                 
 0.52                                                                
 0.49                                                                
 0.44                                                                
 0.28999999999999998                                                 
                                                                     
                                                                     
                                                                     
 c("", "Publication", "This study", "He et al., 2016", "Surrey et al., 2019", 
                                                                              
 Publication                                                                  
 This study                                                                   
 He et al., 2016                                                              
 Surrey et al., 2019                                                          
 Cheng et al., 2015                                                           
 Hiemenz et al., 2018                                                         
 Whitepaper by Company                                                        
 Hovelson et al., 2015                                                        
                                                                              
                                                                              
                                                                              
 c("", "PubMed ID", "", "26966091", "31133068", "25801821", "30138724", 
                                                                        
 PubMed ID                                                              
                                                                        
 26966091                                                               
 31133068                                                               
 25801821                                                               
 30138724                                                               
                                                                        
 25925381                                                               
                                                                        
                                                                        
                                                                        
 c("", "Company/Institution", "St. Jude Children's Research Hospital", 
                                                                       
 Company/Institution                                                   
 St. Jude Children's Research Hospital                                 
 Foundation Medicine Inc.                                              
 Children's Hospital of Philadelphia                                   
 Memorial Sloan Kettering Cancer Center                                
 ChildrenΓÇÖs Hospital Los Angeles                                       
 Foundation Medicine Inc.                                              
 Thermo Fisher Scientific Inc.                                         
                                                                       
                                                                       
                                                                       
 c("", "Source of panel content", "This study", "https://assets.ctfassets.net/w98cd481qyp0/42r1cTE8VR4137CaHrsaen/baf91080cb3d...", 
                                                                                                                                    
 Source of panel content                                                                                                            
 This study                                                                                                                         
 https://assets.ctfassets.net/w98cd481qyp0/42r1cTE8VR4137CaHrsaen/baf91080cb3d...                                                   
 https://doi.org/10.1186/s13073-019-0644-8                                                                                          
 https://www.accessdata.fda.gov/cdrh_docs/reviews/den170058.pdf                                                                     
 https://doi.org/10.1016/j.jmoldx.2018.06.009                                                                                       
 https://assets.ctfassets.net/w98cd481qyp0/41rJj28gFwtxCwHQxopaEb/2725881bbc67...                                                   
 https://assets.thermofisher.com/TFS-Assets/LSG/brochures/oncomine-comprehensi...                                                   
                                                                                                                                    
                                                                                                                                    
                                                                                                                                    
 c("", "Last access date", "NA", "August 24, 2023", "June 1, 2024", 
                                                                    
 Last access date                                                   
 NA                                                                 
 August 24, 2023                                                    
 June 1, 2024                                                       
 August 24, 2023                                                    
 August 24, 2023                                                    
 August 24, 2023                                                    
 August 24, 2023                                                    
                                                                    
                                                                    
                                                                    
 c("", "Website", "https://www.stjude.org/", "https://www.mskcc.org/departments/division-solid-tumor-oncology/early-drug-de...", 
                                                                                                                                 
 Website                                                                                                                         
 https://www.stjude.org/                                                                                                         
 https://www.mskcc.org/departments/division-solid-tumor-oncology/early-drug-de...                                                
 https://www.chop.edu/                                                                                                           
 https://foundationmedicine.com/test/foundationone-heme                                                                          
 https://www.chla.org/pathology-and-medicine/center-personalized-medicine/onco...                                                
 https://www.foundationmedicine.com/test/foundationone-cdx                                                                       
 https://www.thermofisher.com/ocav3                                                                                              
                                                                                                                                 
                                                                                                                                 
                                                                                                                                 


========================================
Sheet: S7B - Panel gene comparsions
========================================
dim: 836 rows x 43 cols
 c("Sr. No.", "", "1", "2", "3", "4", "5", "6", "7", "8", "9", 
 Sr. No.                                                       
                                                               
 1                                                             
 2                                                             
 3                                                             
 4                                                             
 5                                                             
 6                                                             
 7                                                             
 8                                                             
 9                                                             
 10                                                            
 11                                                            
 12                                                            
 13                                                            
 14                                                            
 15                                                            
 16                                                            
 17                                                            
 18                                                            
 c("Official Gene Symbol", "", "ABL1", "ABL2", "ACIN1", "ACTB", 
 Official Gene Symbol                                           
                                                                
 ABL1                                                           
 ABL2                                                           
 ACIN1                                                          
 ACTB                                                           
 ACVR1                                                          
 ACVR1B                                                         
 ADGRA2                                                         
 AFDN                                                           
 AFF1                                                           
 AFF4                                                           
 AKT1                                                           
 AKT2                                                           
 AKT3                                                           
 ALK                                                            
 ALOX12B                                                        
 AMER1                                                          
 APC                                                            
 APH1A                                                          
 c("Synonyms", "", "ABL, BCR-ABL, CHDSKM, JTK7, bcr/abl, c-ABL, c-ABL1, p150, v-abl", 
 Synonyms                                                                             
                                                                                      
 ABL, BCR-ABL, CHDSKM, JTK7, bcr/abl, c-ABL, c-ABL1, p150, v-abl                      
 ABLL, ARG                                                                            
 ACINUS, ACN, fSAP152                                                                 
 BRWS1, PS1TP5BP1                                                                     
 ACTRI, ACVR1A, ACVRLK2, ALK2, FOP, SKR1, TSRI                                        
 ACTRIB, ACVRLK4, ALK4, SKR2                                                          
 GPR124, TEM5                                                                         
 AF6, MLL-AF6, MLLT4, l-afadin                                                        
 AF4, FEL, MLLT2, PBM1                                                                
 AF5Q31, CHOPS, MCEF                                                                  
 AKT, PKB, PKB-ALPHA, PRKBA, RAC, RAC-ALPHA                                           
 HIHGHH, PKBB, PKBBETA, PRKBB, RAC-BETA                                               
 MPPH, MPPH2, PKB-GAMMA, PKBG, PRKBG, RAC-PK-gamma, RAC-gamma, STK-2                  
 ALK1, CD246, NBLST3                                                                  
 12R-LOX, ARCI2                                                                       
 FAM123B, OSCS, WTX                                                                   
 BTPS2, DESMD, DP2, DP2.5, DP3, GS, PPP1R46                                           
 6530402N02Rik, APH-1, APH-1A, CGI-78                                                 
 c("Status in OncoKB", "Available in  Cancer Gene list?", "Y", 
 Status in OncoKB                                              
 Available in  Cancer Gene list?                               
 Y                                                             
 Y                                                             
 N                                                             
 Y                                                             
 Y                                                             
 Y                                                             
 Y                                                             
 Y                                                             
 Y                                                             
 Y                                                             
 Y                                                             
 Y                                                             
 Y                                                             
 Y                                                             
 Y                                                             
 Y                                                             
 Y                                                             
 Y                                                             
 c("", "Annotated in OncoKB?", "Y", "Y", "N", "N", "Y", "Y", "N", 
                                                                  
 Annotated in OncoKB?                                             
 Y                                                                
 Y                                                                
 N                                                                
 N                                                                
 Y                                                                
 Y                                                                
 N                                                                
 N                                                                
 N                                                                
 Y                                                                
 Y                                                                
 Y                                                                
 Y                                                                
 Y                                                                
 Y                                                                
 Y                                                                
 Y                                                                
 N                                                                
 c("SJPedPanel", "Coverage in Panel?", "1", "1", "1", "1", "1", 
 SJPedPanel                                                     
 Coverage in Panel?                                             
 1                                                              
 1                                                              
 1                                                              
 1                                                              
 1                                                              
 0                                                              
 0                                                              
 1                                                              
 1                                                              
 1                                                              
 1                                                              
 1                                                              
 1                                                              
 1                                                              
 0                                                              
 1                                                              
 1                                                              
 0                                                              
 c("", "Transcript Isoform", "NM_005157", "NM_007314", "NM_014977", 
                                                                    
 Transcript Isoform                                                 
 NM_005157                                                          
 NM_007314                                                          
 NM_014977                                                          
 NM_001101                                                          
 NM_001105                                                          
                                                                    
                                                                    
 NM_001040000                                                       
 NM_001166693                                                       
 NM_014423                                                          
 NM_005163                                                          
 NM_001626                                                          
 NM_005465                                                          
 NM_004304                                                          
                                                                    
 NM_152424                                                          
 NM_000038                                                          
                                                                    
 c("", "Promoter", "0", "0", "0", "0", "0", "0", "0", "0", "0", 
                                                                
 Promoter                                                       
 0                                                              
 0                                                              
 0                                                              
 0                                                              
 0                                                              
 0                                                              
 0                                                              
 0                                                              
 0                                                              
 0                                                              
 0                                                              
 0                                                              
 0                                                              
 0                                                              
 0                                                              
 0                                                              
 0                                                              
 0                                                              
 c("", "Coding", "1", "1", "1", "1", "1", "0", "0", "1", "1", 
                                                              
 Coding                                                       
 1                                                            
 1                                                            
 1                                                            
 1                                                            
 1                                                            
 0                                                            
 0                                                            
 1                                                            
 1                                                            
 1                                                            
 1                                                            
 1                                                            
 1                                                            
 1                                                            
 0                                                            
 1                                                            
 1                                                            
 0                                                            
 c("", "Intron", "1", "1", "1", "0", "0", "0", "0", "0", "0", 
                                                              
 Intron                                                       
 1                                                            
 1                                                            
 1                                                            
 0                                                            
 0                                                            
 0                                                            
 0                                                            
 0                                                            
 0                                                            
 0                                                            
 0                                                            
 0                                                            
 0                                                            
 1                                                            
 0                                                            
 0                                                            
 0                                                            
 0                                                            
 c("", "Intron numbers (coverage > 80% of intron lengths)", "Intron(s) 1,2,3", 
                                                                               
 Intron numbers (coverage > 80% of intron lengths)                             
 Intron(s) 1,2,3                                                               
 Intron(s) 4                                                                   
 Intron(s) 3,4                                                                 
                                                                               
                                                                               
                                                                               
                                                                               
                                                                               
                                                                               
                                                                               
                                                                               
                                                                               
                                                                               
 Intron(s) 19                                                                  
                                                                               
                                                                               
                                                                               
                                                                               
 c("", "Hotspots or SVs only", "0", "0", "0", "0", "0", "0", "0", 
                                                                  
 Hotspots or SVs only                                             
 0                                                                
 0                                                                
 0                                                                
 0                                                                
 0                                                                
 0                                                                
 0                                                                
 0                                                                
 0                                                                
 0                                                                
 0                                                                
 0                                                                
 0                                                                
 0                                                                
 0                                                                
 0                                                                
 0                                                                
 0                                                                
 c("Foundation One Heme", "Coverage in Panel?", "1", "0", "0", 
 Foundation One Heme                                           
 Coverage in Panel?                                            
 1                                                             
 0                                                             
 0                                                             
 1                                                             
 0                                                             
 0                                                             
 1                                                             
 0                                                             
 0                                                             
 0                                                             
 1                                                             
 1                                                             
 1                                                             
 1                                                             
 0                                                             
 1                                                             
 1                                                             
 1                                                             
 c("", "Promoter", "0", "0", "0", "0", "0", "0", "0", "0", "0", 
                                                                
 Promoter                                                       
 0                                                              
 0                                                              
 0                                                              
 0                                                              
 0                                                              
 0                                                              
 0                                                              
 0                                                              
 0                                                              
 0                                                              
 0                                                              
 0                                                              
 0                                                              
 0                                                              
 0                                                              
 0                                                              
 0                                                              
 0                                                              
 c("", "Coding", "1", "0", "0", "1", "0", "0", "1", "0", "0", 
                                                              
 Coding                                                       
 1                                                            
 0                                                            
 0                                                            
 1                                                            
 0                                                            
 0                                                            
 1                                                            
 0                                                            
 0                                                            
 0                                                            
 1                                                            
 1                                                            
 1                                                            
 1                                                            
 0                                                            
 1                                                            
 1                                                            
 1                                                            
 c("", "Intron", "0", "0", "0", "0", "0", "0", "0", "0", "0", 
                                                              
 Intron                                                       
 0                                                            
 0                                                            
 0                                                            
 0                                                            
 0                                                            
 0                                                            
 0                                                            
 0                                                            
 0                                                            
 0                                                            
 0                                                            
 0                                                            
 0                                                            
 1                                                            
 0                                                            
 0                                                            
 0                                                            
 0                                                            
 c("", "Hotspots or SVs only", "0", "0", "0", "0", "0", "0", "0", 
                                                                  
 Hotspots or SVs only                                             
 0                                                                
 0                                                                
 0                                                                
 0                                                                
 0                                                                
 0                                                                
 0                                                                
 0                                                                
 0                                                                
 0                                                                
 0                                                                
 0                                                                
 0                                                                
 0                                                                
 0                                                                
 0                                                                
 0                                                                
 0                                                                
 c("Foundation One CDX", "Coverage in Panel?", "1", "0", "0", 
 Foundation One CDX                                           
 Coverage in Panel?                                           
 1                                                            
 0                                                            
 0                                                            
 0                                                            
 0                                                            
 1                                                            
 0                                                            
 0                                                            
 0                                                            
 0                                                            
 1                                                            
 1                                                            
 1                                                            
 1                                                            
 1                                                            
 1                                                            
 1                                                            
 0                                                            
 c("", "Promoter", "0", "0", "0", "0", "0", "0", "0", "0", "0", 
                                                                
 Promoter                                                       
 0                                                              
 0                                                              
 0                                                              
 0                                                              
 0                                                              
 0                                                              
 0                                                              
 0                                                              
 0                                                              
 0                                                              
 0                                                              
 0                                                              
 0                                                              
 0                                                              
 0                                                              
 0                                                              
 0                                                              
 0                                                              
 c("", "Coding", "1", "0", "0", "0", "0", "1", "0", "0", "0", 
                                                              
 Coding                                                       
 1                                                            
 0                                                            
 0                                                            
 0                                                            
 0                                                            
 1                                                            
 0                                                            
 0                                                            
 0                                                            
 0                                                            
 1                                                            
 1                                                            
 1                                                            
 1                                                            
 1                                                            
 1                                                            
 1                                                            
 0                                                            
 c("", "Intron", "0", "0", "0", "0", "0", "0", "0", "0", "0", 
                                                              
 Intron                                                       
 0                                                            
 0                                                            
 0                                                            
 0                                                            
 0                                                            
 0                                                            
 0                                                            
 0                                                            
 0                                                            
 0                                                            
 0                                                            
 0                                                            
 0                                                            
 1                                                            
 0                                                            
 0                                                            
 0                                                            
 0                                                            
 c("", "Hotspots or SVs only", "0", "0", "0", "0", "0", "0", "0", 
                                                                  
 Hotspots or SVs only                                             
 0                                                                
 0                                                                
 0                                                                
 0                                                                
 0                                                                
 0                                                                
 0                                                                
 0                                                                
 0                                                                
 0                                                                
 0                                                                
 0                                                                
 0                                                                
 0                                                                
 0                                                                
 0                                                                
 0                                                                
 0                                                                
 c("OncoKids", "Coverage in Panel?", "1", "1", "0", "0", "1", 
 OncoKids                                                     
 Coverage in Panel?                                           
 1                                                            
 1                                                            
 0                                                            
 0                                                            
 1                                                            
 0                                                            
 0                                                            
 0                                                            
 0                                                            
 0                                                            
 1                                                            
 0                                                            
 0                                                            
 1                                                            
 0                                                            
 0                                                            
 1                                                            
 0                                                            
 c("", "Promoter", "0", "0", "0", "0", "0", "0", "0", "0", "0", 
                                                                
 Promoter                                                       
 0                                                              
 0                                                              
 0                                                              
 0                                                              
 0                                                              
 0                                                              
 0                                                              
 0                                                              
 0                                                              
 0                                                              
 0                                                              
 0                                                              
 0                                                              
 0                                                              
 0                                                              
 0                                                              
 0                                                              
 0                                                              
 c("", "Coding", "0", "0", "0", "0", "0", "0", "0", "0", "0", 
                                                              
 Coding                                                       
 0                                                            
 0                                                            
 0                                                            
 0                                                            
 0                                                            
 0                                                            
 0                                                            
 0                                                            
 0                                                            
 0                                                            
 0                                                            
 0                                                            
 0                                                            
 0                                                            
 0                                                            
 0                                                            
 1                                                            
 0                                                            
 c("", "Intron", "0", "0", "0", "0", "0", "0", "0", "0", "0", 
                                                              
 Intron                                                       
 0                                                            
 0                                                            
 0                                                            
 0                                                            
 0                                                            
 0                                                            
 0                                                            
 0                                                            
 0                                                            
 0                                                            
 0                                                            
 0                                                            
 0                                                            
 0                                                            
 0                                                            
 0                                                            
 0                                                            
 0                                                            
 c("", "Hotspots or SVs only", "1", "1", "0", "0", "1", "0", "0", 
                                                                  
 Hotspots or SVs only                                             
 1                                                                
 1                                                                
 0                                                                
 0                                                                
 1                                                                
 0                                                                
 0                                                                
 0                                                                
 0                                                                
 0                                                                
 1                                                                
 0                                                                
 0                                                                
 1                                                                
 0                                                                
 0                                                                
 0                                                                
 0                                                                
 c("Thermo Fisher Oncomine Comprehensive Assay v3", "Coverage in Panel?", 
 Thermo Fisher Oncomine Comprehensive Assay v3                            
 Coverage in Panel?                                                       
 0                                                                        
 0                                                                        
 0                                                                        
 0                                                                        
 0                                                                        
 0                                                                        
 0                                                                        
 0                                                                        
 0                                                                        
 0                                                                        
 1                                                                        
 1                                                                        
 1                                                                        
 1                                                                        
 0                                                                        
 0                                                                        
 0                                                                        
 0                                                                        
 c("", "Promoter", "0", "0", "0", "0", "0", "0", "0", "0", "0", 
                                                                
 Promoter                                                       
 0                                                              
 0                                                              
 0                                                              
 0                                                              
 0                                                              
 0                                                              
 0                                                              
 0                                                              
 0                                                              
 0                                                              
 0                                                              
 0                                                              
 0                                                              
 0                                                              
 0                                                              
 0                                                              
 0                                                              
 0                                                              
 c("", "Coding", "0", "0", "0", "0", "0", "0", "0", "0", "0", 
                                                              
 Coding                                                       
 0                                                            
 0                                                            
 0                                                            
 0                                                            
 0                                                            
 0                                                            
 0                                                            
 0                                                            
 0                                                            
 0                                                            
 0                                                            
 0                                                            
 0                                                            
 0                                                            
 0                                                            
 0                                                            
 0                                                            
 0                                                            
 c("", "Intron", "0", "0", "0", "0", "0", "0", "0", "0", "0", 
                                                              
 Intron                                                       
 0                                                            
 0                                                            
 0                                                            
 0                                                            
 0                                                            
 0                                                            
 0                                                            
 0                                                            
 0                                                            
 0                                                            
 0                                                            
 0                                                            
 0                                                            
 0                                                            
 0                                                            
 0                                                            
 0                                                            
 0                                                            
 c("", "Hotspots or SVs only", "0", "0", "0", "0", "0", "0", "0", 
                                                                  
 Hotspots or SVs only                                             
 0                                                                
 0                                                                
 0                                                                
 0                                                                
 0                                                                
 0                                                                
 0                                                                
 0                                                                
 0                                                                
 0                                                                
 1                                                                
 1                                                                
 1                                                                
 1                                                                
 0                                                                
 0                                                                
 0                                                                
 0                                                                
 c("MSK-IMPACT", "Coverage in Panel?", "1", "0", "0", "0", "1", 
 MSK-IMPACT                                                     
 Coverage in Panel?                                             
 1                                                              
 0                                                              
 0                                                              
 0                                                              
 1                                                              
 0                                                              
 0                                                              
 0                                                              
 0                                                              
 0                                                              
 1                                                              
 1                                                              
 1                                                              
 1                                                              
 1                                                              
 1                                                              
 1                                                              
 0                                                              
 c("", "Transcript Isoform(s)", "NM_005157", "", "", "", "NM_001111067", 
                                                                         
 Transcript Isoform(s)                                                   
 NM_005157                                                               
                                                                         
                                                                         
                                                                         
 NM_001111067                                                            
                                                                         
                                                                         
                                                                         
                                                                         
                                                                         
 NM_001014431                                                            
 NM_001626                                                               
 NM_005465                                                               
 NM_004304                                                               
 NM_001139                                                               
 NM_152424                                                               
 NM_000038                                                               
                                                                         
 c("", "Promoter", "0", "0", "0", "0", "0", "0", "0", "0", "0", 
                                                                
 Promoter                                                       
 0                                                              
 0                                                              
 0                                                              
 0                                                              
 0                                                              
 0                                                              
 0                                                              
 0                                                              
 0                                                              
 0                                                              
 0                                                              
 0                                                              
 0                                                              
 0                                                              
 0                                                              
 0                                                              
 0                                                              
 0                                                              
 c("", "Coding", "1", "0", "0", "0", "1", "0", "0", "0", "0", 
                                                              
 Coding                                                       
 1                                                            
 0                                                            
 0                                                            
 0                                                            
 1                                                            
 0                                                            
 0                                                            
 0                                                            
 0                                                            
 0                                                            
 1                                                            
 1                                                            
 1                                                            
 1                                                            
 1                                                            
 1                                                            
 1                                                            
 0                                                            
 c("", "Intron", "0", "0", "0", "0", "0", "0", "0", "0", "0", 
                                                              
 Intron                                                       
 0                                                            
 0                                                            
 0                                                            
 0                                                            
 0                                                            
 0                                                            
 0                                                            
 0                                                            
 0                                                            
 0                                                            
 0                                                            
 0                                                            
 0                                                            
 0                                                            
 0                                                            
 0                                                            
 0                                                            
 0                                                            
 c("", "Hotspots or SVs only", "0", "0", "0", "0", "0", "0", "0", 
                                                                  
 Hotspots or SVs only                                             
 0                                                                
 0                                                                
 0                                                                
 0                                                                
 0                                                                
 0                                                                
 0                                                                
 0                                                                
 0                                                                
 0                                                                
 0                                                                
 0                                                                
 0                                                                
 0                                                                
 0                                                                
 0                                                                
 0                                                                
 0                                                                
 c("CHOP CHMP/CSTP", "Coverage in Panel?", "1", "0", "0", "0", 
 CHOP CHMP/CSTP                                                
 Coverage in Panel?                                            
 1                                                             
 0                                                             
 0                                                             
 0                                                             
 1                                                             
 0                                                             
 0                                                             
 0                                                             
 0                                                             
 0                                                             
 1                                                             
 1                                                             
 1                                                             
 1                                                             
 0                                                             
 1                                                             
 1                                                             
 0                                                             
 c("", "Promoter", "0", "0", "0", "0", "0", "0", "0", "0", "0", 
                                                                
 Promoter                                                       
 0                                                              
 0                                                              
 0                                                              
 0                                                              
 0                                                              
 0                                                              
 0                                                              
 0                                                              
 0                                                              
 0                                                              
 0                                                              
 0                                                              
 0                                                              
 0                                                              
 0                                                              
 0                                                              
 0                                                              
 0                                                              
 c("", "Coding", "1", "1", "1", "1", "1", "1", "1", "1", "1", 
                                                              
 Coding                                                       
 1                                                            
 1                                                            
 1                                                            
 1                                                            
 1                                                            
 1                                                            
 1                                                            
 1                                                            
 1                                                            
 1                                                            
 1                                                            
 1                                                            
 1                                                            
 1                                                            
 1                                                            
 1                                                            
 1                                                            
 1                                                            
 c("", "Intron", "0", "0", "0", "0", "0", "0", "0", "0", "0", 
                                                              
 Intron                                                       
 0                                                            
 0                                                            
 0                                                            
 0                                                            
 0                                                            
 0                                                            
 0                                                            
 0                                                            
 0                                                            
 0                                                            
 0                                                            
 0                                                            
 0                                                            
 0                                                            
 0                                                            
 0                                                            
 0                                                            
 0                                                            
 c("", "Hotspots or SVs only", "0", "0", "0", "0", "0", "0", "0", 
                                                                  
 Hotspots or SVs only                                             
 0                                                                
 0                                                                
 0                                                                
 0                                                                
 0                                                                
 0                                                                
 0                                                                
 0                                                                
 0                                                                
 0                                                                
 0                                                                
 0                                                                
 0                                                                
 0                                                                
 0                                                                
 0                                                                
 0                                                                
 0                                                                


========================================
Sheet: S7C - Surrey et al Panels
========================================
dim: 500 rows x 7 cols
 c("Sr. No.", "", "", "1", "2", "3", "4", "5", "6", "7", "8", 
 Sr. No.                                                      
                                                              
                                                              
 1                                                            
 2                                                            
 3                                                            
 4                                                            
 5                                                            
 6                                                            
 7                                                            
 8                                                            
 9                                                            
 10                                                           
 11                                                           
 12                                                           
 13                                                           
 14                                                           
 15                                                           
 16                                                           
 17                                                           
 c("Official Gene Symbol", "", "", "ABL1", "ABL2", "ACIN1", "ACTB", 
 Official Gene Symbol                                               
                                                                    
                                                                    
 ABL1                                                               
 ABL2                                                               
 ACIN1                                                              
 ACTB                                                               
 ACVR1                                                              
 AFDN                                                               
 AFF1                                                               
 AFF4                                                               
 AKT1                                                               
 AKT2                                                               
 AKT3                                                               
 ALK                                                                
 AMER1                                                              
 APC                                                                
 AR                                                                 
 ARAF                                                               
 ARHGAP26                                                           
 c("SJPedPanel", "", "", "1", "1", "1", "1", "1", "1", "1", "1", 
 SJPedPanel                                                      
                                                                 
                                                                 
 1                                                               
 1                                                               
 1                                                               
 1                                                               
 1                                                               
 1                                                               
 1                                                               
 1                                                               
 1                                                               
 1                                                               
 1                                                               
 1                                                               
 1                                                               
 1                                                               
 0                                                               
 0                                                               
 0                                                               
 c("Surrey et al. (2019)", "DNA Panels", "Comprehesnive Hematological Malignancy Panel (CHMP)", 
 Surrey et al. (2019)                                                                           
 DNA Panels                                                                                     
 Comprehesnive Hematological Malignancy Panel (CHMP)                                            
 1                                                                                              
 0                                                                                              
 0                                                                                              
 0                                                                                              
 0                                                                                              
 0                                                                                              
 0                                                                                              
 0                                                                                              
 0                                                                                              
 0                                                                                              
 0                                                                                              
 0                                                                                              
 0                                                                                              
 0                                                                                              
 0                                                                                              
 0                                                                                              
 0                                                                                              
 c("", "", "Comprehensive Solid Tumor Panel (CSTP)", "1", "0", 
                                                               
                                                               
 Comprehensive Solid Tumor Panel (CSTP)                        
 1                                                             
 0                                                             
 0                                                             
 0                                                             
 1                                                             
 0                                                             
 0                                                             
 0                                                             
 1                                                             
 1                                                             
 1                                                             
 1                                                             
 1                                                             
 1                                                             
 1                                                             
 1                                                             
 0                                                             
 c("", "RNA Panel", "Fusion Panel (RNA)", "1", "1", "0", "0", 
                                                              
 RNA Panel                                                    
 Fusion Panel (RNA)                                           
 1                                                            
 1                                                            
 0                                                            
 0                                                            
 0                                                            
 0                                                            
 0                                                            
 0                                                            
 0                                                            
 0                                                            
 1                                                            
 1                                                            
 0                                                            
 0                                                            
 0                                                            
 0                                                            
 1                                                            
 c("", "Combined Panel (DNA/RNA)", "", "1", "1", "0", "0", "1", 
                                                                
 Combined Panel (DNA/RNA)                                       
                                                                
 1                                                              
 1                                                              
 0                                                              
 0                                                              
 1                                                              
 0                                                              
 0                                                              
 0                                                              
 1                                                              
 1                                                              
 1                                                              
 1                                                              
 1                                                              
 1                                                              
 1                                                              
 1                                                              
 1                                                              


========================================
Sheet: S7D - Reported Fusions Coverage
========================================
dim: 75 rows x 5 cols
 c("Sr. No.", "1", "2", "3", "4", "5", "6", "7", "8", "9", "10", 
 Sr. No.                                                         
 1                                                               
 2                                                               
 3                                                               
 4                                                               
 5                                                               
 6                                                               
 7                                                               
 8                                                               
 9                                                               
 10                                                              
 11                                                              
 12                                                              
 13                                                              
 14                                                              
 15                                                              
 16                                                              
 17                                                              
 18                                                              
 19                                                              
 c("Representative Gene", "KMT2A", "BRAF", "PAX5", "ALK", "NUP98", 
 Representative Gene                                               
 KMT2A                                                             
 BRAF                                                              
 PAX5                                                              
 ALK                                                               
 NUP98                                                             
 JAK2                                                              
 NTRK2                                                             
 MLLT10                                                            
 ETV6                                                              
 EWSR1                                                             
 ROS1                                                              
 RUNX1                                                             
 ZNF384                                                            
 MET                                                               
 NPM1                                                              
 NTRK1                                                             
 MYB                                                               
 FUS                                                               
 RET                                                               
 c("Fusion partners", "MLLT3,MLLT10,AFDN,AFF1,MLLT1,ELL,SEPTIN6,USP2,MLLT11,MLLT6,MYO1F,LASP1,ABI1,A...", 
 Fusion partners                                                                                          
 MLLT3,MLLT10,AFDN,AFF1,MLLT1,ELL,SEPTIN6,USP2,MLLT11,MLLT6,MYO1F,LASP1,ABI1,A...                         
 KIAA1549,FAM131B,PID1,RNF130,AGK,ANTXR1,EML4,GTF2I,MACF1,MBNL1,NRF1,TAX1BP1,T...                         
 NOL4L,AUTS2,CBFA2T3,ETV6,FBRSL1,KLF3,BCOR,DACH1,ESRRA,FOXP1,GREB1L,NCOA5,FAM1...                         
 SPTBN1,PPP1CB,CCDC88A,CLIP1,CLIP2,DCTN1,HIP1,RANBP2,SQSTM1,TPM3,BIRC6,RAB10                              
 NSD1,KDM5A,PHF23,BPTF,CADM1,DDX10,JADE2,RAP1GDS1,ZFX,BRWD3,PRRX1                                         
 PAX5,BCR,ETV6,SSBP2,ATF7IP,GOLGB1,PPFIBP1,TPR,BICD2,STRN3                                                
 KANK1,AFAP1,BEND5,DIAPH2,EML1,GKAP1,KCTD8,NAV1,SLMAP,VCL                                                 
 PICALM,DDX3X,TEC,MAP2K2,NAP1L1,XPO1,DDX3Y,DDX10                                                          
 RUNX1,NIPBL,EP300,FAM169BP,FOXO1,INO80D,SKAP1,MN1                                                        
 FLI1,ERG,WT1,FEV,ATF1,CREM,ELF5,KLF15                                                                    
 GOPC,TFG,CLIP1,EEF1G,TRIM24,ZCCHC8                                                                       
 RUNX1T1,CBFA2T3,CBFA2T2,USP42,ZFPM2                                                                      
 EP300,TCF3,TAF15,ARID1B,SMARCA2                                                                          
 HIP1,HNRNPA2B1,KLHL7,PTPRZ1,TSPAN12                                                                      
 CCDC28A,MLF1,ALK,RARA,HAUS1                                                                              
 TPM3,ARHGEF2,GSN,LMNA,PDE4DIP                                                                            
 GATA1,QKI,NFIB,CLINT1                                                                                    
 ERG,FEV,FLI1,NFATC2                                                                                      
 CCDC6,NCOA4,KIAA1217,VCL                                                                                 
 c("Number of partners", "32", "16", "15", "12", "11", "10", "10", 
 Number of partners                                                
 32                                                                
 16                                                                
 15                                                                
 12                                                                
 11                                                                
 10                                                                
 10                                                                
 8                                                                 
 8                                                                 
 8                                                                 
 6                                                                 
 5                                                                 
 5                                                                 
 5                                                                 
 5                                                                 
 5                                                                 
 4                                                                 
 4                                                                 
 4                                                                 
 c("Representative gene Covered in SJPedPanel?", "Y", "Y", "Y", 
 Representative gene Covered in SJPedPanel?                     
 Y                                                              
 Y                                                              
 Y                                                              
 Y                                                              
 Y                                                              
 Y                                                              
 Y                                                              
 Y                                                              
 Y                                                              
 Y                                                              
 Y                                                              
 Y                                                              
 Y                                                              
 Y                                                              
 Y                                                              
 Y                                                              
 Y                                                              
 Y                                                              
 Y                                                              


========================================
Sheet: S8 -183 drivers panel comp.
========================================
dim: 190 rows x 17 cols
 c("Sr. No.", "", "1", "2", "3", "4", "5", "6", "7", "8", "9", 
 Sr. No.                                                       
                                                               
 1                                                             
 2                                                             
 3                                                             
 4                                                             
 5                                                             
 6                                                             
 7                                                             
 8                                                             
 9                                                             
 10                                                            
 11                                                            
 12                                                            
 13                                                            
 14                                                            
 15                                                            
 16                                                            
 17                                                            
 18                                                            
 c("Official Gene name", "", "AADACL4", "ABL1", "ACTB", "ACVR1", 
 Official Gene name                                              
                                                                 
 AADACL4                                                         
 ABL1                                                            
 ACTB                                                            
 ACVR1                                                           
 ADD3                                                            
 AKT1                                                            
 ALK                                                             
 AMER1                                                           
 ARID1A                                                          
 ARID2                                                           
 ASXL1                                                           
 ASXL2                                                           
 ATF7IP                                                          
 ATRX                                                            
 BAZ1A                                                           
 BCL11B                                                          
 BCOR                                                            
 BCORL1                                                          
 c("Ma et al., 2018 (Cohort size = 1699)", "Reported driver genes (n=142)", 
 Ma et al., 2018 (Cohort size = 1699)                                       
 Reported driver genes (n=142)                                              
                                                                            
 ABL1                                                                       
 ACTB                                                                       
                                                                            
 ADD3                                                                       
 AKT1                                                                       
 ALK                                                                        
 AMER1                                                                      
 ARID1A                                                                     
 ARID2                                                                      
 ASXL1                                                                      
 ASXL2                                                                      
 ATF7IP                                                                     
 ATRX                                                                       
 BAZ1A                                                                      
 BCL11B                                                                     
 BCOR                                                                       
 BCORL1                                                                     
 c("", "#Samples with mutations in gene", "0", "29", "8", "0", 
                                                               
 #Samples with mutations in gene                               
 0                                                             
 29                                                            
 8                                                             
 0                                                             
 17                                                            
 6                                                             
 33                                                            
 6                                                             
 9                                                             
 12                                                            
 17                                                            
 16                                                            
 9                                                             
 56                                                            
 8                                                             
 38                                                            
 16                                                            
 13                                                            
 c("", "%Cohort Frequency", "0", "1.70688640376692", "0.47086521483225402", 
                                                                            
 %Cohort Frequency                                                          
 0                                                                          
 1.70688640376692                                                           
 0.47086521483225402                                                        
 0                                                                          
 1.00058858151854                                                           
 0.35314891112419                                                           
 1.94231901118304                                                           
 0.35314891112419                                                           
 0.52972336668628595                                                        
 0.706297822248381                                                          
 1.00058858151854                                                           
 0.94173042966450804                                                        
 0.52972336668628595                                                        
 3.2960565038257799                                                         
 0.47086521483225402                                                        
 2.2366097704532                                                            
 0.94173042966450804                                                        
 0.76515597410241298                                                        
 c("Grobner et al., 2018 (Cohort size = 961)", "Reported driver genes (n=77)", 
 Grobner et al., 2018 (Cohort size = 961)                                      
 Reported driver genes (n=77)                                                  
 AADACL4                                                                       
                                                                               
                                                                               
 ACVR1                                                                         
                                                                               
                                                                               
 ALK                                                                           
                                                                               
 ARID1A                                                                        
                                                                               
                                                                               
                                                                               
                                                                               
 ATRX                                                                          
                                                                               
                                                                               
 BCOR                                                                          
 BCORL1                                                                        
 c("", "#Samples with mutations in gene", "2", "0", "0", "14", 
                                                               
 #Samples with mutations in gene                               
 2                                                             
 0                                                             
 0                                                             
 14                                                            
 0                                                             
 0                                                             
 4                                                             
 0                                                             
 11                                                            
 0                                                             
 0                                                             
 0                                                             
 0                                                             
 29                                                            
 0                                                             
 0                                                             
 11                                                            
 10                                                            
 c("", "%Cohort Frequency", "0.20811654526534801", "0", "0", "1.4568158168574401", 
                                                                                   
 %Cohort Frequency                                                                 
 0.20811654526534801                                                               
 0                                                                                 
 0                                                                                 
 1.4568158168574401                                                                
 0                                                                                 
 0                                                                                 
 0.41623309053069701                                                               
 0                                                                                 
 1.14464099895941                                                                  
 0                                                                                 
 0                                                                                 
 0                                                                                 
 0                                                                                 
 3.0176899063475502                                                                
 0                                                                                 
 0                                                                                 
 1.14464099895941                                                                  
 1.04058272632674                                                                  
 c("Coverage of pediatric cancer driver gene in the panels", "SJPedPanel", 
 Coverage of pediatric cancer driver gene in the panels                    
 SJPedPanel                                                                
 0                                                                         
 1                                                                         
 1                                                                         
 1                                                                         
 0                                                                         
 1                                                                         
 1                                                                         
 1                                                                         
 1                                                                         
 1                                                                         
 1                                                                         
 1                                                                         
 1                                                                         
 1                                                                         
 1                                                                         
 1                                                                         
 1                                                                         
 1                                                                         
 c("", "Foundation One Heme", "0", "1", "1", "0", "0", "1", "1", 
                                                                 
 Foundation One Heme                                             
 0                                                               
 1                                                               
 1                                                               
 0                                                               
 0                                                               
 1                                                               
 1                                                               
 1                                                               
 1                                                               
 1                                                               
 1                                                               
 0                                                               
 0                                                               
 1                                                               
 0                                                               
 1                                                               
 1                                                               
 1                                                               
 c("", "MSK-IMPACT", "0", "1", "0", "1", "0", "1", "1", "1", "1", 
                                                                  
 MSK-IMPACT                                                       
 0                                                                
 1                                                                
 0                                                                
 1                                                                
 0                                                                
 1                                                                
 1                                                                
 1                                                                
 1                                                                
 1                                                                
 1                                                                
 1                                                                
 0                                                                
 1                                                                
 0                                                                
 0                                                                
 1                                                                
 0                                                                
 c("", "OncoKids", "0", "1", "0", "1", "0", "1", "1", "0", "1", 
                                                                
 OncoKids                                                       
 0                                                              
 1                                                              
 0                                                              
 1                                                              
 0                                                              
 1                                                              
 1                                                              
 0                                                              
 1                                                              
 0                                                              
 1                                                              
 1                                                              
 0                                                              
 1                                                              
 0                                                              
 1                                                              
 1                                                              
 0                                                              
 c("", "Foundation One CDX", "0", "1", "0", "0", "0", "1", "1", 
                                                                
 Foundation One CDX                                             
 0                                                              
 1                                                              
 0                                                              
 0                                                              
 0                                                              
 1                                                              
 1                                                              
 1                                                              
 1                                                              
 0                                                              
 1                                                              
 0                                                              
 0                                                              
 1                                                              
 0                                                              
 0                                                              
 1                                                              
 1                                                              
 c("", "Thermo Fisher Scientific \\r\\nOncomine Comprehensive Assay v3", 
                                                                         
 Thermo Fisher Scientific \r\nOncomine Comprehensive Assay v3            
 0                                                                       
 0                                                                       
 0                                                                       
 0                                                                       
 0                                                                       
 1                                                                       
 1                                                                       
 0                                                                       
 1                                                                       
 0                                                                       
 0                                                                       
 0                                                                       
 0                                                                       
 1                                                                       
 0                                                                       
 0                                                                       
 0                                                                       
 0                                                                       
 c("", "CHOP DNA Panels", "0", "1", "0", "1", "0", "1", "1", "1", 
                                                                  
 CHOP DNA Panels                                                  
 0                                                                
 1                                                                
 0                                                                
 1                                                                
 0                                                                
 1                                                                
 1                                                                
 1                                                                
 1                                                                
 1                                                                
 1                                                                
 0                                                                
 0                                                                
 1                                                                
 0                                                                
 1                                                                
 1                                                                
 1                                                                
 c("Present in OncoKB?", "", "0", "1", "1", "1", "0", "1", "1", 
 Present in OncoKB?                                             
                                                                
 0                                                              
 1                                                              
 1                                                              
 1                                                              
 0                                                              
 1                                                              
 1                                                              
 1                                                              
 1                                                              
 1                                                              
 1                                                              
 1                                                              
 0                                                              
 1                                                              
 0                                                              
 1                                                              
 1                                                              
 1                                                              
 c("Present in CHOP DNA/RNA panels?", "", "0", "1", "0", "1", 
 Present in CHOP DNA/RNA panels?                              
                                                              
 0                                                            
 1                                                            
 0                                                            
 1                                                            
 0                                                            
 1                                                            
 1                                                            
 1                                                            
 1                                                            
 1                                                            
 1                                                            
 0                                                            
 0                                                            
 1                                                            
 0                                                            
 1                                                            
 1                                                            
 1                                                            


========================================
Sheet: S9 - COLO829 regionQC
========================================
dim: 5014 rows x 11 cols
 c("", "", "Sr. No.", "1", "2", "3", "4", "5", "6", "7", "8", 
                                                              
                                                              
 Sr. No.                                                      
 1                                                            
 2                                                            
 3                                                            
 4                                                            
 5                                                            
 6                                                            
 7                                                            
 8                                                            
 9                                                            
 10                                                           
 11                                                           
 12                                                           
 13                                                           
 14                                                           
 15                                                           
 16                                                           
 17                                                           
 c("", "", "Chr", "chr1", "chr1", "chr1", "chr1", "chr1", "chr1", 
                                                                  
                                                                  
 Chr                                                              
 chr1                                                             
 chr1                                                             
 chr1                                                             
 chr1                                                             
 chr1                                                             
 chr1                                                             
 chr1                                                             
 chr1                                                             
 chr1                                                             
 chr1                                                             
 chr1                                                             
 chr1                                                             
 chr1                                                             
 chr1                                                             
 chr1                                                             
 chr1                                                             
 chr1                                                             
 c("", "", "Start", "1718760", "1720482", "1721824", "1724674", 
                                                                
                                                                
 Start                                                          
 1718760                                                        
 1720482                                                        
 1721824                                                        
 1724674                                                        
 1735848                                                        
 1737904                                                        
 1747185                                                        
 1749266                                                        
 1756826                                                        
 6246722                                                        
 6252980                                                        
 6257702                                                        
 6259612                                                        
 9770504                                                        
 9775589                                                        
 9775897                                                        
 9776488                                                        
 c("", "", "End", "1718886", "1720718", "1722045", "1724760", 
                                                              
                                                              
 End                                                          
 1718886                                                      
 1720718                                                      
 1722045                                                      
 1724760                                                      
 1736030                                                      
 1737987                                                      
 1747311                                                      
 1749324                                                      
 1756902                                                      
 6246886                                                      
 6253124                                                      
 6257826                                                      
 6259643                                                      
 9770664                                                      
 9775837                                                      
 9776146                                                      
 9776687                                                      
 c("", "", "Gene", "GNB1", "GNB1", "GNB1", "GNB1", "GNB1", "GNB1", 
                                                                   
                                                                   
 Gene                                                              
 GNB1                                                              
 GNB1                                                              
 GNB1                                                              
 GNB1                                                              
 GNB1                                                              
 GNB1                                                              
 GNB1                                                              
 GNB1                                                              
 GNB1                                                              
 RPL22                                                             
 RPL22                                                             
 RPL22                                                             
 RPL22                                                             
 PIK3CD                                                            
 PIK3CD                                                            
 PIK3CD                                                            
 PIK3CD                                                            
 c("", "", "Length", "127", "237", "222", "87", "183", "84", "127", 
                                                                    
                                                                    
 Length                                                             
 127                                                                
 237                                                                
 222                                                                
 87                                                                 
 183                                                                
 84                                                                 
 127                                                                
 59                                                                 
 77                                                                 
 165                                                                
 145                                                                
 125                                                                
 32                                                                 
 161                                                                
 249                                                                
 250                                                                
 200                                                                
 c("High depth", "Illumina NovaSeq", "C1", "2180.09", "1910.06", 
 High depth                                                      
 Illumina NovaSeq                                                
 C1                                                              
 2180.09                                                         
 1910.06                                                         
 2311.87                                                         
 2098.0100000000002                                              
 2384.71                                                         
 2498.61                                                         
 2951.92                                                         
 2642.59                                                         
 2656.39                                                         
 1780.19                                                         
 2407.3200000000002                                              
 2910.7                                                          
 2978.06                                                         
 2625.43                                                         
 3637.44                                                         
 3642.46                                                         
 3291.34                                                         
 c("", "Illumina NextSeq", "C2", "1221.55", "1179.67", "1294.58", 
                                                                  
 Illumina NextSeq                                                 
 C2                                                               
 1221.55                                                          
 1179.67                                                          
 1294.58                                                          
 1225                                                             
 1641.86                                                          
 1575.89                                                          
 1633.02                                                          
 1776.73                                                          
 1943.99                                                          
 1287.69                                                          
 1597.39                                                          
 1902.5                                                           
 1307.75                                                          
 1432.94                                                          
 1635.09                                                          
 1271.95                                                          
 1625.63                                                          
 c("Low depth", "Illumina NovaSeq", "C3", "233.82", "200.93", 
 Low depth                                                    
 Illumina NovaSeq                                             
 C3                                                           
 233.82                                                       
 200.93                                                       
 209.49                                                       
 226.22                                                       
 231.93                                                       
 270                                                          
 312.02                                                       
 277.19                                                       
 305.47000000000003                                           
 171.05                                                       
 250.1                                                        
 286.37                                                       
 304.91000000000003                                           
 302.49                                                       
 358.22                                                       
 349.18                                                       
 317.58                                                       
 c("", "Illumina NextSeq", "C4", "129.63", "128.84", "119.45", 
                                                               
 Illumina NextSeq                                              
 C4                                                            
 129.63                                                        
 128.84                                                        
 119.45                                                        
 107.1                                                         
 143.83000000000001                                            
 181.74                                                        
 169.74                                                        
 162.81                                                        
 215.04                                                        
 119.13                                                        
 157.13                                                        
 192.72                                                        
 115.44                                                        
 166.38                                                        
 168.36                                                        
 122.31                                                        
 188.34                                                        
 c("", "", "Remark", "", "", "", "", "", "", "", "", "", "", "", 
                                                                 
                                                                 
 Remark                                                          
                                                                 
                                                                 
                                                                 
                                                                 
                                                                 
                                                                 
                                                                 
                                                                 
                                                                 
                                                                 
                                                                 
                                                                 
                                                                 
                                                                 
                                                                 
                                                                 
                                                                 


========================================
Sheet: S10 - Poorly covered 27 regions
========================================
dim: 34 rows x 22 cols
 c("Sr. No.", "1", "2", "3", "4", "5", "6", "7", "8", "9", "10", 
 Sr. No.                                                         
 1                                                               
 2                                                               
 3                                                               
 4                                                               
 5                                                               
 6                                                               
 7                                                               
 8                                                               
 9                                                               
 10                                                              
 11                                                              
 12                                                              
 13                                                              
 14                                                              
 15                                                              
 16                                                              
 17                                                              
 18                                                              
 19                                                              
 c("Chr", "chr6", "chr7", "chrX", "chr10", "chr10", "chr10", "chrX", 
 Chr                                                                 
 chr6                                                                
 chr7                                                                
 chrX                                                                
 chr10                                                               
 chr10                                                               
 chr10                                                               
 chrX                                                                
 chr10                                                               
 chr10                                                               
 chrX                                                                
 chr1                                                                
 chr7                                                                
 chr11                                                               
 chrX                                                                
 chrX                                                                
 chrX                                                                
 chrX                                                                
 chr19                                                               
 chr4                                                                
 c("Start", "79787407", "148504728", "70345503", "88985578", "124343828", 
 Start                                                                    
 79787407                                                                 
 148504728                                                                
 70345503                                                                 
 88985578                                                                 
 124343828                                                                
 124361303                                                                
 70357398                                                                 
 124360497                                                                
 124341299                                                                
 18231884                                                                 
 120572519                                                                
 6013020                                                                  
 31811472                                                                 
 123195611                                                                
 123184961                                                                
 44918241                                                                 
 123200015                                                                
 6279774                                                                  
 190998791                                                                
 c("End", "79787456", "148504808", "70345573", "88988729", "124343877", 
 End                                                                    
 79787456                                                               
 148504808                                                              
 70345573                                                               
 88988729                                                               
 124343877                                                              
 124361646                                                              
 70357495                                                               
 124360549                                                              
 124341351                                                              
 18232041                                                               
 120572620                                                              
 6013183                                                                
 31811577                                                               
 123195734                                                              
 123185079                                                              
 44918359                                                               
 123200122                                                              
 6279805                                                                
 191000610                                                              
 c("Gene", "PHIP", "EZH2", "MED12", "NUTM2A", "DMBT1", "DMBT1", 
 Gene                                                           
 PHIP                                                           
 EZH2                                                           
 MED12                                                          
 NUTM2A                                                         
 DMBT1                                                          
 DMBT1                                                          
 MED12                                                          
 DMBT1                                                          
 DMBT1                                                          
 BEND2                                                          
 NOTCH2                                                         
 PMS2                                                           
 PAX6                                                           
 STAG2                                                          
 STAG2                                                          
 KDM6A                                                          
 STAG2                                                          
 MLLT1                                                          
 DUX4                                                           
 c("Length", "50", "81", "71", "3152", "50", "344", "98", "53", 
 Length                                                         
 50                                                             
 81                                                             
 71                                                             
 3152                                                           
 50                                                             
 344                                                            
 98                                                             
 53                                                             
 53                                                             
 158                                                            
 102                                                            
 164                                                            
 106                                                            
 124                                                            
 119                                                            
 119                                                            
 108                                                            
 32                                                             
 1820                                                           
 c("Region", "PHIP (chr6:79787407-79787456)", "EZH2 (chr7:148504728-148504808)", 
 Region                                                                          
 PHIP (chr6:79787407-79787456)                                                   
 EZH2 (chr7:148504728-148504808)                                                 
 MED12 (chrX:70345503-70345573)                                                  
 NUTM2A (chr10:88985578-88988729)                                                
 DMBT1 (chr10:124343828-124343877)                                               
 DMBT1 (chr10:124361303-124361646)                                               
 MED12 (chrX:70357398-70357495)                                                  
 DMBT1 (chr10:124360497-124360549)                                               
 DMBT1 (chr10:124341299-124341351)                                               
 BEND2 (chrX:18231884-18232041)                                                  
 NOTCH2 (chr1:120572519-120572620)                                               
 PMS2 (chr7:6013020-6013183)                                                     
 PAX6 (chr11:31811472-31811577)                                                  
 STAG2 (chrX:123195611-123195734)                                                
 STAG2 (chrX:123184961-123185079)                                                
 KDM6A (chrX:44918241-44918359)                                                  
 STAG2 (chrX:123200015-123200122)                                                
 MLLT1 (chr19:6279774-6279805)                                                   
 DUX4 (chr4:190998791-191000610)                                                 
 c("COLO829BL C1", "183.82", "95.57", "520.17999999999995", "671.08", 
 COLO829BL C1                                                         
 183.82                                                               
 95.57                                                                
 520.17999999999995                                                   
 671.08                                                               
 64.72                                                                
 7.58                                                                 
 558.67999999999995                                                   
 325.42                                                               
 100.75                                                               
 13.61                                                                
 280.41000000000003                                                   
 286.43                                                               
 437.99                                                               
 584.4                                                                
 529.09                                                               
 669.28                                                               
 500.34                                                               
 6.66                                                                 
 0                                                                    
 c("COLO829BL C2", "28.44", "47.41", "266.02999999999997", "248.68", 
 COLO829BL C2                                                        
 28.44                                                               
 47.41                                                               
 266.02999999999997                                                  
 248.68                                                              
 15.9                                                                
 1.03                                                                
 357.04                                                              
 186.4                                                               
 57.43                                                               
 9.19                                                                
 196.22                                                              
 138.04                                                              
 189.4                                                               
 384.74                                                              
 414.11                                                              
 450.54                                                              
 285.19                                                              
 0                                                                   
 0                                                                   
 c("COLO829BL C3", "24.46", "7.9", "36.479999999999997", "69.819999999999993", 
 COLO829BL C3                                                                  
 24.46                                                                         
 7.9                                                                           
 36.479999999999997                                                            
 69.819999999999993                                                            
 4.4000000000000004                                                            
 0.57999999999999996                                                           
 46.45                                                                         
 28.15                                                                         
 19.53                                                                         
 0                                                                             
 25.45                                                                         
 22.12                                                                         
 49.19                                                                         
 52.85                                                                         
 55.25                                                                         
 63.19                                                                         
 51.43                                                                         
 0                                                                             
 0                                                                             
 c("COLO829BL C4", "2.92", "3", "25.92", "24.64", "0.38", "0.7", 
 COLO829BL C4                                                    
 2.92                                                            
 3                                                               
 25.92                                                           
 24.64                                                           
 0.38                                                            
 0.7                                                             
 32.369999999999997                                              
 8.4499999999999993                                              
 6.19                                                            
 0.63                                                            
 14.92                                                           
 15.04                                                           
 26.56                                                           
 33.19                                                           
 42.05                                                           
 47.67                                                           
 24.94                                                           
 0                                                               
 0                                                               
 c("Remark", "Poor", "Poor", "Poor", "Poor", "Poor", "Poor", "Poor", 
 Remark                                                              
 Poor                                                                
 Poor                                                                
 Poor                                                                
 Poor                                                                
 Poor                                                                
 Poor                                                                
 Poor                                                                
 Poor                                                                
 Poor                                                                
 Poor                                                                
 Poor                                                                
 Poor                                                                
 Poor                                                                
 Poor                                                                
 Poor                                                                
 Poor                                                                
 Poor                                                                
 Hole                                                                
 Hole                                                                
 c("Transcript Isoform", "NM_017934", "NM_001203247", "NM_005120", 
 Transcript Isoform                                                
 NM_017934                                                         
 NM_001203247                                                      
 NM_005120                                                         
 NM_001099338                                                      
 NM_004406                                                         
 NM_004406                                                         
 NM_005120                                                         
 NM_004406                                                         
 NM_004406                                                         
 NM_153346                                                         
 NM_024408                                                         
 NM_000535                                                         
 NM_000280                                                         
 NM_001042749                                                      
 NM_001042749                                                      
 NM_021140                                                         
 NM_001042749                                                      
 NM_005934                                                         
 NM_001293798                                                      
 c("Covered Exon(s)", "E3", "E20", "E17", "E1,E2", "E14", "E19", 
 Covered Exon(s)                                                 
 E3                                                              
 E20                                                             
 E17                                                             
 E1,E2                                                           
 E14                                                             
 E19                                                             
 E40                                                             
 E18                                                             
 E12                                                             
 E3                                                              
 E2                                                              
 E15                                                             
 E13                                                             
 E17                                                             
 E12                                                             
 E11                                                             
 E22                                                             
 E1                                                              
 E1                                                              
 c("Covered Intron(s)", "", "", "", "I1", "", "", "", "", "", 
 Covered Intron(s)                                            
                                                              
                                                              
                                                              
 I1                                                           
                                                              
                                                              
                                                              
                                                              
                                                              
                                                              
                                                              
                                                              
                                                              
                                                              
                                                              
                                                              
                                                              
                                                              
                                                              
 c("Flank_5'_AT%", "8", "42", "46", "50", "54", "58", "60", "62", 
 Flank_5'_AT%                                                     
 8                                                                
 42                                                               
 46                                                               
 50                                                               
 54                                                               
 58                                                               
 60                                                               
 62                                                               
 62                                                               
 66                                                               
 68                                                               
 72                                                               
 72                                                               
 76                                                               
 78                                                               
 78                                                               
 88                                                               
 6                                                                
 26                                                               
 c("Flank_5'_GC%", "92", "58", "54", "50", "46", "42", "40", "38", 
 Flank_5'_GC%                                                      
 92                                                                
 58                                                                
 54                                                                
 50                                                                
 46                                                                
 42                                                                
 40                                                                
 38                                                                
 38                                                                
 34                                                                
 32                                                                
 28                                                                
 28                                                                
 24                                                                
 22                                                                
 22                                                                
 12                                                                
 94                                                                
 74                                                                
 c("Flank_5'_Homopolymer_runs", "", "GGGGGG", "TTTT, CCCCCC, CCCC", 
 Flank_5'_Homopolymer_runs                                          
                                                                    
 GGGGGG                                                             
 TTTT, CCCCCC, CCCC                                                 
 AAAA                                                               
 TTTT                                                               
                                                                    
 TTTT                                                               
 TTTT, TTTT                                                         
 TTTT, TTTT, TTTT                                                   
 AAAAA, AAAAA                                                       
 AAAAA, AAAA                                                        
 AAAA, AAAAA, AAAA                                                  
 TTTTTTTTTTT                                                        
 TTTTTTTTTTTTTTTTT                                                  
 AAAA, TTTT, TTTTTTTTTTT                                            
 TTTTTTTTTTTTTT                                                     
 TTTTT, AAAA, TTTTTTTTTTTTTTTTTTTTT                                 
 GGGGG, GGGG                                                        
 GGGG, GGGG, GGGGGG                                                 
 c("Flank_3'_AT%", "13.46", "46.15", "38.46", "40.380000000000003", 
 Flank_3'_AT%                                                       
 13.46                                                              
 46.15                                                              
 38.46                                                              
 40.380000000000003                                                 
 57.69                                                              
 50                                                                 
 40.380000000000003                                                 
 51.92                                                              
 55.77                                                              
 73.08                                                              
 65.38                                                              
 59.62                                                              
 65.38                                                              
 73.08                                                              
 71.150000000000006                                                 
 76.92                                                              
 73.08                                                              
 3.85                                                               
 25                                                                 
 c("Flank_3'_GC%", "86.54", "53.85", "61.54", "59.62", "42.31", 
 Flank_3'_GC%                                                   
 86.54                                                          
 53.85                                                          
 61.54                                                          
 59.62                                                          
 42.31                                                          
 50                                                             
 59.62                                                          
 48.08                                                          
 44.23                                                          
 26.92                                                          
 34.619999999999997                                             
 40.380000000000003                                             
 34.619999999999997                                             
 26.92                                                          
 28.85                                                          
 23.08                                                          
 26.92                                                          
 96.15                                                          
 75                                                             
 c("Flank_3'_Homopolymer_runs", "GGGG, CCCC, CCCC, CCCC", "", 
 Flank_3'_Homopolymer_runs                                    
 GGGG, CCCC, CCCC, CCCC                                       
                                                              
 CCCC                                                         
 GGGG                                                         
                                                              
 AAAA                                                         
 GGGGG                                                        
 CCCC, TTTT                                                   
 CCCC, TTTT                                                   
 AAAA, AAAA                                                   
                                                              
 TTTT, TTTTTT                                                 
                                                              
 TTTT, TTTTT, TTTTT                                           
 TTTT                                                         
 AAAAA                                                        
 AAAA, TTTT                                                   
 CCCC, CCCCC, CCCC                                            
 CCCCCC, CCCCC, AAAA, CCCC, CCCCC                             
 c("Comment", "", "", "Challenging Medically Relevant geneΓÇá", 
 Comment                                                      
                                                              
                                                              
 Challenging Medically Relevant geneΓÇá                         
 Paralogs in NUT family (NUTM2B, NUTM2D, NUTM2E)              
 Polymporphic sites in upstream region┬º                       
 Polymporphic sites in upstream region┬º                       
 Challenging Medically Relevant geneΓÇá                         
 Polymporphic sites in upstream region┬º                       
 Polymporphic sites in upstream region┬º                       
                                                              
 Also in MSK-IMPACT, 31 excluded regions┬╢                     
 Challenging Medically Relevant geneΓÇá                         
                                                              
                                                              
                                                              
                                                              
                                                              
                                                              
 Difficult to identify with NGS assayΓÇí.                       


========================================
Sheet: S11 - MSK-IMPACT 31 regions
========================================
dim: 33 rows x 15 cols
 c("", "Sr. No.", "1", "2", "3", "4", "5", "6", "7", "8", "9", 
                                                               
 Sr. No.                                                       
 1                                                             
 2                                                             
 3                                                             
 4                                                             
 5                                                             
 6                                                             
 7                                                             
 8                                                             
 9                                                             
 10                                                            
 11                                                            
 12                                                            
 13                                                            
 14                                                            
 15                                                            
 16                                                            
 17                                                            
 18                                                            
 c("", "Gene", "CHEK2", "FLT3", "H3F3A", "KMT2C", "KMT2C", "KMT2C", 
                                                                    
 Gene                                                               
 CHEK2                                                              
 FLT3                                                               
 H3F3A                                                              
 KMT2C                                                              
 KMT2C                                                              
 KMT2C                                                              
 KMT2C                                                              
 KMT2C                                                              
 KMT2C                                                              
 KMT2C                                                              
 KMT2C                                                              
 KMT2C                                                              
 NOTCH2                                                             
 NOTCH2                                                             
 NOTCH2                                                             
 NOTCH2                                                             
 PIK3CA                                                             
 PIK3R2                                                             
 c("", "Transcript ID", "NM_007194", "NM_004119", "NM_002107", 
                                                               
 Transcript ID                                                 
 NM_007194                                                     
 NM_004119                                                     
 NM_002107                                                     
 NM_170606                                                     
 NM_170606                                                     
 NM_170606                                                     
 NM_170606                                                     
 NM_170606                                                     
 NM_170606                                                     
 NM_170606                                                     
 NM_170606                                                     
 NM_170606                                                     
 NM_024408                                                     
 NM_024408                                                     
 NM_024408                                                     
 NM_024408                                                     
 NM_006218                                                     
 NM_005027                                                     
 c("", "Chromosome Coordinates", "22:29085123-29085203", "13:28674605-28674647", 
                                                                                 
 Chromosome Coordinates                                                          
 22:29085123-29085203                                                            
 13:28674605-28674647                                                            
 1:226259052-226259180                                                           
 7:151970790-151970952                                                           
 7:151962123-151962294                                                           
 7:151935792-151935911                                                           
 7:151932902-151933018                                                           
 7:151927008-151927112                                                           
 7:151921520-151921701                                                           
 7:151921100-151921264                                                           
 7:151919658-151919767                                                           
 7:151904385-151904513                                                           
 1:120611948-120612020                                                           
 1:120572529-120572610                                                           
 1:120547952-120548211                                                           
 1:120539620-120539955                                                           
 3:178937737-178937840                                                           
 19:18272089-18272305                                                            
 c("", "Exon", "14", "1", "4", "7", "8", "15", "16", "18", "19", 
                                                                 
 Exon                                                            
 14                                                              
 1                                                               
 4                                                               
 7                                                               
 8                                                               
 15                                                              
 16                                                              
 18                                                              
 19                                                              
 20                                                              
 21                                                              
 24                                                              
 1                                                               
 2                                                               
 3                                                               
 4                                                               
 13                                                              
 6                                                               
 c("", "cDNA", "1462_1542", "1_43", "283_411", "850_1012", "1013_1184", 
                                                                        
 cDNA                                                                   
 1462_1542                                                              
 1_43                                                                   
 283_411                                                                
 850_1012                                                               
 1013_1184                                                              
 2533_2652                                                              
 2653_2769                                                              
 2872_2976                                                              
 2977_3158                                                              
 3159_3323                                                              
 3324_3433                                                              
 3713_3841                                                              
 1_73                                                                   
 74_155                                                                 
 156_415                                                                
 416_751                                                                
 1912_2015                                                              
 599_815                                                                
 c("", "Amino Acid", "488_514", "1_15", "95_137", "284_338", "338_395", 
                                                                        
 Amino Acid                                                             
 488_514                                                                
 1_15                                                                   
 95_137                                                                 
 284_338                                                                
 338_395                                                                
 845_884                                                                
 885_923                                                                
 958_992                                                                
 993_1053                                                               
 1053_1108                                                              
 1108_1145                                                              
 1238_1281                                                              
 1_25                                                                   
 25_52                                                                  
 52_139                                                                 
 139_251                                                                
 638_672                                                                
 200_272                                                                
 c("Average depth of coverage in four COLO829BL samples sequenced using SJPedPanel", 
 Average depth of coverage in four COLO829BL samples sequenced using SJPedPanel      
 C1                                                                                  
 2410.1999999999998                                                                  
 2627.77                                                                             
 1678.26                                                                             
 8854.2999999999993                                                                  
 7894.69                                                                             
 2673                                                                                
 3532.77                                                                             
 6972.09                                                                             
 1699.41                                                                             
 2092.79                                                                             
 1924.57                                                                             
 2340.2199999999998                                                                  
 4477.2700000000004                                                                  
 282.63                                                                              
 2103                                                                                
 2189.85                                                                             
 1868.6                                                                              
 1902.88                                                                             
 c("", "C2", "1953.88", "599.49", "1184.6500000000001", "7594.32", 
                                                                   
 C2                                                                
 1953.88                                                           
 599.49                                                            
 1184.6500000000001                                                
 7594.32                                                           
 6109.31                                                           
 2012.81                                                           
 2094.75                                                           
 6242.95                                                           
 1248.3599999999999                                                
 1671.52                                                           
 1679.37                                                           
 2025.93                                                           
 1418.48                                                           
 196.79                                                            
 1135.17                                                           
 1307.26                                                           
 1469.71                                                           
 373.39                                                            
 c("", "C3", "263.93", "261.3", "161.13", "885.4", "825.73", "287.92", 
                                                                       
 C3                                                                    
 263.93                                                                
 261.3                                                                 
 161.13                                                                
 885.4                                                                 
 825.73                                                                
 287.92                                                                
 360.85                                                                
 716.15                                                                
 191.51                                                                
 219.17                                                                
 225.56                                                                
 246.53                                                                
 457.64                                                                
 25.12                                                                 
 200.4                                                                 
 217.46                                                                
 195.48                                                                
 172.45                                                                
 c("", "C4", "194.02", "77.3", "122.57", "730.02", "597.88", "199.38", 
                                                                       
 C4                                                                    
 194.02                                                                
 77.3                                                                  
 122.57                                                                
 730.02                                                                
 597.88                                                                
 199.38                                                                
 243.44                                                                
 567.70000000000005                                                    
 128.66999999999999                                                    
 161.13                                                                
 169.61                                                                
 180.85                                                                
 133.1                                                                 
 15.16                                                                 
 116.94                                                                
 153.52000000000001                                                    
 151.13                                                                
 38.46                                                                 
 c("", "#PASS Samples", "4", "4", "4", "4", "4", "4", "4", "4", 
                                                                
 #PASS Samples                                                  
 4                                                              
 4                                                              
 4                                                              
 4                                                              
 4                                                              
 4                                                              
 4                                                              
 4                                                              
 4                                                              
 4                                                              
 4                                                              
 4                                                              
 4                                                              
 0                                                              
 4                                                              
 4                                                              
 4                                                              
 4                                                              
 c("", "", "", "", "", "", "", "", "", "", "", "", "", "", "", 
                                                               
                                                               
                                                               
                                                               
                                                               
                                                               
                                                               
                                                               
                                                               
                                                               
                                                               
                                                               
                                                               
                                                               
                                                               
                                                               
                                                               
                                                               
                                                               
                                                               
 c("Cut-off table", "Sample", "C1", "C2", "C3", "C4", "", "", 
 Cut-off table                                                
 Sample                                                       
 C1                                                           
 C2                                                           
 C3                                                           
 C4                                                           
                                                              
                                                              
                                                              
                                                              
                                                              
                                                              
                                                              
                                                              
                                                              
                                                              
                                                              
                                                              
                                                              
                                                              
 c("", "≡¥¥ü - 2*≡¥¥ê", "715.01", "361.04", "70.37", "34.99", 
                                                        
 ≡¥¥ü - 2*≡¥¥ê                                                
 715.01                                                 
 361.04                                                 
 70.37                                                  
 34.99                                                  
                                                        
                                                        
                                                        
                                                        
                                                        
                                                        
                                                        
                                                        
                                                        
                                                        
                                                        
                                                        
                                                        
                                                        


========================================
Sheet: S12 - COLO829 SNPQC
========================================
dim: 7594 rows x 15 cols
 c("", "", "", "Sr. No.", "1", "2", "3", "4", "5", "6", "7", "8", 
                                                                  
                                                                  
                                                                  
 Sr. No.                                                          
 1                                                                
 2                                                                
 3                                                                
 4                                                                
 5                                                                
 6                                                                
 7                                                                
 8                                                                
 9                                                                
 10                                                               
 11                                                               
 12                                                               
 13                                                               
 14                                                               
 15                                                               
 16                                                               
 c("", "", "", "CHROM", "chr1", "chr1", "chr1", "chr1", "chr1", 
                                                                
                                                                
                                                                
 CHROM                                                          
 chr1                                                           
 chr1                                                           
 chr1                                                           
 chr1                                                           
 chr1                                                           
 chr1                                                           
 chr1                                                           
 chr1                                                           
 chr1                                                           
 chr1                                                           
 chr1                                                           
 chr1                                                           
 chr1                                                           
 chr1                                                           
 chr1                                                           
 chr1                                                           
 c("", "", "", "POS", "998582", "1098421", "1646371", "2112676", 
                                                                 
                                                                 
                                                                 
 POS                                                             
 998582                                                          
 1098421                                                         
 1646371                                                         
 2112676                                                         
 2800354                                                         
 3385256                                                         
 3591143                                                         
 4121610                                                         
 4788886                                                         
 5151476                                                         
 5723376                                                         
 5771142                                                         
 5881752                                                         
 5891383                                                         
 5897007                                                         
 5918956                                                         
 c("", "", "", "ID", "rs3813194", "rs12135382", "rs61776850", 
                                                              
                                                              
                                                              
 ID                                                           
 rs3813194                                                    
 rs12135382                                                   
 rs61776850                                                   
 rs882786                                                     
 rs61763695                                                   
 rs1891143                                                    
 rs3819954                                                    
 rs6665286                                                    
 rs242048                                                     
 rs2199215                                                    
 rs973978                                                     
 rs2783557                                                    
 rs9661578                                                    
 rs56233416                                                   
 rs4623725                                                    
 rs1287623                                                    
 c("", "", "", "REF", "G", "C", "G", "A", "G", "A", "T", "C", 
                                                              
                                                              
                                                              
 REF                                                          
 G                                                            
 C                                                            
 G                                                            
 A                                                            
 G                                                            
 A                                                            
 T                                                            
 C                                                            
 A                                                            
 T                                                            
 A                                                            
 G                                                            
 C                                                            
 C                                                            
 C                                                            
 A                                                            
 c("", "", "", "ALT", "C", "T", "T", "G", "T", "G", "C", "T", 
                                                              
                                                              
                                                              
 ALT                                                          
 C                                                            
 T                                                            
 T                                                            
 G                                                            
 T                                                            
 G                                                            
 C                                                            
 T                                                            
 G                                                            
 C                                                            
 G                                                            
 C                                                            
 T                                                            
 T                                                            
 T                                                            
 G                                                            
 c("", "", "", "gnomAD MAF", "0.44", "0.45", "0.49", "0.55000000000000004", 
                                                                            
                                                                            
                                                                            
 gnomAD MAF                                                                 
 0.44                                                                       
 0.45                                                                       
 0.49                                                                       
 0.55000000000000004                                                        
 0.49                                                                       
 0.55000000000000004                                                        
 0.47                                                                       
 0.47                                                                       
 0.6                                                                        
 0.43                                                                       
 0.55000000000000004                                                        
 0.67                                                                       
 0.55000000000000004                                                        
 0.54                                                                       
 0.63                                                                       
 0.59                                                                       
 c("High depth", "Illumina NovaSeq", "COLO829BL_C1", "Depth of coverage", 
 High depth                                                               
 Illumina NovaSeq                                                         
 COLO829BL_C1                                                             
 Depth of coverage                                                        
 4463                                                                     
 4849                                                                     
 2249                                                                     
 3183                                                                     
 2458                                                                     
 2728                                                                     
 4046                                                                     
 3336                                                                     
 3172                                                                     
 2293                                                                     
 2464                                                                     
 2095                                                                     
 2696                                                                     
 2132                                                                     
 3906                                                                     
 3672                                                                     
 c("", "", "", "VAF", "1", "0.49", "1", "0", "1", "0", "1", "0", 
                                                                 
                                                                 
                                                                 
 VAF                                                             
 1                                                               
 0.49                                                            
 1                                                               
 0                                                               
 1                                                               
 0                                                               
 1                                                               
 0                                                               
 1                                                               
 0.5                                                             
 0.5                                                             
 0.45                                                            
 0.48                                                            
 0.48                                                            
 0.48                                                            
 0.49                                                            
 c("", "Illumina NextSeq", "COLO829BL_C2", "Depth of coverage", 
                                                                
 Illumina NextSeq                                               
 COLO829BL_C2                                                   
 Depth of coverage                                              
 1715                                                           
 1692                                                           
 1422                                                           
 952                                                            
 1069                                                           
 830                                                            
 1693                                                           
 1318                                                           
 1512                                                           
 1900                                                           
 1358                                                           
 1212                                                           
 1547                                                           
 1167                                                           
 1581                                                           
 1638                                                           
 c("", "", "", "VAF", "1", "0.48", "1", "0", "1", "0", "1", "0", 
                                                                 
                                                                 
                                                                 
 VAF                                                             
 1                                                               
 0.48                                                            
 1                                                               
 0                                                               
 1                                                               
 0                                                               
 1                                                               
 0                                                               
 1                                                               
 0.48                                                            
 0.49                                                            
 0.45                                                            
 0.48                                                            
 0.44                                                            
 0.45                                                            
 0.45                                                            
 c("Low depth", "Illumina NovaSeq", "COLO829BL_C3", "Depth of coverage", 
 Low depth                                                               
 Illumina NovaSeq                                                        
 COLO829BL_C3                                                            
 Depth of coverage                                                       
 393                                                                     
 442                                                                     
 224                                                                     
 312                                                                     
 245                                                                     
 267                                                                     
 383                                                                     
 328                                                                     
 340                                                                     
 250                                                                     
 218                                                                     
 202                                                                     
 248                                                                     
 201                                                                     
 352                                                                     
 347                                                                     
 c("", "", "", "VAF", "1", "0.49", "1", "0", "1", "0", "1", "0", 
                                                                 
                                                                 
                                                                 
 VAF                                                             
 1                                                               
 0.49                                                            
 1                                                               
 0                                                               
 1                                                               
 0                                                               
 1                                                               
 0                                                               
 1                                                               
 0.52                                                            
 0.48                                                            
 0.53                                                            
 0.45                                                            
 0.44                                                            
 0.47                                                            
 0.47                                                            
 c("", "Illumina NextSeq", "COLO829BL_C4", "Depth of coverage", 
                                                                
 Illumina NextSeq                                               
 COLO829BL_C4                                                   
 Depth of coverage                                              
 176                                                            
 184                                                            
 145                                                            
 115                                                            
 100                                                            
 73                                                             
 143                                                            
 147                                                            
 152                                                            
 183                                                            
 162                                                            
 108                                                            
 155                                                            
 101                                                            
 146                                                            
 164                                                            
 c("", "", "", "VAF", "1", "0.46", "1", "0", "1", "0", "1", "0.01", 
                                                                    
                                                                    
                                                                    
 VAF                                                                
 1                                                                  
 0.46                                                               
 1                                                                  
 0                                                                  
 1                                                                  
 0                                                                  
 1                                                                  
 0.01                                                               
 1                                                                  
 0.51                                                               
 0.5                                                                
 0.43                                                               
 0.45                                                               
 0.49                                                               
 0.36                                                               
 0.46                                                               


========================================
Sheet: S13A -WGS WES Panel comparison
========================================
dim: 496 rows x 38 cols
 c("", "Sr. No.", "1", "2", "3", "4", "5", "6", "7", "8", "9", 
                                                               
 Sr. No.                                                       
 1                                                             
 2                                                             
 3                                                             
 4                                                             
 5                                                             
 6                                                             
 7                                                             
 8                                                             
 9                                                             
 10                                                            
 11                                                            
 12                                                            
 13                                                            
 14                                                            
 15                                                            
 16                                                            
 17                                                            
 18                                                            
 c("", "Case ID", "SJAML030069", "SJAML030077", "SJAML030079", 
                                                               
 Case ID                                                       
 SJAML030069                                                   
 SJAML030077                                                   
 SJAML030079                                                   
 SJAML030085                                                   
 SJAML030085                                                   
 SJAML030099                                                   
 SJAML030099                                                   
 SJAML030118                                                   
 SJAML030118                                                   
 SJAML030119                                                   
 SJAML030119                                                   
 SJAML030120                                                   
 SJAML030151                                                   
 SJAML030151                                                   
 SJAML030153                                                   
 SJAML030153                                                   
 SJAML030153                                                   
 SJAML030153                                                   
 c("", "Case ID/Samples", "SJAML030069", "SJAML030077", "SJAML030079", 
                                                                       
 Case ID/Samples                                                       
 SJAML030069                                                           
 SJAML030077                                                           
 SJAML030079                                                           
 SJAML030085                                                           
 SJAML030085                                                           
 SJAML030099                                                           
 SJAML030099                                                           
 SJAML030118                                                           
 SJAML030118                                                           
 SJAML030119                                                           
 SJAML030119                                                           
 SJAML030120                                                           
 SJAML030151                                                           
 SJAML030151                                                           
 SJAML030153                                                           
 SJAML030153                                                           
 SJAML030153                                                           
 SJAML030153                                                           
 c("", "Tumor category", "Heme", "Heme", "Heme", "Heme", "Heme", 
                                                                 
 Tumor category                                                  
 Heme                                                            
 Heme                                                            
 Heme                                                            
 Heme                                                            
 Heme                                                            
 Heme                                                            
 Heme                                                            
 Heme                                                            
 Heme                                                            
 Heme                                                            
 Heme                                                            
 Heme                                                            
 Heme                                                            
 Heme                                                            
 Heme                                                            
 Heme                                                            
 Heme                                                            
 Heme                                                            
 c("", "Broad tumor diagnosis", "AML", "AML", "AML", "AML", "AML", 
                                                                   
 Broad tumor diagnosis                                             
 AML                                                               
 AML                                                               
 AML                                                               
 AML                                                               
 AML                                                               
 AML                                                               
 AML                                                               
 AML                                                               
 AML                                                               
 AML                                                               
 AML                                                               
 AML                                                               
 AML                                                               
 AML                                                               
 AML                                                               
 AML                                                               
 AML                                                               
 AML                                                               
 c("", "Variant type", "Fusion/SV", "Indel", "Fusion/SV", "Fusion/SV", 
                                                                       
 Variant type                                                          
 Fusion/SV                                                             
 Indel                                                                 
 Fusion/SV                                                             
 Fusion/SV                                                             
 SNV                                                                   
 Indel                                                                 
 SNV                                                                   
 SNV                                                                   
 Fusion/SV                                                             
 Indel                                                                 
 Fusion/SV                                                             
 Fusion/SV                                                             
 Fusion/SV                                                             
 Indel                                                                 
 SV                                                                    
 Indel                                                                 
 SNV                                                                   
 SNV                                                                   
 c("", "Very rare tumor types", "", "", "", "", "", "", "", "", 
                                                                
 Very rare tumor types                                          
                                                                
                                                                
                                                                
                                                                
                                                                
                                                                
                                                                
                                                                
                                                                
                                                                
                                                                
                                                                
                                                                
                                                                
                                                                
                                                                
                                                                
                                                                
 c("", "Finding", "KMT2A-MLLT4 t(6;11)(q27;q23) chr6:168265229(+)::chr11:118353211(+)", 
                                                                                        
 Finding                                                                                
 KMT2A-MLLT4 t(6;11)(q27;q23) chr6:168265229(+)::chr11:118353211(+)                     
 GATA1 T54fs NM_002049: c.154_158dupACAGC; p.Thr54GlnfsTer85                            
 KMT2A-MLLT3 t(9;11)(p22;q23) chr9:20365748(-)::chr11:118355029(+)                      
 KMT2A-MLLT6 t(11;17)(q23;q12) chr11:118353084(+)::chr17:36874739(+)                    
 KRAS G12D NM_033360: c.35G>A; p.Gly12Asp                                               
 GATA1 S51fs NM_002049: c.150_151insC; p.Ser51GlufsTer17                                
 STAG2 E273_E10splice NM_001042749: c.819+2T>C                                          
 FLT3 N676T NM_004119: c.2027A>C; p.Asn676Thr                                           
 KMT2A-MLLT3 t(9;11)(p22;q23) chr9:20391193(-)::chr11:118354827(+)                      
 ASXL2 S429>FRE* NM_018263: c.1280_1286delCCCAGTCinsTCAGAGAGT; p.SerGlnSerGlu4...       
 RUNX1-RUNX1T1 t(8;21)(q22;q22) chr8:93029591(-)::chr21:36231771(-)                     
 CBFA2T3-GLIS2 inv(16)(p13.3;q24.3) chr16:88944646(-)::chr16:4384647(+)                 
 CBFB-MYH11 inv(16)(p13.1;q22) chr16:67116211(+)::chr16:15814910(-)                     
 KIT D419del NM_000222: c.1255_1257delGAC; p.Asp419del                                  
 BCL11B-TLX3 t(5;14)(q35;q32) chr5:170702530(+)::chr14:99358084(+)                      
 CBL V391>GCRGL NM_005188: c.1171_1172insGATGTAGAGGCC; p.Val391delinsGlyCysArg...       
 NOTCH1 A408T NM_017617: c.1222G>A; p.Ala408Thr                                         
 NOTCH1 Q2394* NM_017617: c.7180C>T; p.Gln2394Ter                                       
 c("", "Gene", "KMT2A-fusion", "GATA1", "KMT2A-fusion", "KMT2A-fusion", 
                                                                        
 Gene                                                                   
 KMT2A-fusion                                                           
 GATA1                                                                  
 KMT2A-fusion                                                           
 KMT2A-fusion                                                           
 KRAS                                                                   
 GATA1                                                                  
 STAG2                                                                  
 FLT3                                                                   
 KMT2A-fusion                                                           
 ASXL2                                                                  
 RUNX1-RUNX1T1                                                          
 CBFA2T3-GLIS2                                                          
 CBFB-MYH11                                                             
 KIT                                                                    
 BCL11B@-TLX3                                                           
 CBL                                                                    
 NOTCH1                                                                 
 NOTCH1                                                                 
 c("", "HGVS/ISCN/Coordinates, other nomenclature", "chr6:168265229(+)::chr11:118353211(+)", 
                                                                                             
 HGVS/ISCN/Coordinates, other nomenclature                                                   
 chr6:168265229(+)::chr11:118353211(+)                                                       
 NM_002049:c.154_158dupACAGC                                                                 
 chr9:20365748(-)::chr11:118355029(+)                                                        
 chr11:118353084(+)::chr17:36874739(+)                                                       
 NM_033360:c.35G>A                                                                           
 NM_002049:c.150_151insC                                                                     
 NM_001042749:c.819+2T>C                                                                     
 NM_004119:c.2027A>C                                                                         
 chr9:20391193(-)::chr11:118354827(+)                                                        
 NM_018263:c.1280_1286delCCCAGTCinsTCAGAGAGT                                                 
 chr8:93029591(-)::chr21:36231771(-)                                                         
 chr16:88944646(-)::chr16:4384647(+)                                                         
 chr16:67116211(+)::chr16:15814910(-)                                                        
 NM_000222:c.1255_1257delGAC                                                                 
 chr5:170702530(+)::chr14:99358084(+)                                                        
 NM_005188:c.1171_1172insGATGTAGAGGCC                                                        
 NM_017617:c.1222G>A                                                                         
 NM_017617:c.7180C>T                                                                         
 c("", "Short description", "Fusion Ex8 : Ex2", "T54fs", "Fusion Ex9 : Ex6", 
                                                                             
 Short description                                                           
 Fusion Ex8 : Ex2                                                            
 T54fs                                                                       
 Fusion Ex9 : Ex6                                                            
 Fusion Ex7 : Ex13                                                           
 G12D                                                                        
 S51fs                                                                       
 E273_E10splice                                                              
 N676T                                                                       
 Fusion Ex8: Ex6                                                             
 S429>FRE*                                                                   
 Fusion Ex6 : Ex2                                                            
 Fusion Ex11 : Ex3                                                           
 Fusion Ex5 : Ex33                                                           
 D419del                                                                     
 Enhancer Hijack                                                             
 V391>GCRGL                                                                  
 A408T                                                                       
 Q2394*                                                                      
 c("", "Diagnostic", "", "Potentially", "", "", "", "Potentially", 
                                                                   
 Diagnostic                                                        
                                                                   
 Potentially                                                       
                                                                   
                                                                   
                                                                   
 Potentially                                                       
                                                                   
                                                                   
                                                                   
                                                                   
 Yes                                                               
                                                                   
 Yes                                                               
                                                                   
 Potentially                                                       
                                                                   
                                                                   
                                                                   
 c("", "Prognostic", "Yes", "", "Yes", "Yes", "", "", "", "", 
                                                              
 Prognostic                                                   
 Yes                                                          
                                                              
 Yes                                                          
 Yes                                                          
                                                              
                                                              
                                                              
                                                              
 Yes                                                          
                                                              
 Yes                                                          
 Yes                                                          
 Yes                                                          
                                                              
                                                              
                                                              
                                                              
                                                              
 c("", "Targetable", "", "", "", "", "Potentially", "", "", "Yes", 
                                                                   
 Targetable                                                        
                                                                   
                                                                   
                                                                   
                                                                   
 Potentially                                                       
                                                                   
                                                                   
 Yes                                                               
                                                                   
                                                                   
                                                                   
                                                                   
                                                                   
 Yes                                                               
                                                                   
                                                                   
                                                                   
                                                                   
 c("", "Notes", "KMT2A fusions in AML are associated with a poor prognosis (PMID: 28232907)", 
                                                                                              
 Notes                                                                                        
 KMT2A fusions in AML are associated with a poor prognosis (PMID: 28232907)                   
 GATA1 mutations are recurrent in Downs and non-Downs AMKL (for example PMID: ...             
 KMT2A-MLLT3 fused AMLs have an intermediate prognosis (PMID: 19528532)                       
 KMT2A fusions in AML are associated with a poor prognosis (PMID: 28232907)                   
 Preclinical evidence suggests that RAS mutants can be targeted with MEK inhib...             
 GATA1 mutations are recurrent in Downs and non-Downs AMKL (for example PMID: ...             
                                                                                              
 FLT3-ITD is targetable in AML, for example (PMID: 30651634)                                  
 KMT2A-MLLT3 fused AMLs have an intermediate prognosis (PMID: 19528532)                       
                                                                                              
 RUNX1-RUNX1T1 defines a recognized AML subgroup (NCCN and WHO guidelines) kno...             
 CBFA2T3-GLIS2 defines an aggressive subtype of AMKL (PMID: 23153540)                         
 CBFB-MYH11 inv(16) defines a well-recognized subgroup of AML and is  associat...             
 KIT is targetable in AML with dasatinib (for example, PMID: 29127384)                        
 Activating TLX3 translocation in an AML diagnosed by flow cytometry character...             
                                                                                              
                                                                                              
                                                                                              
 c("", "Variant with Curated Genomic Position(s)", "chr6.168265102.+.chr11.118353424.+", 
                                                                                         
 Variant with Curated Genomic Position(s)                                                
 chr6.168265102.+.chr11.118353424.+                                                      
 chrX.48649674.CC.CACAGCC                                                                
 chr9.20410413.-.chr11.118355481.+                                                       
 chr11.118353084.+.chr17.36874739.+                                                      
 chr12.25398284.C.T                                                                      
 chrX.48649665.CG.CCG                                                                    
 chrX.123181357.T.C                                                                      
 chr13.28602341.T.G                                                                      
 chr9.20390895.-.chr11.118354704.+                                                       
 chr2.25973138.TGACTGGGA.TACTCTCTGAA                                                     
 chr8.93077021.-.chr21.36217654.-                                                        
 chr16.4384647.-.chr16.88944647.+                                                        
 chr16.15815220.+.chr16.67124386.-                                                       
 chr4.55589772.CGACA.CA                                                                  
 chr5.170702523.+.chr14.99358091.+                                                       
 chr11.119148951.GT.GGATGTAGAGGCCT                                                       
 chr9.139412622.C.T                                                                      
 chr9.139391011.G.A                                                                      
 c("", "Transcript Nomenclature", "", "c.158_159CACAGCC", "", 
                                                              
 Transcript Nomenclature                                      
                                                              
 c.158_159CACAGCC                                             
                                                              
                                                              
 c.G35A                                                       
 c.149_150CCG                                                 
                                                              
 c.A2027C                                                     
                                                              
 NM_018263.6:c.1280_1286delinsTCAGAGAGT                       
                                                              
                                                              
                                                              
 c.1254_1258CA                                                
                                                              
 c.1171_1172GGATGTAGAGGCCT                                    
 c.G1222A                                                     
 c.C7180T                                                     
 c("", "Protein Nomenclature", "", "A53fs", "", "", "G12D", "P50fs", 
                                                                     
 Protein Nomenclature                                                
                                                                     
 A53fs                                                               
                                                                     
                                                                     
 G12D                                                                
 P50fs                                                               
 E273_E9splice                                                       
 N676T                                                               
                                                                     
 S427_S429fs                                                         
                                                                     
                                                                     
                                                                     
 Y418_R420>YR                                                        
                                                                     
 V391>GCRGL                                                          
 A408T                                                               
 Q2394*                                                              
 c("", "Variant Class", "", "frameshift", "", "", "missense", 
                                                              
 Variant Class                                                
                                                              
 frameshift                                                   
                                                              
                                                              
 missense                                                     
 frameshift                                                   
 splice                                                       
 missense                                                     
                                                              
 frameshift                                                   
                                                              
                                                              
                                                              
 proteinDel                                                   
                                                              
 proteinIns                                                   
 missense                                                     
 nonsense                                                     
 c("Coverage in the SJPedPanel", "Position covered?", "N", "Y", 
 Coverage in the SJPedPanel                                     
 Position covered?                                              
 N                                                              
 Y                                                              
 N                                                              
 Y                                                              
 Y                                                              
 Y                                                              
 Y                                                              
 Y                                                              
 N                                                              
 Y                                                              
 N                                                              
 Y                                                              
 Y                                                              
 Y                                                              
 N                                                              
 Y                                                              
 Y                                                              
 Y                                                              
 c("", "Gene", "", "GATA1", "", "KMT2A", "KRAS", "GATA1", "STAG2", 
                                                                   
 Gene                                                              
                                                                   
 GATA1                                                             
                                                                   
 KMT2A                                                             
 KRAS                                                              
 GATA1                                                             
 STAG2                                                             
 FLT3                                                              
                                                                   
 ASXL2                                                             
                                                                   
 GLIS2                                                             
 MYH11                                                             
 KIT                                                               
                                                                   
 CBL                                                               
 NOTCH1                                                            
 NOTCH1                                                            
 c("", "Second SV Breakpoint covered?", "Y", "", "Y", "N", "", 
                                                               
 Second SV Breakpoint covered?                                 
 Y                                                             
                                                               
 Y                                                             
 N                                                             
                                                               
                                                               
                                                               
                                                               
 Y                                                             
                                                               
 Y                                                             
 Y                                                             
 Y                                                             
                                                               
 N                                                             
                                                               
                                                               
                                                               
 c("", "Gene at second breakpoint", "KMT2A", "", "KMT2A", "", 
                                                              
 Gene at second breakpoint                                    
 KMT2A                                                        
                                                              
 KMT2A                                                        
                                                              
                                                              
                                                              
                                                              
                                                              
 KMT2A                                                        
                                                              
 RUNX1                                                        
 CBFA2T3                                                      
 CBFB                                                         
                                                              
                                                              
                                                              
                                                              
                                                              
 c("Coverage in the WES +/- 10 bp", "Position covered?", "N", 
 Coverage in the WES +/- 10 bp                                
 Position covered?                                            
 N                                                            
 Y                                                            
 N                                                            
 N                                                            
 Y                                                            
 Y                                                            
 Y                                                            
 Y                                                            
 N                                                            
 Y                                                            
 N                                                            
 N                                                            
 N                                                            
 Y                                                            
 N                                                            
 Y                                                            
 Y                                                            
 Y                                                            
 c("", "Gene", "", "GATA1", "", "", "KRAS", "GATA1", "STAG2", 
                                                              
 Gene                                                         
                                                              
 GATA1                                                        
                                                              
                                                              
 KRAS                                                         
 GATA1                                                        
 STAG2                                                        
 FLT3                                                         
                                                              
 ASXL2                                                        
                                                              
                                                              
                                                              
 KIT                                                          
                                                              
 CBL                                                          
 NOTCH1                                                       
 NOTCH1                                                       
 c("", "Second SV Breakpoint covered?", "N", "", "N", "N", "", 
                                                               
 Second SV Breakpoint covered?                                 
 N                                                             
                                                               
 N                                                             
 N                                                             
                                                               
                                                               
                                                               
                                                               
 N                                                             
                                                               
 N                                                             
 N                                                             
 N                                                             
                                                               
 N                                                             
                                                               
                                                               
                                                               
 c("", "Gene at second breakpoint", "", "", "", "", "", "", "", 
                                                                
 Gene at second breakpoint                                      
                                                                
                                                                
                                                                
                                                                
                                                                
                                                                
                                                                
                                                                
                                                                
                                                                
                                                                
                                                                
                                                                
                                                                
                                                                
                                                                
                                                                
                                                                
 c("Coverage of one or both SV breakpoints in the SJPedPanel", 
 Coverage of one or both SV breakpoints in the SJPedPanel      
 Both breakpoints covered                                      
                                                               
                                                               
                                                               
                                                               
                                                               
                                                               
                                                               
                                                               
                                                               
                                                               
                                                               
 Y                                                             
 Y                                                             
                                                               
                                                               
                                                               
                                                               
                                                               
 c("", "Single breakpoint covered", "Y", "", "Y", "Y", "", "", 
                                                               
 Single breakpoint covered                                     
 Y                                                             
                                                               
 Y                                                             
 Y                                                             
                                                               
                                                               
                                                               
                                                               
 Y                                                             
                                                               
 Y                                                             
                                                               
                                                               
                                                               
                                                               
                                                               
                                                               
                                                               
 c("", "At least one breakpoint covered", "Y", "", "Y", "Y", "", 
                                                                 
 At least one breakpoint covered                                 
 Y                                                               
                                                                 
 Y                                                               
 Y                                                               
                                                                 
                                                                 
                                                                 
                                                                 
 Y                                                               
                                                                 
 Y                                                               
 Y                                                               
 Y                                                               
                                                                 
                                                                 
                                                                 
                                                                 
                                                                 
 c("Coverage of one or both SV breakpoints in the WES +/- 10 bp", 
 Coverage of one or both SV breakpoints in the WES +/- 10 bp      
 Both breakpoints covered                                         
                                                                  
                                                                  
                                                                  
                                                                  
                                                                  
                                                                  
                                                                  
                                                                  
                                                                  
                                                                  
                                                                  
                                                                  
                                                                  
                                                                  
                                                                  
                                                                  
                                                                  
                                                                  
 c("", "Single breakpoint covered", "", "", "", "", "", "", "", 
                                                                
 Single breakpoint covered                                      
                                                                
                                                                
                                                                
                                                                
                                                                
                                                                
                                                                
                                                                
                                                                
                                                                
                                                                
                                                                
                                                                
                                                                
                                                                
                                                                
                                                                
                                                                
 c("", "At least one breakpoint covered", "", "", "", "", "", 
                                                              
 At least one breakpoint covered                              
                                                              
                                                              
                                                              
                                                              
                                                              
                                                              
                                                              
                                                              
                                                              
                                                              
                                                              
                                                              
                                                              
                                                              
                                                              
                                                              
                                                              
                                                              
 c("Type of SV/Fusion", "Subtype defining SV/Fusion?", "subtype-defining", 
 Type of SV/Fusion                                                         
 Subtype defining SV/Fusion?                                               
 subtype-defining                                                          
                                                                           
 subtype-defining                                                          
 subtype-defining                                                          
                                                                           
                                                                           
                                                                           
                                                                           
 subtype-defining                                                          
                                                                           
 subtype-defining                                                          
 subtype-defining                                                          
 subtype-defining                                                          
                                                                           
 subtype-defining                                                          
                                                                           
                                                                           
                                                                           
 c("", "Promoter/Enhancer", "", "", "", "", "", "", "", "", "", 
                                                                
 Promoter/Enhancer                                              
                                                                
                                                                
                                                                
                                                                
                                                                
                                                                
                                                                
                                                                
                                                                
                                                                
                                                                
                                                                
                                                                
                                                                
 BCL11B                                                         
                                                                
                                                                
                                                                
 c("Normalized depth of coverage (x) in germline samples (n)", 
 Normalized depth of coverage (x) in germline samples (n)      
 SJPedPanel (1000X, n=30)                                      
 125.4                                                         
 897.23320158102695                                            
 602.59                                                        
 335.61                                                        
 1007.54581386992                                              
 877.82968020122098                                            
 562.70212001437301                                            
 1162.77398490837                                              
 278.12                                                        
 1154.1501976284501                                            
 477.54                                                        
 1275.5999999999999                                            
 920.59                                                        
 1214.1573841178499                                            
 0.9                                                           
 974.84728710025104                                            
 1399.209486166                                                
 1744.5203018325501                                            
 c("", "WES (100X, n=308)", "49.95", "57.492931196983903", "20.74", 
                                                                    
 WES (100X, n=308)                                                  
 49.95                                                              
 57.492931196983903                                                 
 20.74                                                              
 8.48                                                               
 168.23751178133799                                                 
 63.619227144203499                                                 
 61.262959472196002                                                 
 75.4005655042412                                                   
 2.36                                                               
 87.181903864278993                                                 
 0.94                                                               
 2.83                                                               
 41                                                                 
 160.22620169651199                                                 
 0.94                                                               
 130.065975494816                                                   
 52.780395852968802                                                 
 111.215834118755                                                   
 c("", "Comment", "", "", "", "", "", "", "", "", "", "", "", 
                                                              
 Comment                                                      
                                                              
                                                              
                                                              
                                                              
                                                              
                                                              
                                                              
                                                              
                                                              
                                                              
                                                              
                                                              
                                                              
                                                              
                                                              
                                                              
                                                              
                                                              


========================================
Sheet: ST13B - Demographics G4K cases
========================================
dim: 209 rows x 9 cols
 c("Case ID", "SJAML030069", "SJAML030077", "SJAML030079", "SJAML030085", 
 Case ID                                                                  
 SJAML030069                                                              
 SJAML030077                                                              
 SJAML030079                                                              
 SJAML030085                                                              
 SJAML030099                                                              
 SJAML030118                                                              
 SJAML030119                                                              
 SJAML030120                                                              
 SJAML030151                                                              
 SJAML030153                                                              
 SJAML030155                                                              
 SJAML030156                                                              
 SJAML030163                                                              
 SJAML030186                                                              
 SJAML030195                                                              
 SJAML030200                                                              
 SJAML030208                                                              
 SJAML030209                                                              
 SJAML030231                                                              
 c("Cancer category", "Heme", "Heme", "Heme", "Heme", "Heme", 
 Cancer category                                              
 Heme                                                         
 Heme                                                         
 Heme                                                         
 Heme                                                         
 Heme                                                         
 Heme                                                         
 Heme                                                         
 Heme                                                         
 Heme                                                         
 Heme                                                         
 Heme                                                         
 Heme                                                         
 Heme                                                         
 Heme                                                         
 Heme                                                         
 Heme                                                         
 Heme                                                         
 Heme                                                         
 Heme                                                         
 c("Broad tumor diagnosis", "AML", "AML", "AML", "AML", "AML", 
 Broad tumor diagnosis                                         
 AML                                                           
 AML                                                           
 AML                                                           
 AML                                                           
 AML                                                           
 AML                                                           
 AML                                                           
 AML                                                           
 AML                                                           
 AML                                                           
 AML                                                           
 AML                                                           
 AML                                                           
 AML                                                           
 AML                                                           
 AML                                                           
 AML                                                           
 AML                                                           
 AML                                                           
 c("Sex", "Male", "Female", "Female", "Female", "Male", "Female", 
 Sex                                                              
 Male                                                             
 Female                                                           
 Female                                                           
 Female                                                           
 Male                                                             
 Female                                                           
 Female                                                           
 Male                                                             
 Female                                                           
 Male                                                             
 Female                                                           
 Female                                                           
 Male                                                             
 Female                                                           
 Female                                                           
 Female                                                           
 Male                                                             
 Male                                                             
 Female                                                           
 c("Ethnicity", "Not Hispanic, Latino/a, or Spanish origin", "Not Hispanic, Latino/a, or Spanish origin", 
 Ethnicity                                                                                                
 Not Hispanic, Latino/a, or Spanish origin                                                                
 Not Hispanic, Latino/a, or Spanish origin                                                                
 Puerto Rican                                                                                             
 Puerto Rican                                                                                             
 Not Hispanic, Latino/a, or Spanish origin                                                                
 Not Hispanic, Latino/a, or Spanish origin                                                                
 South or Central American                                                                                
 Not Hispanic, Latino/a, or Spanish origin                                                                
 Not Hispanic, Latino/a, or Spanish origin                                                                
 Not Hispanic, Latino/a, or Spanish origin                                                                
 Not Hispanic, Latino/a, or Spanish origin                                                                
 Other Hispanic, Latino/a, or Spanish origin                                                              
 Not Hispanic, Latino/a, or Spanish origin                                                                
 Not Hispanic, Latino/a, or Spanish origin                                                                
 South or Central American                                                                                
 Not Hispanic, Latino/a, or Spanish origin                                                                
 Not Hispanic, Latino/a, or Spanish origin                                                                
 Not Hispanic, Latino/a, or Spanish origin                                                                
 Not Hispanic, Latino/a, or Spanish origin                                                                
 c("Race", "Black", "Black", "White", "Multiple Race  (NOS)", 
 Race                                                         
 Black                                                        
 Black                                                        
 White                                                        
 Multiple Race  (NOS)                                         
 White                                                        
 White                                                        
 White                                                        
 Black                                                        
 Black                                                        
 White                                                        
 White                                                        
 White                                                        
 Black                                                        
 White                                                        
 White                                                        
 White                                                        
 White                                                        
 White                                                        
 White                                                        
 c("Nationality", "African American", "African", "Caribbean", 
 Nationality                                                  
 African American                                             
 African                                                      
 Caribbean                                                    
 North American                                               
 North American                                               
 North American                                               
 South/Central American                                       
 African American                                             
 North American                                               
 North American                                               
 North American                                               
 White, NOS                                                   
 Caribbean                                                    
 North American                                               
 South/Central American                                       
 North American                                               
 North American                                               
 North American                                               
 North American                                               
 c("Age at first diagnosis", "15 Yrs 2 Mos", "0 Yrs 11 Mos", "1 Yrs 11 Mos", 
 Age at first diagnosis                                                      
 15 Yrs 2 Mos                                                                
 0 Yrs 11 Mos                                                                
 1 Yrs 11 Mos                                                                
 16 Yrs 7 Mos                                                                
 1 Yrs 1 Mos                                                                 
 14 Yrs 10 Mos                                                               
 4 Yrs 4 Mos                                                                 
 1 Yrs 7 Mos                                                                 
 4 Yrs 7 Mos                                                                 
 5 Yrs 3 Mos                                                                 
 2 Yrs 4 Mos                                                                 
 13 Yrs 4 Mos                                                                
 8 Yrs 6 Mos                                                                 
 12 Yrs 8 Mos                                                                
 3 Yrs 5 Mos                                                                 
 15 Yrs 1 Mos                                                                
 14 Yrs 10 Mos                                                               
 0 Yrs 3 Mos                                                                 
 12 Yrs 3 Mos                                                                
 c("Pediatric age sub-group", "Early adolescence", "Infant", "Toddler", 
 Pediatric age sub-group                                                
 Early adolescence                                                      
 Infant                                                                 
 Toddler                                                                
 Late adolescence                                                       
 Toddler                                                                
 Early adolescence                                                      
 Early childhood                                                        
 Toddler                                                                
 Early childhood                                                        
 Early childhood                                                        
 Early childhood                                                        
 Early adolescence                                                      
 Middle childhood                                                       
 Early adolescence                                                      
 Early childhood                                                        
 Early adolescence                                                      
 Early adolescence                                                      
 Infant                                                                 
 Early adolescence                                                      


========================================
Sheet: ST13C - G4K Demographic summary
========================================
dim: 37 rows x 4 cols
 c("Demographic Factor", "Sex", "", "Age at initial diagnosis (year)", 
 Demographic Factor                                                    
 Sex                                                                   
                                                                       
 Age at initial diagnosis (year)                                       
                                                                       
                                                                       
 Pediatric sub-groups                                                  
 (age range)                                                           
                                                                       
                                                                       
                                                                       
                                                                       
                                                                       
 Ethnicity                                                             
                                                                       
                                                                       
                                                                       
                                                                       
 Nationality                                                           
                                                                       
 c("Values/Categories", "Male", "Female", "Median: 6.5", "Range: 0 - 21", 
 Values/Categories                                                        
 Male                                                                     
 Female                                                                   
 Median: 6.5                                                              
 Range: 0 - 21                                                            
 IQR: 3 ΓÇô 11.25                                                           
 Early childhood (2 to < 6 years)                                         
 Middle childhood (6 to < 11 years)                                       
 Early adolescence (11 to < 16 years)                                     
 Late adolescence (16 to < 21 years)                                      
 Toddler (1 to < 2 years)                                                 
 Infant (1 month to < 1 year)                                             
 Newborn (Birth to < 1 month)                                             
 Not Hispanic, Latino/a, or Spanish origin                                
 South or Central American                                                
 Other Hispanic, Latino/a, or Spanish origin                              
 Puerto Rican                                                             
 Mexican, Mexican American, or Chicano/a                                  
 North American                                                           
 White, NOS                                                               
 c("Number b", "120", "88", "", "", "", "65", "55", "32", "23", 
 Number b                                                       
 120                                                            
 88                                                             
                                                                
                                                                
                                                                
 65                                                             
 55                                                             
 32                                                             
 23                                                             
 20                                                             
 12                                                             
 1                                                              
 175                                                            
 13                                                             
 12                                                             
 4                                                              
 4                                                              
 119                                                            
 50                                                             
 c("%", "57.69", "42.31", "", "", "", "31.25", "26.44", "15.38", 
 %                                                               
 57.69                                                           
 42.31                                                           
                                                                 
                                                                 
                                                                 
 31.25                                                           
 26.44                                                           
 15.38                                                           
 11.06                                                           
 9.6199999999999992                                              
 5.77                                                            
 0.48                                                            
 84.13                                                           
 6.25                                                            
 5.77                                                            
 1.92                                                            
 1.92                                                            
 57.21                                                           
 24.04                                                           


========================================
Sheet: S13D - Gender alterations
========================================
dim: 104 rows x 5 cols
 c("Gene/Fusion", "NRAS", "SH2B3", "RB1", "EWSR1::FLI1", "PTEN", 
 Gene/Fusion                                                     
 NRAS                                                            
 SH2B3                                                           
 RB1                                                             
 EWSR1::FLI1                                                     
 PTEN                                                            
 FGFR1                                                           
 KMT2A::MLLT10                                                   
 KIAA1549::BRAF                                                  
 CTNNB1                                                          
 IKZF1                                                           
 JAK2                                                            
 FLT3                                                            
 KMT2A::MLLT4                                                    
 KMT2A::MLLT1                                                    
 KMT2A::MLLT3                                                    
 KMT2A::AFF1                                                     
 DICER1                                                          
 AKT1                                                            
 PTCH1                                                           
 c("Female", "4", "0", "1", "4", "0", "0", "3", "2", "5", "0", 
 Female                                                        
 4                                                             
 0                                                             
 1                                                             
 4                                                             
 0                                                             
 0                                                             
 3                                                             
 2                                                             
 5                                                             
 0                                                             
 0                                                             
 6                                                             
 0                                                             
 0                                                             
 3                                                             
 3                                                             
 2                                                             
 0                                                             
 0                                                             
 c("Male", "8", "4", "5", "0", "3", "3", "0", "5", "2", "2", "2", 
 Male                                                             
 8                                                                
 4                                                                
 5                                                                
 0                                                                
 3                                                                
 3                                                                
 0                                                                
 5                                                                
 2                                                                
 2                                                                
 2                                                                
 4                                                                
 2                                                                
 2                                                                
 1                                                                
 1                                                                
 0                                                                
 2                                                                
 2                                                                
 c("Abs. Difference", "4", "4", "4", "4", "3", "3", "3", "3", 
 Abs. Difference                                              
 4                                                            
 4                                                            
 4                                                            
 4                                                            
 3                                                            
 3                                                            
 3                                                            
 3                                                            
 3                                                            
 2                                                            
 2                                                            
 2                                                            
 2                                                            
 2                                                            
 2                                                            
 2                                                            
 2                                                            
 2                                                            
 2                                                            
 c("Difference (F-M)", "-4", "-4", "-4", "4", "-3", "-3", "3", 
 Difference (F-M)                                              
 -4                                                            
 -4                                                            
 -4                                                            
 4                                                             
 -3                                                            
 -3                                                            
 3                                                             
 -3                                                            
 3                                                             
 -2                                                            
 -2                                                            
 2                                                             
 -2                                                            
 -2                                                            
 2                                                             
 2                                                             
 2                                                             
 -2                                                            
 -2                                                            


========================================
Sheet: S14A -Diagnostic yield SampleQC
========================================
dim: 146 rows x 12 cols
 c("Sr. No.", "1", "2", "3", "4", "5", "6", "7", "8", "9", "10", 
 Sr. No.                                                         
 1                                                               
 2                                                               
 3                                                               
 4                                                               
 5                                                               
 6                                                               
 7                                                               
 8                                                               
 9                                                               
 10                                                              
 11                                                              
 12                                                              
 13                                                              
 14                                                              
 15                                                              
 16                                                              
 17                                                              
 18                                                              
 19                                                              
 c("Case ID", "SJALCL030011", "SJALCL030011", "SJAML030004", "SJAML030004", 
 Case ID                                                                    
 SJALCL030011                                                               
 SJALCL030011                                                               
 SJAML030004                                                                
 SJAML030004                                                                
 SJAML030006                                                                
 SJAML030024                                                                
 SJAML030025                                                                
 SJAML030025                                                                
 SJAML030099                                                                
 SJAML030120                                                                
 SJAML030186                                                                
 SJAML030195                                                                
 SJAML030209                                                                
 SJAML030231                                                                
 SJASPS030009                                                               
 SJASPS030009                                                               
 SJASPS030015                                                               
 SJASPS030015                                                               
 SJBALL030095                                                               
 c("Sample type", "Tumor", "Normal", "Tumor", "Normal", "Tumor", 
 Sample type                                                     
 Tumor                                                           
 Normal                                                          
 Tumor                                                           
 Normal                                                          
 Tumor                                                           
 Tumor                                                           
 Tumor                                                           
 Normal                                                          
 Tumor                                                           
 Tumor                                                           
 Tumor                                                           
 Tumor                                                           
 Tumor                                                           
 Tumor                                                           
 Tumor                                                           
 Normal                                                          
 Tumor                                                           
 Normal                                                          
 Tumor                                                           
 c("Sample ID", "SJALCL030011_D1", "SJALCL030011_G1", "SJAML030004_D1", 
 Sample ID                                                              
 SJALCL030011_D1                                                        
 SJALCL030011_G1                                                        
 SJAML030004_D1                                                         
 SJAML030004_G1                                                         
 SJAML030006_D1                                                         
 SJAML030024_D1                                                         
 SJAML030025_D1                                                         
 SJAML030025_G1                                                         
 SJAML030099_D1                                                         
 SJAML030120_D1                                                         
 SJAML030186_D1                                                         
 SJAML030195_D1                                                         
 SJAML030209_D1                                                         
 SJAML030231_D1                                                         
 SJASPS030009_D1                                                        
 SJASPS030009_G1                                                        
 SJASPS030015_D1                                                        
 SJASPS030015_G1                                                        
 SJBALL030095_D1                                                        
 c("Reads", "164015905", "146992730", "242632761", "203605496", 
 Reads                                                          
 164015905                                                      
 146992730                                                      
 242632761                                                      
 203605496                                                      
 245077321                                                      
 199281254                                                      
 210850498                                                      
 147379743                                                      
 240760121                                                      
 347350614                                                      
 265575599                                                      
 205181382                                                      
 256619211                                                      
 322447183                                                      
 200505722                                                      
 188307890                                                      
 148836530                                                      
 181141306                                                      
 357021023                                                      
 c("Average depth of coverage", "1394.33", "1196.81", "2107.04", 
 Average depth of coverage                                       
 1394.33                                                         
 1196.81                                                         
 2107.04                                                         
 1723.35                                                         
 2134                                                            
 1685.13                                                         
 1785.56                                                         
 1301.9100000000001                                              
 2653.29                                                         
 4022.29                                                         
 2769.5                                                          
 2080.7399999999998                                              
 3398.92                                                         
 3905.98                                                         
 1664.84                                                         
 1321.17                                                         
 1235.27                                                         
 1501.51                                                         
 4818.26                                                         
 c("Median depth of coverage", "1412", "1226", "2162", "1754", 
 Median depth of coverage                                      
 1412                                                          
 1226                                                          
 2162                                                          
 1754                                                          
 2178                                                          
 1728                                                          
 1844                                                          
 1348                                                          
 2959                                                          
 4455                                                          
 3049                                                          
 2198                                                          
 3772                                                          
 4325                                                          
 1724                                                          
 1358                                                          
 1254                                                          
 1535                                                          
 5305                                                          
 c("Uniformity of Coverage", "96.51", "96.12", "96.28", "95.79", 
 Uniformity of Coverage                                          
 96.51                                                           
 96.12                                                           
 96.28                                                           
 95.79                                                           
 96.3                                                            
 96.04                                                           
 94.91                                                           
 96.63                                                           
 94.22                                                           
 95.22                                                           
 93.9                                                            
 94.17                                                           
 93.75                                                           
 93.03                                                           
 96.14                                                           
 94.19                                                           
 96.02                                                           
 95.75                                                           
 91.65                                                           
 c("Standard deviation", "511.67", "426.59", "734.82", "632.95000000000005", 
 Standard deviation                                                          
 511.67                                                                      
 426.59                                                                      
 734.82                                                                      
 632.95000000000005                                                          
 761.08                                                                      
 602.59                                                                      
 809.46                                                                      
 478.36                                                                      
 1011.22                                                                     
 1507.37                                                                     
 984.23                                                                      
 808.13                                                                      
 1375.49                                                                     
 1488.14                                                                     
 650.41999999999996                                                          
 535.91999999999996                                                          
 444.27                                                                      
 545.36                                                                      
 2136.2399999999998                                                          
 c("Coefficient of variation", "0.37", "0.36", "0.35", "0.37", 
 Coefficient of variation                                      
 0.37                                                          
 0.36                                                          
 0.35                                                          
 0.37                                                          
 0.36                                                          
 0.36                                                          
 0.45                                                          
 0.37                                                          
 0.38                                                          
 0.37                                                          
 0.36                                                          
 0.39                                                          
 0.4                                                           
 0.38                                                          
 0.39                                                          
 0.41                                                          
 0.36                                                          
 0.36                                                          
 0.44                                                          
 c("20% Quantile", "1109", "962", "1710", "1385", "1721", "1358", 
 20% Quantile                                                     
 1109                                                             
 962                                                              
 1710                                                             
 1385                                                             
 1721                                                             
 1358                                                             
 1100                                                             
 999                                                              
 1853                                                             
 2797                                                             
 2127                                                             
 1493                                                             
 2235                                                             
 2875                                                             
 1187                                                             
 994                                                              
 995                                                              
 1213                                                             
 2993                                                             
 c("Fold-80", "1.26", "1.24", "1.23", "1.24", "1.24", "1.24", 
 Fold-80                                                      
 1.26                                                         
 1.24                                                         
 1.23                                                         
 1.24                                                         
 1.24                                                         
 1.24                                                         
 1.62                                                         
 1.3                                                          
 1.43                                                         
 1.44                                                         
 1.3                                                          
 1.39                                                         
 1.52                                                         
 1.36                                                         
 1.4                                                          
 1.33                                                         
 1.24                                                         
 1.24                                                         
 1.61                                                         


========================================
Sheet: S14B - Normal samples SNP QC
========================================
dim: 146 rows x 5 cols
 c("Sr. No.", "1", "2", "3", "4", "5", "6", "7", "8", "9", "10", 
 Sr. No.                                                         
 1                                                               
 2                                                               
 3                                                               
 4                                                               
 5                                                               
 6                                                               
 7                                                               
 8                                                               
 9                                                               
 10                                                              
 11                                                              
 12                                                              
 13                                                              
 14                                                              
 15                                                              
 16                                                              
 17                                                              
 18                                                              
 19                                                              
 c("Case ID", "SJDSRCT030010", "SJRB002", "SJMB002", "SJRHB010", 
 Case ID                                                         
 SJDSRCT030010                                                   
 SJRB002                                                         
 SJMB002                                                         
 SJRHB010                                                        
 SJASPS030015                                                    
 SJCBF041                                                        
 SJGIST030018                                                    
 SJMB030020                                                      
 SJNBL101                                                        
 SJBALL237                                                       
 SJDSRCT030016                                                   
 SJAML030004                                                     
 SJMB067                                                         
 SJASPS030009                                                    
 SJIFS030022                                                     
 SJDOWN013                                                       
 SJSS030017                                                      
 SJNBL117                                                        
 SJNBL030014                                                     
 c("Sample type", "Normal", "Normal", "Normal", "Normal", "Normal", 
 Sample type                                                        
 Normal                                                             
 Normal                                                             
 Normal                                                             
 Normal                                                             
 Normal                                                             
 Normal                                                             
 Normal                                                             
 Normal                                                             
 Normal                                                             
 Normal                                                             
 Normal                                                             
 Normal                                                             
 Normal                                                             
 Normal                                                             
 Normal                                                             
 Normal                                                             
 Normal                                                             
 Normal                                                             
 Normal                                                             
 c("Sample ID", "SJDSRCT030010_G1", "SJRB002_G1", "SJMB002_G1", 
 Sample ID                                                      
 SJDSRCT030010_G1                                               
 SJRB002_G1                                                     
 SJMB002_G1                                                     
 SJRHB010_G1                                                    
 SJASPS030015_G1                                                
 SJCBF041_G1                                                    
 SJGIST030018_G1                                                
 SJMB030020_G1                                                  
 SJNBL101_G1                                                    
 SJBALL237_G1                                                   
 SJDSRCT030016_G1                                               
 SJAML030004_G1                                                 
 SJMB067_G1                                                     
 SJASPS030009_G1                                                
 SJIFS030022_G1                                                 
 SJDOWN013_G1                                                   
 SJSS030017_G1                                                  
 SJNBL117_G1                                                    
 SJNBL030014_G1                                                 
 c("Number of informative SNPs (out of 7590)", "3478", "3844", 
 Number of informative SNPs (out of 7590)                      
 3478                                                          
 3844                                                          
 2965                                                          
 3320                                                          
 3653                                                          
 3620                                                          
 3492                                                          
 3405                                                          
 3344                                                          
 3405                                                          
 2803                                                          
 2982                                                          
 3540                                                          
 2806                                                          
 3801                                                          
 2227                                                          
 2592                                                          
 3349                                                          
 3143                                                          


========================================
Sheet: S15 - Case concordance rate
========================================
dim: 115 rows x 22 cols
 c("", "Sr. No.", "1", "2", "3", "4", "5", "6", "7", "8", "9", 
                                                               
 Sr. No.                                                       
 1                                                             
 2                                                             
 3                                                             
 4                                                             
 5                                                             
 6                                                             
 7                                                             
 8                                                             
 9                                                             
 10                                                            
 11                                                            
 12                                                            
 13                                                            
 14                                                            
 15                                                            
 16                                                            
 17                                                            
 18                                                            
 c("", "Case ID", "SJSS030012", "SJSS030017", "SJASPS030009", 
                                                              
 Case ID                                                      
 SJSS030012                                                   
 SJSS030017                                                   
 SJASPS030009                                                 
 SJASPS030015                                                 
 SJALCL030011                                                 
 SJBT030109                                                   
 SJBT030193                                                   
 SJDSRCT030010                                                
 SJDSRCT030016                                                
 SJEPD030169                                                  
 SJEPD030146                                                  
 SJEPD030277                                                  
 SJIFS030022                                                  
 SJBT030086                                                   
 SJLGG030326                                                  
 SJNBL107                                                     
 SJST030211                                                   
 SJWLM030234                                                  
 c("", "Cancer Category", "Solid tumor", "Solid tumor", "Solid tumor", 
                                                                       
 Cancer Category                                                       
 Solid tumor                                                           
 Solid tumor                                                           
 Solid tumor                                                           
 Solid tumor                                                           
 Heme                                                                  
 Brain tumor                                                           
 Brain tumor                                                           
 Solid tumor                                                           
 Solid tumor                                                           
 Brain tumor                                                           
 Brain tumor                                                           
 Brain tumor                                                           
 Solid tumor                                                           
 Brain tumor                                                           
 Brain tumor                                                           
 Solid tumor                                                           
 Solid tumor                                                           
 Solid tumor                                                           
 c("", "Cancer Subtype", "SS", "SS", "ASPS", "ASPS", "ALCL", "Cranio", 
                                                                       
 Cancer Subtype                                                        
 SS                                                                    
 SS                                                                    
 ASPS                                                                  
 ASPS                                                                  
 ALCL                                                                  
 Cranio                                                                
 Cranio                                                                
 DSRCT                                                                 
 DSRCT                                                                 
 EPD                                                                   
 EPD                                                                   
 EPD                                                                   
 IFS                                                                   
 CNS-other                                                             
 LGG                                                                   
 NBL                                                                   
 ST-other                                                              
 ST-other                                                              
 c("", "Cohort", "PILOT", "PILOT", "PILOT", "PILOT", "PILOT", 
                                                              
 Cohort                                                       
 PILOT                                                        
 PILOT                                                        
 PILOT                                                        
 PILOT                                                        
 PILOT                                                        
 G4K                                                          
 G4K                                                          
 PILOT                                                        
 PILOT                                                        
 G4K                                                          
 G4K                                                          
 G4K                                                          
 PILOT                                                        
 G4K                                                          
 G4K                                                          
 PILOT                                                        
 G4K                                                          
 G4K                                                          
 c("SNVs", "Detected", "0", "0", "0", "0", "0", "1", "1", "0", 
 SNVs                                                          
 Detected                                                      
 0                                                             
 0                                                             
 0                                                             
 0                                                             
 0                                                             
 1                                                             
 1                                                             
 0                                                             
 0                                                             
 0                                                             
 0                                                             
 0                                                             
 0                                                             
 0                                                             
 0                                                             
 0                                                             
 1                                                             
 0                                                             
 c("", "Reported", "0", "0", "0", "0", "0", "1", "1", "0", "0", 
                                                                
 Reported                                                       
 0                                                              
 0                                                              
 0                                                              
 0                                                              
 0                                                              
 1                                                              
 1                                                              
 0                                                              
 0                                                              
 0                                                              
 0                                                              
 0                                                              
 0                                                              
 0                                                              
 0                                                              
 0                                                              
 5                                                              
 0                                                              
 c("InDels", "Detected", "0", "0", "0", "0", "0", "0", "0", "0", 
 InDels                                                          
 Detected                                                        
 0                                                               
 0                                                               
 0                                                               
 0                                                               
 0                                                               
 0                                                               
 0                                                               
 0                                                               
 0                                                               
 0                                                               
 0                                                               
 1                                                               
 0                                                               
 0                                                               
 0                                                               
 0                                                               
 0                                                               
 0                                                               
 c("", "Reported", "0", "0", "0", "0", "0", "0", "0", "0", "0", 
                                                                
 Reported                                                       
 0                                                              
 0                                                              
 0                                                              
 0                                                              
 0                                                              
 0                                                              
 0                                                              
 0                                                              
 0                                                              
 0                                                              
 0                                                              
 1                                                              
 0                                                              
 0                                                              
 0                                                              
 0                                                              
 0                                                              
 0                                                              
 c("SVs", "Detected", "0", "0", "0", "0", "1", "0", "0", "1", 
 SVs                                                          
 Detected                                                     
 0                                                            
 0                                                            
 0                                                            
 0                                                            
 1                                                            
 0                                                            
 0                                                            
 1                                                            
 1                                                            
 0                                                            
 0                                                            
 0                                                            
 1                                                            
 1                                                            
 1                                                            
 0                                                            
 0                                                            
 1                                                            
 c("", "Reported", "1", "1", "1", "1", "1", "0", "0", "1", "1", 
                                                                
 Reported                                                       
 1                                                              
 1                                                              
 1                                                              
 1                                                              
 1                                                              
 0                                                              
 0                                                              
 1                                                              
 1                                                              
 0                                                              
 1                                                              
 0                                                              
 1                                                              
 1                                                              
 1                                                              
 0                                                              
 0                                                              
 1                                                              
 c("CNVs", "Detected", "0", "0", "0", "0", "0", "0", "0", "0", 
 CNVs                                                          
 Detected                                                      
 0                                                             
 0                                                             
 0                                                             
 0                                                             
 0                                                             
 0                                                             
 0                                                             
 0                                                             
 0                                                             
 1                                                             
 1                                                             
 0                                                             
 0                                                             
 0                                                             
 0                                                             
 1                                                             
 0                                                             
 0                                                             
 c("", "Reported", "0", "0", "0", "0", "0", "0", "0", "0", "0", 
                                                                
 Reported                                                       
 0                                                              
 0                                                              
 0                                                              
 0                                                              
 0                                                              
 0                                                              
 0                                                              
 0                                                              
 0                                                              
 1                                                              
 1                                                              
 0                                                              
 0                                                              
 0                                                              
 0                                                              
 1                                                              
 0                                                              
 0                                                              
 c("LOHs", "Detected", "0", "0", "0", "0", "0", "0", "0", "0", 
 LOHs                                                          
 Detected                                                      
 0                                                             
 0                                                             
 0                                                             
 0                                                             
 0                                                             
 0                                                             
 0                                                             
 0                                                             
 0                                                             
 0                                                             
 0                                                             
 0                                                             
 0                                                             
 0                                                             
 0                                                             
 0                                                             
 0                                                             
 0                                                             
 c("", "Reported", "0", "0", "0", "0", "0", "0", "0", "0", "0", 
                                                                
 Reported                                                       
 0                                                              
 0                                                              
 0                                                              
 0                                                              
 0                                                              
 0                                                              
 0                                                              
 0                                                              
 0                                                              
 0                                                              
 0                                                              
 0                                                              
 0                                                              
 0                                                              
 0                                                              
 0                                                              
 0                                                              
 0                                                              
 c("ITDs", "Detected", "0", "0", "0", "0", "0", "0", "0", "0", 
 ITDs                                                          
 Detected                                                      
 0                                                             
 0                                                             
 0                                                             
 0                                                             
 0                                                             
 0                                                             
 0                                                             
 0                                                             
 0                                                             
 0                                                             
 0                                                             
 0                                                             
 0                                                             
 0                                                             
 0                                                             
 0                                                             
 0                                                             
 0                                                             
 c("", "Reported", "0", "0", "0", "0", "0", "0", "0", "0", "0", 
                                                                
 Reported                                                       
 0                                                              
 0                                                              
 0                                                              
 0                                                              
 0                                                              
 0                                                              
 0                                                              
 0                                                              
 0                                                              
 0                                                              
 0                                                              
 0                                                              
 0                                                              
 0                                                              
 0                                                              
 0                                                              
 0                                                              
 0                                                              
 c("Total Markers", "Detected", "0", "0", "0", "0", "1", "1", 
 Total Markers                                                
 Detected                                                     
 0                                                            
 0                                                            
 0                                                            
 0                                                            
 1                                                            
 1                                                            
 1                                                            
 1                                                            
 1                                                            
 1                                                            
 1                                                            
 1                                                            
 1                                                            
 1                                                            
 1                                                            
 1                                                            
 1                                                            
 1                                                            
 c("", "Reported", "1", "1", "1", "1", "1", "1", "1", "1", "1", 
                                                                
 Reported                                                       
 1                                                              
 1                                                              
 1                                                              
 1                                                              
 1                                                              
 1                                                              
 1                                                              
 1                                                              
 1                                                              
 1                                                              
 2                                                              
 1                                                              
 1                                                              
 1                                                              
 1                                                              
 1                                                              
 5                                                              
 1                                                              
 c("", "", "", "", "", "", "", "", "", "", "", "", "", "", "", 
                                                               
                                                               
                                                               
                                                               
                                                               
                                                               
                                                               
                                                               
                                                               
                                                               
                                                               
                                                               
                                                               
                                                               
                                                               
                                                               
                                                               
                                                               
                                                               
                                                               
 c("Comments for cases with zero #Detected markers", "Missed reported genes/marker(s)", 
 Comments for cases with zero #Detected markers                                         
 Missed reported genes/marker(s)                                                        
 SSX1-SS18                                                                              
 SSX1-SS18                                                                              
 ASPSCR1-TFE3                                                                           
 ASPSCR1-TFE3                                                                           
                                                                                        
                                                                                        
 %Resolved cases                                                                        
 with at least one detected marker                                                      
                                                                                        
                                                                                        
                                                                                        
                                                                                        
                                                                                        
                                                                                        
                                                                                        
                                                                                        
                                                                                        
                                                                                        
 c("", "Reason for missing", "Not covered in the panel", "Not covered in the panel", 
                                                                                     
 Reason for missing                                                                  
 Not covered in the panel                                                            
 Not covered in the panel                                                            
 Not covered in the panel                                                            
 Not covered in the panel                                                            
                                                                                     
                                                                                     
 96.460176991150433                                                                  
                                                                                     
                                                                                     
                                                                                     
                                                                                     
                                                                                     
                                                                                     
                                                                                     
                                                                                     
                                                                                     
                                                                                     
                                                                                     


========================================
Sheet: S16 - LoD results
========================================
dim: 417 rows x 21 cols
 c("Variant", "chr1.115256528.T.A", "chr1.115258747.C.T", "chr1.226252135.A.T", 
 Variant                                                                        
 chr1.115256528.T.A                                                             
 chr1.115258747.C.T                                                             
 chr1.226252135.A.T                                                             
 chr10.104857107.G.A                                                            
 chr11.32410674.C.T                                                             
 chr12.49445838.G.T                                                             
 chr17.7577098.T.A                                                              
 chr17.7577121.G.A                                                              
 chr17.7578190.T.C                                                              
 chr17.7578235.T.C                                                              
 chr20.31022288.C.A                                                             
 chr4.1941422.C.T                                                               
 chr4.55140793.G.A                                                              
 chrX.123182916.T.C                                                             
 chr11.119149006.AGGTACGGATCTAAAC.AC                                            
 chr13.28608281.AC.AATTCATATTCTCTGAAATCAAC                                      
 chr17.7578525.GC.GGC                                                           
 chrX.123191781.ATG.AG                                                          
 chr2.223068491.-.chr13.41187866.-.                                             
 c("Type", "SNV", "SNV", "SNV", "SNV", "SNV", "SNV", "SNV", "SNV", 
 Type                                                              
 SNV                                                               
 SNV                                                               
 SNV                                                               
 SNV                                                               
 SNV                                                               
 SNV                                                               
 SNV                                                               
 SNV                                                               
 SNV                                                               
 SNV                                                               
 SNV                                                               
 SNV                                                               
 SNV                                                               
 SNV                                                               
 InDel                                                             
 InDel                                                             
 InDel                                                             
 InDel                                                             
 SV                                                                
 c("VAF%", "0", "0", "0", "1.2E-2", "9.7000000000000003E-2", "3.0000000000000001E-3", 
 VAF%                                                                                 
 0                                                                                    
 0                                                                                    
 0                                                                                    
 1.2E-2                                                                               
 9.7000000000000003E-2                                                                
 3.0000000000000001E-3                                                                
 5.0000000000000001E-3                                                                
 3.4000000000000002E-2                                                                
 8.9999999999999993E-3                                                                
 0                                                                                    
 8.0000000000000002E-3                                                                
 3.4000000000000002E-2                                                                
 1.7000000000000001E-2                                                                
 0                                                                                    
 0                                                                                    
 0                                                                                    
 0                                                                                    
 0                                                                                    
 0                                                                                    
 c("Q-value", "1", "1", "1", "1", "1", "1", "1", "1", "1", "1", 
 Q-value                                                        
 1                                                              
 1                                                              
 1                                                              
 1                                                              
 1                                                              
 1                                                              
 1                                                              
 1                                                              
 1                                                              
 1                                                              
 1                                                              
 1                                                              
 1                                                              
 1                                                              
 1                                                              
 1                                                              
 1                                                              
 1                                                              
 1                                                              
 c("nM", "0", "0", "0", "2", "25", "1", "1", "7", "3", "0", "2", 
 nM                                                              
 0                                                               
 0                                                               
 0                                                               
 2                                                               
 25                                                              
 1                                                               
 1                                                               
 7                                                               
 3                                                               
 0                                                               
 2                                                               
 8                                                               
 3                                                               
 0                                                               
 0                                                               
 0                                                               
 0                                                               
 0                                                               
 0                                                               
 c("nT", "10157", "21249", "13156", "16037", "25649", "28853", 
 nT                                                            
 10157                                                         
 21249                                                         
 13156                                                         
 16037                                                         
 25649                                                         
 28853                                                         
 20463                                                         
 20541                                                         
 32331                                                         
 31958                                                         
 26243                                                         
 23626                                                         
 17795                                                         
 15328                                                         
 18229                                                         
 21080                                                         
 38458                                                         
 14020                                                         
 21712                                                         
 c("% Dilution (tumor)", "0", "0", "0", "0", "0", "0", "0", "0", 
 % Dilution (tumor)                                              
 0                                                               
 0                                                               
 0                                                               
 0                                                               
 0                                                               
 0                                                               
 0                                                               
 0                                                               
 0                                                               
 0                                                               
 0                                                               
 0                                                               
 0                                                               
 0                                                               
 0                                                               
 0                                                               
 0                                                               
 0                                                               
 0                                                               
 c("Replicate", "N/A", "N/A", "N/A", "N/A", "N/A", "N/A", "N/A", 
 Replicate                                                       
 N/A                                                             
 N/A                                                             
 N/A                                                             
 N/A                                                             
 N/A                                                             
 N/A                                                             
 N/A                                                             
 N/A                                                             
 N/A                                                             
 N/A                                                             
 N/A                                                             
 N/A                                                             
 N/A                                                             
 N/A                                                             
 N/A                                                             
 N/A                                                             
 N/A                                                             
 N/A                                                             
 N/A                                                             
 c("Detection status", "N/A", "N/A", "N/A", "N/A", "N/A", "N/A", 
 Detection status                                                
 N/A                                                             
 N/A                                                             
 N/A                                                             
 N/A                                                             
 N/A                                                             
 N/A                                                             
 N/A                                                             
 N/A                                                             
 N/A                                                             
 N/A                                                             
 N/A                                                             
 N/A                                                             
 N/A                                                             
 N/A                                                             
 N/A                                                             
 N/A                                                             
 N/A                                                             
 N/A                                                             
 N/A                                                             
 c("Cell Line", "GM12878", "GM12878", "GM12878", "GM12878", "GM12878", 
 Cell Line                                                             
 GM12878                                                               
 GM12878                                                               
 GM12878                                                               
 GM12878                                                               
 GM12878                                                               
 GM12878                                                               
 GM12878                                                               
 GM12878                                                               
 GM12878                                                               
 GM12878                                                               
 GM12878                                                               
 GM12878                                                               
 GM12878                                                               
 GM12878                                                               
 GM12878                                                               
 GM12878                                                               
 GM12878                                                               
 GM12878                                                               
 GM12878                                                               
 c("Category", "Non-cancer", "Non-cancer", "Non-cancer", "Non-cancer", 
 Category                                                              
 Non-cancer                                                            
 Non-cancer                                                            
 Non-cancer                                                            
 Non-cancer                                                            
 Non-cancer                                                            
 Non-cancer                                                            
 Non-cancer                                                            
 Non-cancer                                                            
 Non-cancer                                                            
 Non-cancer                                                            
 Non-cancer                                                            
 Non-cancer                                                            
 Non-cancer                                                            
 Non-cancer                                                            
 Non-cancer                                                            
 Non-cancer                                                            
 Non-cancer                                                            
 Non-cancer                                                            
 Non-cancer                                                            
 c("", "", "", "", "", "", "", "", "", "", "", "", "", "", "", 
                                                               
                                                               
                                                               
                                                               
                                                               
                                                               
                                                               
                                                               
                                                               
                                                               
                                                               
                                                               
                                                               
                                                               
                                                               
                                                               
                                                               
                                                               
                                                               
                                                               
 c("", "", "", "", "", "", "", "", "", "", "", "", "", "", "", 
                                                               
                                                               
                                                               
                                                               
                                                               
                                                               
                                                               
                                                               
                                                               
                                                               
                                                               
                                                               
                                                               
                                                               
                                                               
                                                               
                                                               
                                                               
                                                               
                                                               
 c("", "", "", "", "", "Variant class", "", "SNV (n=14)", "Indel (n=4)", 
                                                                         
                                                                         
                                                                         
                                                                         
                                                                         
 Variant class                                                           
                                                                         
 SNV (n=14)                                                              
 Indel (n=4)                                                             
 SV (n=8)                                                                
 All (n=26)                                                              
                                                                         
                                                                         
                                                                         
                                                                         
                                                                         
                                                                         
                                                                         
                                                                         
                                                                         
 c("", "", "", "", "", "Dilution concentration", "0.1", "57", 
                                                              
                                                              
                                                              
                                                              
                                                              
 Dilution concentration                                       
 0.1                                                          
 57                                                           
 62.5                                                         
 50                                                           
 55.5                                                         
                                                              
                                                              
                                                              
                                                              
                                                              
                                                              
                                                              
                                                              
                                                              
 c("", "", "", "", "", "", "0.2", "75", "100", "87.5", "82.5", 
                                                               
                                                               
                                                               
                                                               
                                                               
                                                               
 0.2                                                           
 75                                                            
 100                                                           
 87.5                                                          
 82.5                                                          
                                                               
                                                               
                                                               
                                                               
                                                               
                                                               
                                                               
                                                               
                                                               
 c("", "", "", "", "", "", "0.5", "93", "100", "100", "96", "", 
                                                                
                                                                
                                                                
                                                                
                                                                
                                                                
 0.5                                                            
 93                                                             
 100                                                            
 100                                                            
 96                                                             
                                                                
                                                                
                                                                
                                                                
                                                                
                                                                
                                                                
                                                                
                                                                
 c("", "", "", "", "", "", "1", "100", "100", "100", "100", "", 
                                                                
                                                                
                                                                
                                                                
                                                                
                                                                
 1                                                              
 100                                                            
 100                                                            
 100                                                            
 100                                                            
                                                                
                                                                
                                                                
                                                                
                                                                
                                                                
                                                                
                                                                
                                                                
 c("", "", "", "", "", "", "2.5", "100", "100", "100", "100", 
                                                              
                                                              
                                                              
                                                              
                                                              
                                                              
 2.5                                                          
 100                                                          
 100                                                          
 100                                                          
 100                                                          
                                                              
                                                              
                                                              
                                                              
                                                              
                                                              
                                                              
                                                              
                                                              
 c("", "", "", "", "", "", "5", "100", "100", "100", "100", "", 
                                                                
                                                                
                                                                
                                                                
                                                                
                                                                
 5                                                              
 100                                                            
 100                                                            
 100                                                            
 100                                                            
                                                                
                                                                
                                                                
                                                                
                                                                
                                                                
                                                                
                                                                
                                                                
 c("", "", "", "", "", "", "10", "100", "100", "100", "100", "", 
                                                                 
                                                                 
                                                                 
                                                                 
                                                                 
                                                                 
 10                                                              
 100                                                             
 100                                                             
 100                                                             
 100                                                             
                                                                 
                                                                 
                                                                 
                                                                 
                                                                 
                                                                 
                                                                 
                                                                 
                                                                 


========================================
Sheet: S17 -LoD In silico downsampling
========================================
dim: 272 rows x 23 cols
 c("Dilution levels (%)", "0.1", "0.2", "0.5", "1", "2.5", "5", 
 Dilution levels (%)                                            
 0.1                                                            
 0.2                                                            
 0.5                                                            
 1                                                              
 2.5                                                            
 5                                                              
 10                                                             
                                                                
                                                                
                                                                
                                                                
                                                                
                                                                
                                                                
                                                                
                                                                
                                                                
                                                                
 Sr. No.                                                        
 c("Initial targeted Sequencing Depth", "10000X", "10000X", "5000X", 
 Initial targeted Sequencing Depth                                   
 10000X                                                              
 10000X                                                              
 5000X                                                               
 5000X                                                               
 2500X                                                               
 2500X                                                               
 2500X                                                               
                                                                     
                                                                     
                                                                     
                                                                     
                                                                     
                                                                     
                                                                     
                                                                     
                                                                     
                                                                     
                                                                     
 Dilution Level (%)                                                  
 c("Down-sampled depths", "1000X, 1500X, 2000X, 3000X", "1000X, 1500X, 2000X, 3000X", 
 Down-sampled depths                                                                  
 1000X, 1500X, 2000X, 3000X                                                           
 1000X, 1500X, 2000X, 3000X                                                           
 1000X, 1500X, 2000X, 3000X                                                           
 1000X, 1500X, 2000X, 3000X                                                           
 1000X, 1500X, 2000X                                                                  
 1000X, 1500X, 2000X                                                                  
 1000X, 1500X, 2000X                                                                  
                                                                                      
                                                                                      
                                                                                      
                                                                                      
                                                                                      
                                                                                      
                                                                                      
                                                                                      
                                                                                      
                                                                                      
                                                                                      
 Initial targeted Sequencing Depth                                                    
 c("#Down sampled depths", "4", "4", "4", "4", "3", "3", "3", 
 #Down sampled depths                                         
 4                                                            
 4                                                            
 4                                                            
 4                                                            
 3                                                            
 3                                                            
 3                                                            
                                                              
                                                              
                                                              
                                                              
                                                              
                                                              
                                                              
                                                              
                                                              
                                                              
                                                              
 Down sampled depth                                           
 c("#Random Samples", "10", "10", "10", "10", "10", "10", "10", 
 #Random Samples                                                
 10                                                             
 10                                                             
 10                                                             
 10                                                             
 10                                                             
 10                                                             
 10                                                             
                                                                
                                                                
                                                                
                                                                
                                                                
                                                                
                                                                
                                                                
                                                                
                                                                
                                                                
 Random Sample Set                                              
 c("#Down-sized samples per dilution level", "40", "40", "40", 
 #Down-sized samples per dilution level                        
 40                                                            
 40                                                            
 40                                                            
 40                                                            
 30                                                            
 30                                                            
 30                                                            
 250                                                           
                                                               
                                                               
                                                               
                                                               
                                                               
                                                               
                                                               
                                                               
                                                               
                                                               
 Qualitative Recall Rate                                       
 c("", "", "", "", "", "", "", "", "", "", "", "", "", "", "", 
                                                               
                                                               
                                                               
                                                               
                                                               
                                                               
                                                               
                                                               
                                                               
                                                               
                                                               
                                                               
                                                               
                                                               
                                                               
                                                               
                                                               
                                                               
                                                               
 Recall Rate based on Statistical Significance                 
 c("", "", "", "", "", "", "", "", "", "", "", "", "", "", "", 
                                                               
                                                               
                                                               
                                                               
                                                               
                                                               
                                                               
                                                               
                                                               
                                                               
                                                               
                                                               
                                                               
                                                               
                                                               
                                                               
                                                               
                                                               
                                                               
 Average SequencErr Depth at SNV Loci                          
 c("", "", "", "", "", "", "", "", "", "", "", "", "", "", "", 
                                                               
                                                               
                                                               
                                                               
                                                               
                                                               
                                                               
                                                               
                                                               
                                                               
                                                               
                                                               
                                                               
                                                               
                                                               
                                                               
                                                               
                                                               
 Down sampled depths at 14 SNV loci                            
 chr1:115256528                                                
 c("", "", "", "", "", "", "", "", "", "", "", "", "", "", "", 
                                                               
                                                               
                                                               
                                                               
                                                               
                                                               
                                                               
                                                               
                                                               
                                                               
                                                               
                                                               
                                                               
                                                               
                                                               
                                                               
                                                               
                                                               
                                                               
 chr1:115258747                                                
 c("", "", "", "", "", "", "", "", "", "", "", "", "", "", "", 
                                                               
                                                               
                                                               
                                                               
                                                               
                                                               
                                                               
                                                               
                                                               
                                                               
                                                               
                                                               
                                                               
                                                               
                                                               
                                                               
                                                               
                                                               
                                                               
 chr1:226252135                                                
 c("", "", "", "", "", "", "", "", "", "", "", "", "", "", "", 
                                                               
                                                               
                                                               
                                                               
                                                               
                                                               
                                                               
                                                               
                                                               
                                                               
                                                               
                                                               
                                                               
                                                               
                                                               
                                                               
                                                               
                                                               
                                                               
 chr10:104857107                                               
 c("", "", "", "", "", "", "", "", "", "", "", "", "", "", "", 
                                                               
                                                               
                                                               
                                                               
                                                               
                                                               
                                                               
                                                               
                                                               
                                                               
                                                               
                                                               
                                                               
                                                               
                                                               
                                                               
                                                               
                                                               
                                                               
 chr11:32410674                                                
 c("", "", "", "", "", "", "", "", "", "", "", "", "", "", "", 
                                                               
                                                               
                                                               
                                                               
                                                               
                                                               
                                                               
                                                               
                                                               
                                                               
                                                               
                                                               
                                                               
                                                               
                                                               
                                                               
                                                               
                                                               
                                                               
 chr12:49445838                                                
 c("", "", "", "", "", "", "", "", "", "", "", "", "", "", "", 
                                                               
                                                               
                                                               
                                                               
                                                               
                                                               
                                                               
                                                               
                                                               
                                                               
                                                               
                                                               
                                                               
                                                               
                                                               
                                                               
                                                               
                                                               
                                                               
 chr17:7577098                                                 
 c("", "", "", "", "", "", "", "", "", "", "", "", "", "", "", 
                                                               
                                                               
                                                               
                                                               
                                                               
                                                               
                                                               
                                                               
                                                               
                                                               
                                                               
                                                               
                                                               
                                                               
                                                               
                                                               
                                                               
                                                               
                                                               
 chr17:7577121                                                 
 c("", "", "", "", "", "", "", "", "", "", "", "", "", "", "", 
                                                               
                                                               
                                                               
                                                               
                                                               
                                                               
                                                               
                                                               
                                                               
                                                               
                                                               
                                                               
                                                               
                                                               
                                                               
                                                               
                                                               
                                                               
                                                               
 chr17:7578190                                                 
 c("", "", "", "", "", "", "", "", "", "", "", "", "", "", "", 
                                                               
                                                               
                                                               
                                                               
                                                               
                                                               
                                                               
                                                               
                                                               
                                                               
                                                               
                                                               
                                                               
                                                               
                                                               
                                                               
                                                               
                                                               
                                                               
 chr17:7578235                                                 
 c("", "", "", "", "", "", "", "", "", "", "", "", "", "", "", 
                                                               
                                                               
                                                               
                                                               
                                                               
                                                               
                                                               
                                                               
                                                               
                                                               
                                                               
                                                               
                                                               
                                                               
                                                               
                                                               
                                                               
                                                               
                                                               
 chr20:31022288                                                
 c("", "", "", "", "", "", "", "", "", "", "", "", "", "", "", 
                                                               
                                                               
                                                               
                                                               
                                                               
                                                               
                                                               
                                                               
                                                               
                                                               
                                                               
                                                               
                                                               
                                                               
                                                               
                                                               
                                                               
                                                               
                                                               
 chr4:1941422                                                  
 c("", "", "", "", "", "", "", "", "", "", "", "", "", "", "", 
                                                               
                                                               
                                                               
                                                               
                                                               
                                                               
                                                               
                                                               
                                                               
                                                               
                                                               
                                                               
                                                               
                                                               
                                                               
                                                               
                                                               
                                                               
                                                               
 chr4:55140793                                                 
 c("", "", "", "", "", "", "", "", "", "", "", "", "", "", "", 
                                                               
                                                               
                                                               
                                                               
                                                               
                                                               
                                                               
                                                               
                                                               
                                                               
                                                               
                                                               
                                                               
                                                               
                                                               
                                                               
                                                               
                                                               
                                                               
 chrX:123182916                                                
 c("", "", "", "", "", "", "", "", "", "", "", "", "", "", "", 
                                                               
                                                               
                                                               
                                                               
                                                               
                                                               
                                                               
                                                               
                                                               
                                                               
                                                               
                                                               
                                                               
                                                               
                                                               
                                                               
                                                               
                                                               
                                                               
 Average Samtools Depth                                        


========================================
Sheet: S18 -rAML cases serial markers
========================================
dim: 23 rows x 10 cols
 c("Table S18 - Case SJAML016582", "", "", "Case ID", "SJAML016582", 
 Table S18 - Case SJAML016582                                        
                                                                     
                                                                     
 Case ID                                                             
 SJAML016582                                                         
 SJAML016582                                                         
 SJAML016582                                                         
 SJAML016582                                                         
 SJAML016582                                                         
 SJAML016582                                                         
 SJAML016582                                                         
 SJAML016582                                                         
 SJAML016582                                                         
                                                                     
 Table S18 - Case: SJAML016551                                       
                                                                     
                                                                     
 Case ID                                                             
 SJAML016551                                                         
 SJAML016551                                                         
 c("", "", "", "Marker", "chr5.176659121.-.chr11.3764479.+.GGAACC", 
                                                                    
                                                                    
                                                                    
 Marker                                                             
 chr5.176659121.-.chr11.3764479.+.GGAACC                            
 chr11.32417921.AG.ACCGTACAAGAG                                     
 chr1.115256528.TTGT.TCTT                                           
 chr1.115258746.ACC.ATC                                             
 chr1.115258743.ACC.ATC                                             
 chr1.115256528.TTG.TCG                                             
 chr5.112179722.A.C                                                 
 chr11.32413565.C.G                                                 
 chr3.47163639.C.A                                                  
                                                                    
                                                                    
                                                                    
                                                                    
 Marker                                                             
 chr1.115256528.T.A                                                 
 chr3.47165722.G.C                                                  
 c("", "", "", "Type", "Fusion/SV", "InDel", "MNV", "MSNV", "MSNV", 
                                                                    
                                                                    
                                                                    
 Type                                                               
 Fusion/SV                                                          
 InDel                                                              
 MNV                                                                
 MSNV                                                               
 MSNV                                                               
 MSNV                                                               
 SNV                                                                
 SNV                                                                
 SNV                                                                
                                                                    
                                                                    
                                                                    
                                                                    
 Type                                                               
 SNV                                                                
 SNV                                                                
 c("", "", "", "Gene(s)", "NUP98::NSD1", "WT1", "NRAS", "NRAS", 
                                                                
                                                                
                                                                
 Gene(s)                                                        
 NUP98::NSD1                                                    
 WT1                                                            
 NRAS                                                           
 NRAS                                                           
 NRAS                                                           
 NRAS                                                           
 APC                                                            
 WT1                                                            
 SETD2                                                          
                                                                
                                                                
                                                                
                                                                
 Gene(s)                                                        
 NRAS                                                           
 SETD2                                                          
 c("", "", "", "Class", "fusion", "frameshift", "missense", "missense", 
                                                                        
                                                                        
                                                                        
 Class                                                                  
 fusion                                                                 
 frameshift                                                             
 missense                                                               
 missense                                                               
 missense                                                               
 missense                                                               
 missense                                                               
 missense                                                               
 missense                                                               
                                                                        
                                                                        
                                                                        
                                                                        
 Class                                                                  
 missense                                                               
 nonsense                                                               
 c("", "", "", "AAChange", "", "T360fs", "Q61R", "G12D", "G13D", 
                                                                 
                                                                 
                                                                 
 AAChange                                                        
                                                                 
 T360fs                                                          
 Q61R                                                            
 G12D                                                            
 G13D                                                            
 Q61R                                                            
 N2811H                                                          
 R445P                                                           
 L829F                                                           
                                                                 
                                                                 
                                                                 
                                                                 
 AAChange                                                        
 Q61H                                                            
 S135*                                                           
 c("", "Timepoints (VAF %)", "Diagnosis", "Day 0", "26.532", "30.006", 
                                                                       
 Timepoints (VAF %)                                                    
 Diagnosis                                                             
 Day 0                                                                 
 26.532                                                                
 30.006                                                                
 26.486000000000001                                                    
 7.1619999999999999                                                    
 6.1079999999999997                                                    
 0.11899999999999999                                                   
 0                                                                     
 0                                                                     
 0                                                                     
                                                                       
                                                                       
 Timepoints (VAF %)                                                    
 Diagnosis                                                             
 Day 0                                                                 
 48.4                                                                  
 44.8                                                                  
 c("", "", "MRD", "Day 26", "6.5659999999999998", "7.78", "6.2629999999999999", 
                                                                                
                                                                                
 MRD                                                                            
 Day 26                                                                         
 6.5659999999999998                                                             
 7.78                                                                           
 6.2629999999999999                                                             
 5.12                                                                           
 4.4610000000000003                                                             
 3.7999999999999999E-2                                                          
 0                                                                              
 0                                                                              
 0                                                                              
                                                                                
                                                                                
                                                                                
 MRD                                                                            
 Day 23                                                                         
 0.8                                                                            
 0.9                                                                            
 c("", "", "Remission 1", "Day 97", "2.88", "2.883", "2.5230000000000001", 
                                                                           
                                                                           
 Remission 1                                                               
 Day 97                                                                    
 2.88                                                                      
 2.883                                                                     
 2.5230000000000001                                                        
 2.202                                                                     
 3.5419999999999998                                                        
 2.8000000000000001E-2                                                     
 0.04                                                                      
 0                                                                         
 0                                                                         
                                                                           
                                                                           
                                                                           
 Relapse                                                                   
 Day 344                                                                   
 46.8                                                                      
 46.5                                                                      
 c("", "", "Relapse", "Day 314", "22.827999999999999", "40.847999999999999", 
                                                                             
                                                                             
 Relapse                                                                     
 Day 314                                                                     
 22.827999999999999                                                          
 40.847999999999999                                                          
 6.6000000000000003E-2                                                       
 15.817                                                                      
 0                                                                           
 24.795000000000002                                                          
 32.593000000000004                                                          
 37.822000000000003                                                          
 27.027999999999999                                                          
                                                                             
                                                                             
                                                                             
                                                                             
                                                                             
                                                                             
                                                                             
