PID	sample_clone	Sample	gene_target	gene_symbol	Marker_hg38	Marker.Type	Variant_Class	HGVSp_Short	amino_acids	protein_start	consequence	mane_select	transcript_id	canonical	VAF	nM	nT	hgvsc	hgvsp	biotype	codon	hotspot_codon	Mut_Status	status_rank	ACH	CellLineName	in_CGE
SJALL003037	C1	C1_WGS	NRAS	NRAS	chr1.114716127.C.T	SNV	Missense	p.G12S	G/S	12	missense_variant	NM_002524.5	ENST00000369535	1	1	26	26	ENST00000369535.5:c.34G>A	ENSP00000358548.4:p.Gly12Ser	protein_coding	12	TRUE	Hotspot	5			FALSE
SJALL062803	C4	C4_WGS	KRAS	KRAS	chr12.25245317.A.C	SNV	Missense	p.L23R	L/R	23	missense_variant	NM_004985.5	ENST00000311936	1	0.653846153846154	17	26	ENST00000311936.8:c.68T>G	ENSP00000308495.3:p.Leu23Arg	protein_coding	23	FALSE	Missense_Other	4	ACH-000156	MHHCALL4	FALSE
SJALL062805	C1	C1_WGS	NRAS	NRAS	chr1.114713908.T.A	SNV	Missense	p.Q61L	Q/L	61	missense_variant	NM_002524.5	ENST00000369535	1	0.576271186440678	34	59	ENST00000369535.5:c.182A>T	ENSP00000358548.4:p.Gln61Leu	protein_coding	61	TRUE	Hotspot	5	ACH-003590	YCUB2	TRUE
SJALL064607	C2	C2_WGS	KRAS	KRAS	chr12.25245317.A.C	SNV	Missense	p.L23R	L/R	23	missense_variant	NM_004985.5	ENST00000311936	1	0.653846153846154	17	26	ENST00000311936.8:c.68T>G	ENSP00000308495.3:p.Leu23Arg	protein_coding	23	FALSE	Missense_Other	4	ACH-000156	MHHCALL4	FALSE
SJALL064608	C1	C1_WGS	H3F3A	H3F3A	chr1.226064434.A.T	SNV	Missense	p.K28M	K/M	28	missense_variant	NM_002107.7	ENST00000366815	1	0.322033898305085	19	59	ENST00000366815.10:c.83A>T	ENSP00000355780.3:p.Lys28Met	protein_coding	28	TRUE	Hotspot	5	ACH-000070	697	TRUE
SJALL064608	C1B	C1B_WGS	NRAS	NRAS	chr1.114716126.C.T	SNV	Missense	p.G12D	G/D	12	missense_variant	NM_002524.5	ENST00000369535	1	0.53125	17	32	ENST00000369535.5:c.35G>A	ENSP00000358548.4:p.Gly12Asp	protein_coding	12	TRUE	Hotspot	5			FALSE
SJALL064611	C1	C1_WGS	MTOR	MTOR	chr1.11124516.G.T	SNV	Missense	p.S2215Y	S/Y	2215	missense_variant	NM_004958.4	ENST00000361445	1	0.533333333333333	16	30	ENST00000361445.9:c.6644C>A	ENSP00000354558.4:p.Ser2215Tyr	protein_coding	2215	FALSE	Missense_Other	4	ACH-001209	TOM1	FALSE
SJALL067322	C1	C1_WGS	HIST1H3C	HIST1H3C	chr6.26045493.A.T	SNV	Missense	p.K28M	K/M	28	missense_variant	NM_003531.3	ENST00000612966	1	0.647058823529412	11	17	ENST00000612966.3:c.83A>T	ENSP00000484658.2:p.Lys28Met	protein_coding	28	FALSE	Missense_Other	4			FALSE
SJALL075982	C1	C1_WGS	KRAS	KRAS	chr12.25245350.C.T	SNV	Missense	p.G12D	G/D	12	missense_variant	NM_004985.5	ENST00000311936	1	0.5	14	28	ENST00000311936.8:c.35G>A	ENSP00000308495.3:p.Gly12Asp	protein_coding	12	TRUE	Hotspot	5	ACH-003591	YCUB5	FALSE
SJALL075985	C1	C1_WGS	NRAS	NRAS	chr1.114716126.C.G	SNV	Missense	p.G12A	G/A	12	missense_variant	NM_002524.5	ENST00000369535	1	0.539473684210526	41	76	ENST00000369535.5:c.35G>C	ENSP00000358548.4:p.Gly12Ala	protein_coding	12	TRUE	Hotspot	5	ACH-003522	PER377	FALSE
SJALL075986	C1	C1_WGS	NRAS	NRAS	chr1.114713907.T.A	SNV	Missense	p.Q61H	Q/H	61	missense_variant	NM_002524.5	ENST00000369535	1	0.48780487804878	20	41	ENST00000369535.5:c.183A>T	ENSP00000358548.4:p.Gln61His	protein_coding	61	TRUE	Hotspot	5	ACH-003523	PER485	FALSE
SJALL075987	C1	C1_WGS	KRAS	KRAS	chr12.25225628.C.T	SNV	Missense	p.A146T	A/T	146	missense_variant	NM_004985.5	ENST00000311936	1	0.235294117647059	8	34	ENST00000311936.8:c.436G>A	ENSP00000308495.3:p.Ala146Thr	protein_coding	146	TRUE	Hotspot	5	ACH-003524	PER490	FALSE
SJALL075988	C1	C1_WGS	NRAS	NRAS	chr1.114716123.C.T	SNV	Missense	p.G13D	G/D	13	missense_variant	NM_002524.5	ENST00000369535	1	0.533333333333333	16	30	ENST00000369535.5:c.38G>A	ENSP00000358548.4:p.Gly13Asp	protein_coding	13	TRUE	Hotspot	5	ACH-003526	PER703	FALSE
SJALL075989	C1	C1_WGS	NRAS	NRAS	chr1.114716126.C.T	SNV	Missense	p.G12D	G/D	12	missense_variant	NM_002524.5	ENST00000369535	1	0.446428571428571	25	56	ENST00000369535.5:c.35G>A	ENSP00000358548.4:p.Gly12Asp	protein_coding	12	TRUE	Hotspot	5	ACH-003528	PER785	FALSE
SJALL077035	C1	C1_WGS	NRAS	NRAS	chr1.114716126.C.T	SNV	Missense	p.G12D	G/D	12	missense_variant	NM_002524.5	ENST00000369535	1	0.478260869565217	11	23	ENST00000369535.5:c.35G>A	ENSP00000358548.4:p.Gly12Asp	protein_coding	12	TRUE	Hotspot	5	ACH-003531	SKW3	FALSE
SJALL077038	C1	C1_WGS	NRAS	NRAS	chr1.114716126.C.A	SNV	Missense	p.G12V	G/V	12	missense_variant	NM_002524.5	ENST00000369535	1	0.461538461538462	12	26	ENST00000369535.5:c.35G>T	ENSP00000358548.4:p.Gly12Val	protein_coding	12	TRUE	Hotspot	5	ACH-003525	PER608	FALSE
SJALL080081	C9	C9_WGS	NRAS	NRAS	chr1.114716126.C.T	SNV	Missense	p.G12D	G/D	12	missense_variant	NM_002524.5	ENST00000369535	1	0.5	17	34	ENST00000369535.5:c.35G>A	ENSP00000358548.4:p.Gly12Asp	protein_coding	12	TRUE	Hotspot	5			FALSE
SJALL080087	C1	C1_WGS	H3F3A	H3F3A	chr1.226065675.C.T	SNV	Missense	p.R50C	R/C	50	missense_variant	NM_002107.7	ENST00000366815	1	0.606060606060606	20	33	ENST00000366815.10:c.148C>T	ENSP00000355780.3:p.Arg50Cys	protein_coding	50	FALSE	Missense_Other	4	ACH-003504	NALL1	FALSE
SJALL080087	C1	C1_WGS	NRAS	NRAS	chr1.114716127.C.A	SNV	Missense	p.G12C	G/C	12	missense_variant	NM_002524.5	ENST00000369535	1	0.58974358974359	23	39	ENST00000369535.5:c.34G>T	ENSP00000358548.4:p.Gly12Cys	protein_coding	12	TRUE	Hotspot	5	ACH-003504	NALL1	FALSE
SJAML011230	C7	C7_WGS	MYC	MYC	chr8.127738395.C.A	SNV	Missense	p.P60T	P/T	60	missense_variant	NM_002467.6	ENST00000621592	1	0.451612903225806	56	124	ENST00000621592.8:c.178C>A	ENSP00000478887.2:p.Pro60Thr	protein_coding	60	FALSE	Missense_Other	4			FALSE
SJAML046462	C6	C6_WGS	NRAS	NRAS	chr1.114713907.T.A	SNV	Missense	p.Q61H	Q/H	61	missense_variant	NM_002524.5	ENST00000369535	1	0.555555555555556	20	36	ENST00000369535.5:c.183A>T	ENSP00000358548.4:p.Gln61His	protein_coding	61	TRUE	Hotspot	5	ACH-000439	ME1	FALSE
SJAML062806	C16	C16_WGS	FLT3	FLT3	chr13.28034123.T.A	SNV	Missense	p.Y599F	Y/F	599	missense_variant	NM_004119.3	ENST00000241453	1	0.151515151515152	5	33	ENST00000241453.12:c.1796A>T	ENSP00000241453.7:p.Tyr599Phe	protein_coding	599	FALSE	Missense_Other	4	ACH-000362	MOLM13	TRUE
SJAML062810	C1	C1_WGS	MTOR	MTOR	chr1.11124516.G.A	SNV	Missense	p.S2215F	S/F	2215	missense_variant	NM_004958.4	ENST00000361445	1	0.51063829787234	24	47	ENST00000361445.9:c.6644C>T	ENSP00000354558.4:p.Ser2215Phe	protein_coding	2215	FALSE	Missense_Other	4	ACH-003502	OP1	FALSE
SJAML066167	C1B	C1B_WGS	FLT3	FLT3	chr13.28004143.T.C	SNV	Missense	p.E964G	E/G	964	missense_variant	NM_004119.3	ENST00000241453	1	0.571428571428571	12	21	ENST00000241453.12:c.2891A>G	ENSP00000241453.7:p.Glu964Gly	protein_coding	964	FALSE	Missense_Other	4			FALSE
SJAML066167	C1B	C1B_WGS	NRAS	NRAS	chr1.114713908.T.G	SNV	Missense	p.Q61P	Q/P	61	missense_variant	NM_002524.5	ENST00000369535	1	0.515151515151515	17	33	ENST00000369535.5:c.182A>C	ENSP00000358548.4:p.Gln61Pro	protein_coding	61	TRUE	Hotspot	5			FALSE
SJAML066168	C1	C1_WGS	PTPN11	PTPN11	chr12.112450395.C.T	SNV	Missense	p.A72V	A/V	72	missense_variant	NM_002834.5	ENST00000351677	1	0.645161290322581	20	31	ENST00000351677.7:c.215C>T	ENSP00000340944.3:p.Ala72Val	protein_coding	72	TRUE	Hotspot	5	ACH-000299	HNT34	TRUE
SJAML066169	C1	C1_WGS	KIT	KIT	chr4.54733155.A.T	SNV	Missense	p.D816V	D/V	816	missense_variant	NM_000222.3	ENST00000288135	1	0.625	15	24	ENST00000288135.6:c.2447A>T	ENSP00000288135.6:p.Asp816Val	protein_coding	816	TRUE	Hotspot	5	ACH-001684	UCSDAML1	FALSE
SJAML066169	C1	C1_WGS	PTPN11	PTPN11	chr12.112450362.A.T	SNV	Missense	p.D61V	D/V	61	missense_variant	NM_002834.5	ENST00000351677	1	0.576923076923077	15	26	ENST00000351677.7:c.182A>T	ENSP00000340944.3:p.Asp61Val	protein_coding	61	FALSE	Missense_Other	4	ACH-001684	UCSDAML1	FALSE
SJAML068300	C1	C1_WGS	KRAS	KRAS	chr12.25225628.C.T	SNV	Missense	p.A146T	A/T	146	missense_variant	NM_004985.5	ENST00000311936	1	0.647058823529412	11	17	ENST00000311936.8:c.436G>A	ENSP00000308495.3:p.Ala146Thr	protein_coding	146	TRUE	Hotspot	5	ACH-002273	ML2	FALSE
SJAML075984	C1	C1_WGS	KRAS	KRAS	chr12.25225628.C.G	SNV	Missense	p.A146P	A/P	146	missense_variant	NM_004985.5	ENST00000311936	1	0.5	10	20	ENST00000311936.8:c.436G>C	ENSP00000308495.3:p.Ala146Pro	protein_coding	146	TRUE	Hotspot	5	ACH-002644	MEGAL	FALSE
SJAML077033	C1	C1_WGS	PTPN11	PTPN11	chr12.112450393.T.A	SNV	Missense	p.F71L	F/L	71	missense_variant	NM_002834.5	ENST00000351677	1	0.482758620689655	14	29	ENST00000351677.7:c.213T>A	ENSP00000340944.3:p.Phe71Leu	protein_coding	71	FALSE	Missense_Other	4	ACH-001647	SHI1	TRUE
SJAML077033	C1B	C1B_WGS	KRAS	KRAS	chr12.25227341.T.G	SNV	Missense	p.Q61H	Q/H	61	missense_variant	NM_004985.5	ENST00000311936	1	0.5	18	36	ENST00000311936.8:c.183A>C	ENSP00000308495.3:p.Gln61His	protein_coding	61	TRUE	Hotspot	5			FALSE
SJAML077102	C1	C1_WGS	NRAS	NRAS	chr1.114713908.T.A	SNV	Missense	p.Q61L	Q/L	61	missense_variant	NM_002524.5	ENST00000369535	1	1	30	30	ENST00000369535.5:c.182A>T	ENSP00000358548.4:p.Gln61Leu	protein_coding	61	TRUE	Hotspot	5	ACH-000336	OCIAML3	TRUE
SJAML077106	C1	C1_WGS	KRAS	KRAS	chr12.25225627.G.A	SNV	Missense	p.A146V	A/V	146	missense_variant	NM_004985.5	ENST00000311936	1	0.586206896551724	34	58	ENST00000311936.8:c.437C>T	ENSP00000308495.3:p.Ala146Val	protein_coding	146	TRUE	Hotspot	5	ACH-000218	PL21	FALSE
SJAML077106	C1	C1_WGS	MYC	MYC	chr8.127738438.C.T	SNV	Missense	p.P74L	P/L	74	missense_variant	NM_002467.6	ENST00000621592	1	0.391304347826087	9	23	ENST00000621592.8:c.221C>T	ENSP00000478887.2:p.Pro74Leu	protein_coding	74	FALSE	Missense_Other	4	ACH-000218	PL21	FALSE
SJAML077107	C1	C1_WGS	FLT3	FLT3	chr13.28034144.AC.AATTCATATTCTCTGAAATCAAC	Indel	InframeIns	p.V592VDFREYEF	V/VDFREYEF	592	inframe_insertion	NM_004119.3	ENST00000241453	1	0.541666666666667	13	24	ENST00000241453.12:c.1775_1795dup	ENSP00000241453.7:p.Glu598_Tyr599insPheAspPheArgGluTyrGlu	protein_coding	592	FALSE	InframeIndel	3	ACH-000362	MOLM13	TRUE
SJAML080079	C1	C1_WGS	KIT	KIT	chr4.54733174.T.A	SNV	Missense	p.N822K	N/K	822	missense_variant	NM_000222.3	ENST00000288135	1	1	32	32	ENST00000288135.6:c.2466T>A	ENSP00000288135.6:p.Asn822Lys	protein_coding	822	FALSE	Missense_Other	4	ACH-001656	SKNO1	TRUE
SJAML080079	C1	C1_WGS	MYC	MYC	chr8.127738438.C.A	SNV	Missense	p.P74Q	P/Q	74	missense_variant	NM_002467.6	ENST00000621592	1	0.782608695652174	18	23	ENST00000621592.8:c.221C>A	ENSP00000478887.2:p.Pro74Gln	protein_coding	74	FALSE	Missense_Other	4	ACH-001656	SKNO1	TRUE
SJAML080096	C1	C1_WGS	NRAS	NRAS	chr1.114713908.T.A	SNV	Missense	p.Q61L	Q/L	61	missense_variant	NM_002524.5	ENST00000369535	1	0.56	14	25	ENST00000369535.5:c.182A>T	ENSP00000358548.4:p.Gln61Leu	protein_coding	61	TRUE	Hotspot	5	ACH-000002	HL60	FALSE
SJAML080365	C1	C1_WGS	KIT	KIT	chr4.54733174.T.A	SNV	Missense	p.N822K	N/K	822	missense_variant	NM_000222.3	ENST00000288135	1	0.888888888888889	104	117	ENST00000288135.6:c.2466T>A	ENSP00000288135.6:p.Asn822Lys	protein_coding	822	FALSE	Missense_Other	4	ACH-000263	KASUMI1	TRUE
SJAML080402	C2	C2_WGS	NRAS	NRAS	chr1.114716126.C.T	SNV	Missense	p.G12D	G/D	12	missense_variant	NM_002524.5	ENST00000369535	1	0.666666666666667	38	57	ENST00000369535.5:c.35G>A	ENSP00000358548.4:p.Gly12Asp	protein_coding	12	TRUE	Hotspot	5			FALSE
SJAML080452	C3	C3_WGS	NRAS	NRAS	chr1.114716127.C.A	SNV	Missense	p.G12C	G/C	12	missense_variant	NM_002524.5	ENST00000369535	1	0.68421052631579	26	38	ENST00000369535.5:c.34G>T	ENSP00000358548.4:p.Gly12Cys	protein_coding	12	TRUE	Hotspot	5	ACH-000770	P31FUJ	TRUE
SJAML080705	C1B	C1B_WGS	PTPN11	PTPN11	chr12.112450358.G.C	SNV	Missense	p.G60R	G/R	60	missense_variant	NM_002834.5	ENST00000351677	1	0.542857142857143	19	35	ENST00000351677.7:c.178G>C	ENSP00000340944.3:p.Gly60Arg	protein_coding	60	FALSE	Missense_Other	4			FALSE
SJAML080726	C1	C1_WGS	NRAS	NRAS	chr1.114716126.C.T	SNV	Missense	p.G12D	G/D	12	missense_variant	NM_002524.5	ENST00000369535	1	0.686274509803922	35	51	ENST00000369535.5:c.35G>A	ENSP00000358548.4:p.Gly12Asp	protein_coding	12	TRUE	Hotspot	5	ACH-000146	THP1	TRUE
SJAML080732	C3	C3_WGS	NRAS	NRAS	chr1.114716123.C.A	SNV	Missense	p.G13V	G/V	13	missense_variant	NM_002524.5	ENST00000369535	1	0.482758620689655	14	29	ENST00000369535.5:c.38G>T	ENSP00000358548.4:p.Gly13Val	protein_coding	13	TRUE	Hotspot	5	ACH-000557	AML193	TRUE
SJAML080736	C4	C4_WGS	NRAS	NRAS	chr1.114713909.G.T	SNV	Missense	p.Q61K	Q/K	61	missense_variant	NM_002524.5	ENST00000369535	1	0.375	12	32	ENST00000369535.5:c.181C>A	ENSP00000358548.4:p.Gln61Lys	protein_coding	61	TRUE	Hotspot	5	ACH-003320	TSU1621MT	FALSE
SJAML083031	C2	C2_WGS	NRAS	NRAS	chr1.114716123.C.A	SNV	Missense	p.G13V	G/V	13	missense_variant	NM_002524.5	ENST00000369535	1	0.484848484848485	16	33	ENST00000369535.5:c.38G>T	ENSP00000358548.4:p.Gly13Val	protein_coding	13	TRUE	Hotspot	5			FALSE
SJAML083040	C2	C2_WGS	FLT3	FLT3	chr13.28028192.G.A	SNV	Missense	p.A680V	A/V	680	missense_variant	NM_004119.3	ENST00000241453	1	0.636363636363636	21	33	ENST00000241453.12:c.2039C>T	ENSP00000241453.7:p.Ala680Val	protein_coding	680	FALSE	Missense_Other	4	ACH-000113	OCIAML2	TRUE
SJAML083041	C1	C1_WGS	NRAS	NRAS	chr1.114713909.G.T	SNV	Missense	p.Q61K	Q/K	61	missense_variant	NM_002524.5	ENST00000369535	1	0.576923076923077	15	26	ENST00000369535.5:c.181C>A	ENSP00000358548.4:p.Gln61Lys	protein_coding	61	TRUE	Hotspot	5	ACH-001618	OCIM2	TRUE
SJAML092615	C1	C1_WGS	FLT3	FLT3	chr13.28034144.AC.AATTCATATTCTCTGAAATCAAC	Indel	InframeIns	p.V592VDFREYEF	V/VDFREYEF	592	inframe_insertion	NM_004119.3	ENST00000241453	1	0.705882352941177	24	34	ENST00000241453.12:c.1775_1795dup	ENSP00000241453.7:p.Glu598_Tyr599insPheAspPheArgGluTyrGlu	protein_coding	592	FALSE	InframeIndel	3	ACH-001574	MOLM14	TRUE
SJAML093353	C2	C2_WGS	PTPN11	PTPN11	chr12.112450358.G.C	SNV	Missense	p.G60R	G/R	60	missense_variant	NM_002834.5	ENST00000351677	1	0.545454545454545	18	33	ENST00000351677.7:c.178G>C	ENSP00000340944.3:p.Gly60Arg	protein_coding	60	FALSE	Missense_Other	4	ACH-003665	MBU8	FALSE
SJAML093354	C2	C2_WGS	NRAS	NRAS	chr1.114716127.C.A	SNV	Missense	p.G12C	G/C	12	missense_variant	NM_002524.5	ENST00000369535	1	0.454545454545455	20	44	ENST00000369535.5:c.34G>T	ENSP00000358548.4:p.Gly12Cys	protein_coding	12	TRUE	Hotspot	5	ACH-003579	RBK1	FALSE
SJAML096692	C1	C1_WGS	KRAS	KRAS	chr12.25245350.C.A	SNV	Missense	p.G12V	G/V	12	missense_variant	NM_004985.5	ENST00000311936	1	0.566666666666667	17	30	ENST00000311936.8:c.35G>T	ENSP00000308495.3:p.Gly12Val	protein_coding	12	TRUE	Hotspot	5	ACH-001576	MUTZ2	FALSE
SJAML096704	C1	C1_WGS	NRAS	NRAS	chr1.114716123.C.T	SNV	Missense	p.G13D	G/D	13	missense_variant	NM_002524.5	ENST00000369535	1	0.361702127659574	17	47	ENST00000369535.5:c.38G>A	ENSP00000358548.4:p.Gly13Asp	protein_coding	13	TRUE	Hotspot	5	ACH-002652	GFD8	FALSE
SJAML096745	C1	C1_WGS	FLT3	FLT3	chr13.28004143.T.C	SNV	Missense	p.E964G	E/G	964	missense_variant	NM_004119.3	ENST00000241453	1	0.314285714285714	11	35	ENST00000241453.12:c.2891A>G	ENSP00000241453.7:p.Glu964Gly	protein_coding	964	FALSE	Missense_Other	4	ACH-003597	TF1IDH2	FALSE
SJAML096745	C1	C1_WGS	NRAS	NRAS	chr1.114713908.T.G	SNV	Missense	p.Q61P	Q/P	61	missense_variant	NM_002524.5	ENST00000369535	1	0.4	12	30	ENST00000369535.5:c.182A>C	ENSP00000358548.4:p.Gln61Pro	protein_coding	61	TRUE	Hotspot	5	ACH-003597	TF1IDH2	FALSE
SJAMLM083676	C1	C1_WGS	MYC	MYC	chr8.127738395.C.A	SNV	Missense	p.P60T	P/T	60	missense_variant	NM_002467.6	ENST00000621592	1	0.632911392405063	50	79	ENST00000621592.8:c.178C>A	ENSP00000478887.2:p.Pro60Thr	protein_coding	60	FALSE	Missense_Other	4	ACH-002709	CMS	TRUE
SJAMLM7011231	C1	C1_WGS	NRAS	NRAS	chr1.114713909.G.T	SNV	Missense	p.Q61K	Q/K	61	missense_variant	NM_002524.5	ENST00000369535	1	0.3	6	20	ENST00000369535.5:c.181C>A	ENSP00000358548.4:p.Gln61Lys	protein_coding	61	TRUE	Hotspot	5	ACH-000602	M07E	TRUE
SJBALL011827	C10	C10_WGS	MTOR	MTOR	chr1.11124516.G.A	SNV	Missense	p.S2215F	S/F	2215	missense_variant	NM_004958.4	ENST00000361445	1	0.636363636363636	28	44	ENST00000361445.9:c.6644C>T	ENSP00000354558.4:p.Ser2215Phe	protein_coding	2215	FALSE	Missense_Other	4	ACH-003502	OP1	FALSE
SJBALL020016	C1	C1_WGS	MTOR	MTOR	chr1.11157255.A.T	SNV	Missense	p.W1456R	W/R	1456	missense_variant	NM_004958.4	ENST00000361445	1	0.418604651162791	18	43	ENST00000361445.9:c.4366T>A	ENSP00000354558.4:p.Trp1456Arg	protein_coding	1456	FALSE	Missense_Other	4	ACH-000938	NALM6	TRUE
SJBALL020016	C1	C1_WGS	NRAS	NRAS	chr1.114709583.C.T	SNV	Missense	p.A146T	A/T	146	missense_variant	NM_002524.5	ENST00000369535	1	0.5	20	40	ENST00000369535.5:c.436G>A	ENSP00000358548.4:p.Ala146Thr	protein_coding	146	TRUE	Hotspot	5	ACH-000938	NALM6	TRUE
SJBALL020016	C185	C185_WGS	ALK	ALK	chr2.29220829.G.T	SNV	Missense	p.F1174L	F/L	1174	missense_variant	NM_004304.5	ENST00000389048	1	0.375	36	96	ENST00000389048.8:c.3522C>A	ENSP00000373700.3:p.Phe1174Leu	protein_coding	1174	TRUE	Hotspot	5			FALSE
SJBALL060369	C1	C1_WGS	KRAS	KRAS	chr12.25245351.C.T	SNV	Missense	p.G12S	G/S	12	missense_variant	NM_004985.5	ENST00000311936	1	0.48780487804878	20	41	ENST00000311936.8:c.34G>A	ENSP00000308495.3:p.Gly12Ser	protein_coding	12	TRUE	Hotspot	5	ACH-003499	KOPN75	FALSE
SJBALL060370	C1	C1_WGS	KRAS	KRAS	chr12.25245347.C.T	SNV	Missense	p.G13D	G/D	13	missense_variant	NM_004985.5	ENST00000311936	1	1	23	23	ENST00000311936.8:c.38G>A	ENSP00000308495.3:p.Gly13Asp	protein_coding	13	TRUE	Hotspot	5	ACH-003498	KOPN49	FALSE
SJBALL062805	C11	C11_WGS	NRAS	NRAS	chr1.114713908.T.A	SNV	Missense	p.Q61L	Q/L	61	missense_variant	NM_002524.5	ENST00000369535	1	0.426470588235294	29	68	ENST00000369535.5:c.182A>T	ENSP00000358548.4:p.Gln61Leu	protein_coding	61	TRUE	Hotspot	5			FALSE
SJBALL068301	C1	C1_WGS	KRAS	KRAS	chr12.25225628.C.T	SNV	Missense	p.A146T	A/T	146	missense_variant	NM_004985.5	ENST00000311936	1	0.346153846153846	9	26	ENST00000311936.8:c.436G>A	ENSP00000308495.3:p.Ala146Thr	protein_coding	146	TRUE	Hotspot	5	ACH-003509	AT1	FALSE
SJBALL068301	C1	C1_WGS	NRAS	NRAS	chr1.114716127.C.A	SNV	Missense	p.G12C	G/C	12	missense_variant	NM_002524.5	ENST00000369535	1	0.233333333333333	7	30	ENST00000369535.5:c.34G>T	ENSP00000358548.4:p.Gly12Cys	protein_coding	12	TRUE	Hotspot	5	ACH-003509	AT1	FALSE
SJBALL069444	C10	C10_WGS	NRAS	NRAS	chr1.114716127.C.T	SNV	Missense	p.G12S	G/S	12	missense_variant	NM_002524.5	ENST00000369535	1	0.37037037037037	10	27	ENST00000369535.5:c.34G>A	ENSP00000358548.4:p.Gly12Ser	protein_coding	12	TRUE	Hotspot	5	ACH-002241	HAL01	FALSE
SJBALL069444	C10	C10_WGS	PTPN11	PTPN11	chr12.112489080.T.C	SNV	Missense	p.S502P	S/P	502	missense_variant	NM_002834.5	ENST00000351677	1	0.571428571428571	24	42	ENST00000351677.7:c.1504T>C	ENSP00000340944.3:p.Ser502Pro	protein_coding	502	FALSE	Missense_Other	4	ACH-002241	HAL01	FALSE
SJBALL077297	C1	C1_WGS	KRAS	KRAS	chr12.25245350.C.T	SNV	Missense	p.G12D	G/D	12	missense_variant	NM_004985.5	ENST00000311936	1	0.682926829268293	28	41	ENST00000311936.8:c.35G>A	ENSP00000308495.3:p.Gly12Asp	protein_coding	12	TRUE	Hotspot	5	ACH-003500	380	FALSE
SJBALL077298	C1	C1_WGS	NRAS	NRAS	chr1.114716127.C.T	SNV	Missense	p.G12S	G/S	12	missense_variant	NM_002524.5	ENST00000369535	1	0.377777777777778	34	90	ENST00000369535.5:c.34G>A	ENSP00000358548.4:p.Gly12Ser	protein_coding	12	TRUE	Hotspot	5	ACH-002241	HAL01	FALSE
SJBALL077298	C1	C1_WGS	PTPN11	PTPN11	chr12.112489080.T.C	SNV	Missense	p.S502P	S/P	502	missense_variant	NM_002834.5	ENST00000351677	1	0.508196721311475	62	122	ENST00000351677.7:c.1504T>C	ENSP00000340944.3:p.Ser502Pro	protein_coding	502	FALSE	Missense_Other	4	ACH-002241	HAL01	FALSE
SJBALL077299	C1	C1_WGS	NRAS	NRAS	chr1.114716123.C.T	SNV	Missense	p.G13D	G/D	13	missense_variant	NM_002524.5	ENST00000369535	1	0.6	45	75	ENST00000369535.5:c.38G>A	ENSP00000358548.4:p.Gly13Asp	protein_coding	13	TRUE	Hotspot	5	ACH-003520	PER278	FALSE
SJBALL077301	C1	C1_WGS	MYC	MYC	chr8.127738446.T.C	SNV	Missense	p.S77P	S/P	77	missense_variant	NM_002467.6	ENST00000621592	1	0.347826086956522	8	23	ENST00000621592.8:c.229T>C	ENSP00000478887.2:p.Ser77Pro	protein_coding	77	FALSE	Missense_Other	4	ACH-003518	PER145	FALSE
SJBALL077301	C1	C1_WGS	PDGFRA	PDGFRA	chr4.54285866.G.A	SNV	Missense	p.R822H	R/H	822	missense_variant	NM_006206.6	ENST00000257290	1	0.384615384615385	5	13	ENST00000257290.10:c.2465G>A	ENSP00000257290.5:p.Arg822His	protein_coding	822	FALSE	Missense_Other	4	ACH-003518	PER145	FALSE
SJBALL077302	C1	C1_WGS	HRAS	HRAS	chr11.534286.C.T	SNV	Missense	p.G13S	G/S	13	missense_variant	NM_005343.4	ENST00000311189	1	0.72972972972973	27	37	ENST00000311189.8:c.37G>A	ENSP00000309845.7:p.Gly13Ser	protein_coding	13	TRUE	Hotspot	5	ACH-000728	KASUMI2	FALSE
SJBALL077302	C1	C1_WGS	KRAS	KRAS	chr12.25245345.C.G	SNV	Missense	p.V14L	V/L	14	missense_variant	NM_004985.5	ENST00000311936	1	0.703703703703704	19	27	ENST00000311936.8:c.40G>C	ENSP00000308495.3:p.Val14Leu	protein_coding	14	FALSE	Missense_Other	4	ACH-000728	KASUMI2	FALSE
SJBALL080078	C1	C1_WGS	FLT3	FLT3	chr13.28018493.C.T	SNV	Missense	p.D839N	D/N	839	missense_variant	NM_004119.3	ENST00000241453	1	0.583333333333333	14	24	ENST00000241453.12:c.2515G>A	ENSP00000241453.7:p.Asp839Asn	protein_coding	839	FALSE	Missense_Other	4	ACH-003530	SD1	FALSE
SJBALL080707	C1	C1_WGS	KRAS	KRAS	chr12.25245351.C.G	SNV	Missense	p.G12R	G/R	12	missense_variant	NM_004985.5	ENST00000311936	1	0.48	12	25	ENST00000311936.8:c.34G>C	ENSP00000308495.3:p.Gly12Arg	protein_coding	12	TRUE	Hotspot	5			FALSE
SJBALL080710	C1	C1_WGS	H3F3A	H3F3A	chr1.226065733.A.G	SNV	Missense	p.Q69R	Q/R	69	missense_variant	NM_002107.7	ENST00000366815	1	0.416666666666667	10	24	ENST00000366815.10:c.206A>G	ENSP00000355780.3:p.Gln69Arg	protein_coding	69	FALSE	Missense_Other	4	ACH-001736	HB1119	TRUE
SJBALL080710	C2	C2_WGS	FLT3	FLT3	chr13.28018505.C.G	SNV	Missense	p.D835H	D/H	835	missense_variant	NM_004119.3	ENST00000241453	1	0.657894736842105	25	38	ENST00000241453.12:c.2503G>C	ENSP00000241453.7:p.Asp835His	protein_coding	835	TRUE	Hotspot	5	ACH-001736	HB1119	TRUE
SJBALL083049	C2	C2_WGS	MYC	MYC	chr8.127738291.G.C	SNV	Missense	p.R25T	R/T	25	missense_variant	NM_002467.6	ENST00000621592	1	0.730769230769231	38	52	ENST00000621592.8:c.74G>C	ENSP00000478887.2:p.Arg25Thr	protein_coding	25	FALSE	Missense_Other	4	ACH-001669	TANOUE	TRUE
SJBALL092592	C1	C1_WGS	KRAS	KRAS	chr12.25245350.C.T	SNV	Missense	p.G12D	G/D	12	missense_variant	NM_004985.5	ENST00000311936	1	0.631578947368421	36	57	ENST00000311936.8:c.35G>A	ENSP00000308495.3:p.Gly12Asp	protein_coding	12	TRUE	Hotspot	5	ACH-001106	KOPN8	FALSE
SJBALL092620	C1	C1_WGS	MYC	MYC	chr8.127738431.C.A	SNV	Missense	p.P72T	P/T	72	missense_variant	NM_002467.6	ENST00000621592	1	0.54	27	50	ENST00000621592.8:c.214C>A	ENSP00000478887.2:p.Pro72Thr	protein_coding	72	FALSE	Missense_Other	4	ACH-001680	U698M	FALSE
SJBALL096733	C1	C1_WGS	FLT3	FLT3	chr13.28049407.T.G	SNV	Missense	p.Q338P	Q/P	338	missense_variant	NM_004119.3	ENST00000241453	1	0.487179487179487	19	39	ENST00000241453.12:c.1013A>C	ENSP00000241453.7:p.Gln338Pro	protein_coding	338	FALSE	Missense_Other	4	ACH-003540	KASUMI10	FALSE
SJBALL096743	C1	C1_WGS	NRAS	NRAS	chr1.114713908.T.A	SNV	Missense	p.Q61L	Q/L	61	missense_variant	NM_002524.5	ENST00000369535	1	0.625	20	32	ENST00000369535.5:c.182A>T	ENSP00000358548.4:p.Gln61Leu	protein_coding	61	TRUE	Hotspot	5	ACH-003590	YCUB2	TRUE
SJBALL096744	C1	C1_WGS	KRAS	KRAS	chr12.25245350.C.T	SNV	Missense	p.G12D	G/D	12	missense_variant	NM_004985.5	ENST00000311936	1	0.540540540540541	20	37	ENST00000311936.8:c.35G>A	ENSP00000308495.3:p.Gly12Asp	protein_coding	12	TRUE	Hotspot	5	ACH-003591	YCUB5	FALSE
SJBALL097444	C1	C1_WGS	KRAS	KRAS	chr12.25245345.C.T	SNV	Missense	p.V14I	V/I	14	missense_variant	NM_004985.5	ENST00000311936	1	0.517241379310345	15	29	ENST00000311936.8:c.40G>A	ENSP00000308495.3:p.Val14Ile	protein_coding	14	FALSE	Missense_Other	4	ACH-000922	RCHACV	TRUE
SJBL073624	C1	C1_WGS	MYC	MYC	chr8.127738393.C.T	SNV	Missense	p.A59V	A/V	59	missense_variant	NM_002467.6	ENST00000621592	1	0.571428571428571	8	14	ENST00000621592.8:c.176C>T	ENSP00000478887.2:p.Ala59Val	protein_coding	59	FALSE	Missense_Other	4	ACH-000654	RAJI	TRUE
SJBL080478	C1	C1_WGS	PDGFRA	PDGFRA	chr4.54270659.G.A	SNV	Missense	p.R383H	R/H	383	missense_variant	NM_006206.6	ENST00000257290	1	0.142857142857143	8	56	ENST00000257290.10:c.1148G>A	ENSP00000257290.5:p.Arg383His	protein_coding	383	FALSE	Missense_Other	4	ACH-001447	BJAB	FALSE
SJBL085539	C2	C2_WGS	MYC	MYC	chr8.127738671.GGCTTC.GACTCC	MNV	Missense	p.GF152DS	GF/DS	152	missense_variant	NM_002467.6	ENST00000621592	1	0.491228070175439	28	57	ENST00000621592.8:c.455_458delinsACTC	ENSP00000478887.2:p.Gly152_Phe153delinsAspSer	protein_coding	152	FALSE	Missense_Other	4	ACH-002236	EB3	FALSE
SJBL085540	C1	C1_WGS	MYC	MYC	chr8.127736612.G.A	SNV	Missense	p.V7M	V/M	7	missense_variant	NM_002467.6	ENST00000621592	1	0.368421052631579	7	19	ENST00000621592.8:c.19G>A	ENSP00000478887.2:p.Val7Met	protein_coding	7	FALSE	Missense_Other	4	ACH-001064	EB2	FALSE
SJBL085543	C1	C1_WGS	MYC	MYC	chr8.127738297.A.C	SNV	Missense	p.Y27S	Y/S	27	missense_variant	NM_002467.6	ENST00000621592	1	0.481481481481481	13	27	ENST00000621592.8:c.80A>C	ENSP00000478887.2:p.Tyr27Ser	protein_coding	27	FALSE	Missense_Other	4	ACH-002252	JIYOYE	FALSE
SJBL085563	C2	C2_WGS	MYC	MYC	chr8.127738276.T.C	SNV	Missense	p.V20A	V/A	20	missense_variant	NM_002467.6	ENST00000621592	1	0.52	13	25	ENST00000621592.8:c.59T>C	ENSP00000478887.2:p.Val20Ala	protein_coding	20	FALSE	Missense_Other	4	ACH-000944	NAMALWA	TRUE
SJBL085567	C1	C1_WGS	MYC	MYC	chr8.127738707.C.G	SNV	Missense	p.L164V	L/V	164	missense_variant	NM_002467.6	ENST00000621592	1	0.75	12	16	ENST00000621592.8:c.490C>G	ENSP00000478887.2:p.Leu164Val	protein_coding	164	FALSE	Missense_Other	4	ACH-002232	DG75	FALSE
SJBL085585	C1	C1_WGS	MYC	MYC	chr8.127738434.A.G	SNV	Missense	p.T73A	T/A	73	missense_variant	NM_002467.6	ENST00000621592	1	0.5625	27	48	ENST00000621592.8:c.217A>G	ENSP00000478887.2:p.Thr73Ala	protein_coding	73	FALSE	Missense_Other	4	ACH-000877	EB1	FALSE
SJBL097086	C1	C1_WGS	MYC	MYC	chr8.127738431.C.T	SNV	Missense	p.P72S	P/S	72	missense_variant	NM_002467.6	ENST00000621592	1	0.363636363636364	4	11	ENST00000621592.8:c.214C>T	ENSP00000478887.2:p.Pro72Ser	protein_coding	72	FALSE	Missense_Other	4			FALSE
SJBL097318	C1	C1_WGS	MTOR	MTOR	chr1.11114338.A.C	SNV	Missense	p.L2427R	L/R	2427	missense_variant	NM_004958.4	ENST00000361445	1	0.4375	14	32	ENST00000361445.9:c.7280T>G	ENSP00000354558.4:p.Leu2427Arg	protein_coding	2427	FALSE	Missense_Other	4	ACH-000567	ST486	TRUE
SJBL097318	C1	C1_WGS	MYC	MYC	chr8.127738369.A.T	SNV	Missense	p.Q51L	Q/L	51	missense_variant	NM_002467.6	ENST00000621592	1	0.771929824561403	44	57	ENST00000621592.8:c.152A>T	ENSP00000478887.2:p.Gln51Leu	protein_coding	51	FALSE	Missense_Other	4	ACH-000567	ST486	TRUE
SJBLCA063783	C2	C2_WGS	KRAS	KRAS	chr12.25245351.C.A	SNV	Missense	p.G12C	G/C	12	missense_variant	NM_004985.5	ENST00000311936	1	1	78	78	ENST00000311936.8:c.34G>T	ENSP00000308495.3:p.Gly12Cys	protein_coding	12	TRUE	Hotspot	5	ACH-000522	UMUC3	TRUE
SJBLCA077104	C3	C3_WGS	MYC	MYC	chr8.127738506.C.T	SNV	Missense	p.L97F	L/F	97	missense_variant	NM_002467.6	ENST00000621592	1	0.35	7	20	ENST00000621592.8:c.289C>T	ENSP00000478887.2:p.Leu97Phe	protein_coding	97	FALSE	Missense_Other	4	ACH-000473	RT112	TRUE
SJBLCA093001	C1	C1_WGS	AKT1	AKT1	chr14.104780118.C.T	SNV	Missense	p.E49K	E/K	49	missense_variant	NM_001382430.1	ENST00000649815	1	0.836363636363636	46	55	ENST00000649815.2:c.145G>A	ENSP00000497822.1:p.Glu49Lys	protein_coding	49	FALSE	Missense_Other	4	ACH-000486	KU1919	TRUE
SJBLCA093001	C1	C1_WGS	NRAS	NRAS	chr1.114713908.T.C	SNV	Missense	p.Q61R	Q/R	61	missense_variant	NM_002524.5	ENST00000369535	1	0.427272727272727	47	110	ENST00000369535.5:c.182A>G	ENSP00000358548.4:p.Gln61Arg	protein_coding	61	TRUE	Hotspot	5	ACH-000486	KU1919	TRUE
SJBLCA093047	C1	C1_WGS	MYC	MYC	chr8.127738506.C.T	SNV	Missense	p.L97F	L/F	97	missense_variant	NM_002467.6	ENST00000621592	1	0.380952380952381	24	63	ENST00000621592.8:c.289C>T	ENSP00000478887.2:p.Leu97Phe	protein_coding	97	FALSE	Missense_Other	4	ACH-001183	RT11284	TRUE
SJBLCA093149	C1	C1_WGS	PIK3CA	PIK3CA	chr3.179218303.G.A	SNV	Missense	p.E545K	E/K	545	missense_variant	NM_006218.4	ENST00000263967	1	0.580645161290323	18	31	ENST00000263967.4:c.1633G>A	ENSP00000263967.3:p.Glu545Lys	protein_coding	545	TRUE	Hotspot	5	ACH-000720	TCCSUP	TRUE
SJBLCA093201	C1	C1_WGS	PIK3CA	PIK3CA	chr3.179218294.G.A	SNV	Missense	p.E542K	E/K	542	missense_variant	NM_006218.4	ENST00000263967	1	0.566666666666667	17	30	ENST00000263967.4:c.1624G>A	ENSP00000263967.3:p.Glu542Lys	protein_coding	542	TRUE	Hotspot	5	ACH-000545	VMCUB1	TRUE
SJBLCA093235	C1	C1_WGS	HRAS	HRAS	chr11.534288.C.A	SNV	Missense	p.G12V	G/V	12	missense_variant	NM_005343.4	ENST00000311189	1	1	55	55	ENST00000311189.8:c.35G>T	ENSP00000309845.7:p.Gly12Val	protein_coding	12	TRUE	Hotspot	5	ACH-000018	T24	TRUE
SJBLCA093274	C1	C1_WGS	HRAS	HRAS	chr11.534288.C.A	SNV	Missense	p.G12V	G/V	12	missense_variant	NM_005343.4	ENST00000311189	1	1	32	32	ENST00000311189.8:c.35G>T	ENSP00000309845.7:p.Gly12Val	protein_coding	12	TRUE	Hotspot	5	ACH-000127	SLR20	TRUE
SJBLCA093279	C1	C1_WGS	PIK3CA	PIK3CA	chr3.179234297.A.G	SNV	Missense	p.H1047R	H/R	1047	missense_variant	NM_006218.4	ENST00000263967	1	0.673913043478261	31	46	ENST00000263967.4:c.3140A>G	ENSP00000263967.3:p.His1047Arg	protein_coding	1047	TRUE	Hotspot	5	ACH-000142	CAL29	TRUE
SJBRCA010843	C1	C1_WGS	PIK3CA	PIK3CA	chr3.179199158.G.C	SNV	Missense	p.K111N	K/N	111	missense_variant	NM_006218.4	ENST00000263967	1	0.229166666666667	11	48	ENST00000263967.4:c.333G>C	ENSP00000263967.3:p.Lys111Asn	protein_coding	111	FALSE	Missense_Other	4	ACH-000927	BT474	FALSE
SJBRCA080476	C2	C2_WGS	PIK3CA	PIK3CA	chr3.179210192.T.C	SNV	Missense	p.C420R	C/R	420	missense_variant	NM_006218.4	ENST00000263967	1	0.589041095890411	43	73	ENST00000263967.4:c.1258T>C	ENSP00000263967.3:p.Cys420Arg	protein_coding	420	TRUE	Hotspot	5	ACH-000711	JIMT1	TRUE
SJBRCA092642	C1	C1_WGS	PIK3CA	PIK3CA	chr3.179234297.A.G	SNV	Missense	p.H1047R	H/R	1047	missense_variant	NM_006218.4	ENST00000263967	1	0.266666666666667	8	30	ENST00000263967.4:c.3140A>G	ENSP00000263967.3:p.His1047Arg	protein_coding	1047	TRUE	Hotspot	5	ACH-000536	BT20	FALSE
SJBRCA092648	C1	C1_WGS	PIK3CA	PIK3CA	chr3.179218294.G.A	SNV	Missense	p.E542K	E/K	542	missense_variant	NM_006218.4	ENST00000263967	1	0.45945945945946	17	37	ENST00000263967.4:c.1624G>A	ENSP00000263967.3:p.Glu542Lys	protein_coding	542	TRUE	Hotspot	5	ACH-000818	BT483	FALSE
SJBRCA092658	C1	C1_WGS	PIK3CA	PIK3CA	chr3.179218294.G.A	SNV	Missense	p.E542K	E/K	542	missense_variant	NM_006218.4	ENST00000263967	1	0.552631578947368	21	38	ENST00000263967.4:c.1624G>A	ENSP00000263967.3:p.Glu542Lys	protein_coding	542	TRUE	Hotspot	5	ACH-000856	CAL51	TRUE
SJBRCA092725	C1	C1_WGS	PIK3CA	PIK3CA	chr3.179234297.A.G	SNV	Missense	p.H1047R	H/R	1047	missense_variant	NM_006218.4	ENST00000263967	1	0.85	34	40	ENST00000263967.4:c.3140A>G	ENSP00000263967.3:p.His1047Arg	protein_coding	1047	TRUE	Hotspot	5	ACH-000859	HCC1954	TRUE
SJBRCA092726	C1	C1_WGS	PIK3CA	PIK3CA	chr3.179218303.G.A	SNV	Missense	p.E545K	E/K	545	missense_variant	NM_006218.4	ENST00000263967	1	0.465116279069767	20	43	ENST00000263967.4:c.1633G>A	ENSP00000263967.3:p.Glu545Lys	protein_coding	545	TRUE	Hotspot	5	ACH-000725	HCC202	TRUE
SJBRCA092754	C1	C1_WGS	KRAS	KRAS	chr12.25245350.C.A	SNV	Missense	p.G12V	G/V	12	missense_variant	NM_004985.5	ENST00000311936	1	0.753623188405797	52	69	ENST00000311936.8:c.35G>T	ENSP00000308495.3:p.Gly12Val	protein_coding	12	TRUE	Hotspot	5	ACH-000721	HMC18	TRUE
SJBRCA092832	C1	C1_WGS	PIK3CA	PIK3CA	chr3.179234297.A.T	SNV	Missense	p.H1047L	H/L	1047	missense_variant	NM_006218.4	ENST00000263967	1	1	47	47	ENST00000263967.4:c.3140A>T	ENSP00000263967.3:p.His1047Leu	protein_coding	1047	TRUE	Hotspot	5	ACH-000330	EFM19	TRUE
SJBRCA092832	C1	C1_WGS	PTPN11	PTPN11	chr12.112489111.G.C	SNV	Missense	p.R512P	R/P	512	missense_variant	NM_002834.5	ENST00000351677	1	0.25	9	36	ENST00000351677.7:c.1535G>C	ENSP00000340944.3:p.Arg512Pro	protein_coding	512	FALSE	Missense_Other	4	ACH-000330	EFM19	TRUE
SJBRCA092876	C1	C1_WGS	BRAF	BRAF	chr7.140781617.C.A	SNV	Missense	p.G464V	G/V	464	missense_variant	NM_004333.6	ENST00000646891	1	0.530612244897959	26	49	ENST00000646891.2:c.1391G>T	ENSP00000493543.1:p.Gly464Val	protein_coding	464	FALSE	Missense_Other	4	ACH-000768	MDAMB231	TRUE
SJBRCA092876	C1	C1_WGS	KRAS	KRAS	chr12.25245347.C.T	SNV	Missense	p.G13D	G/D	13	missense_variant	NM_004985.5	ENST00000311936	1	0.692307692307692	18	26	ENST00000311936.8:c.38G>A	ENSP00000308495.3:p.Gly13Asp	protein_coding	13	TRUE	Hotspot	5	ACH-000768	MDAMB231	TRUE
SJBRCA092877	C1	C1_WGS	BRAF	BRAF	chr7.140753316.A.T	SNV	Missense	p.S607T	S/T	607	missense_variant	NM_004333.6	ENST00000646891	1	0.0588235294117647	2	34	ENST00000646891.2:c.1819T>A	ENSP00000493543.1:p.Ser607Thr	protein_coding	607	FALSE	Missense_Other	4	ACH-000934	MDAMB361	TRUE
SJBRCA092877	C1	C1_WGS	PIK3CA	PIK3CA	chr3.179218303.G.A	SNV	Missense	p.E545K	E/K	545	missense_variant	NM_006218.4	ENST00000263967	1	0.148148148148148	4	27	ENST00000263967.4:c.1633G>A	ENSP00000263967.3:p.Glu545Lys	protein_coding	545	TRUE	Hotspot	5	ACH-000934	MDAMB361	TRUE
SJBRCA092879	C1	C1_WGS	PIK3CA	PIK3CA	chr3.179234297.A.G	SNV	Missense	p.H1047R	H/R	1047	missense_variant	NM_006218.4	ENST00000263967	1	0.648648648648649	24	37	ENST00000263967.4:c.3140A>G	ENSP00000263967.3:p.His1047Arg	protein_coding	1047	TRUE	Hotspot	5	ACH-000910	MDAMB453	TRUE
SJBRCA093127	C1	C1_WGS	PIK3CA	PIK3CA	chr3.179234297.A.G	SNV	Missense	p.H1047R	H/R	1047	missense_variant	NM_006218.4	ENST00000263967	1	0.581818181818182	32	55	ENST00000263967.4:c.3140A>G	ENSP00000263967.3:p.His1047Arg	protein_coding	1047	TRUE	Hotspot	5	ACH-001393	SUM190PT	TRUE
SJBRCA093164	C1	C1_WGS	PIK3CA	PIK3CA	chr3.179234297.A.G	SNV	Missense	p.H1047R	H/R	1047	missense_variant	NM_006218.4	ENST00000263967	1	0.310344827586207	9	29	ENST00000263967.4:c.3140A>G	ENSP00000263967.3:p.His1047Arg	protein_coding	1047	TRUE	Hotspot	5	ACH-000554	UACC893	TRUE
SJBRCA093236	C1	C1_WGS	PIK3CA	PIK3CA	chr3.179218303.G.A	SNV	Missense	p.E545K	E/K	545	missense_variant	NM_006218.4	ENST00000263967	1	0.565217391304348	13	23	ENST00000263967.4:c.1633G>A	ENSP00000263967.3:p.Glu545Lys	protein_coding	545	TRUE	Hotspot	5	ACH-000019	MCF7	TRUE
SJBRCA093271	C1	C1_WGS	PIK3CA	PIK3CA	chr3.179210192.T.C	SNV	Missense	p.C420R	C/R	420	missense_variant	NM_006218.4	ENST00000263967	1	0.714285714285714	15	21	ENST00000263967.4:c.1258T>C	ENSP00000263967.3:p.Cys420Arg	protein_coding	420	TRUE	Hotspot	5	ACH-000117	EFM192A	FALSE
SJBRCA093282	C1	C1_WGS	PIK3CA	PIK3CA	chr3.179234297.A.G	SNV	Missense	p.H1047R	H/R	1047	missense_variant	NM_006218.4	ENST00000263967	1	0.816666666666667	49	60	ENST00000263967.4:c.3140A>G	ENSP00000263967.3:p.His1047Arg	protein_coding	1047	TRUE	Hotspot	5	ACH-000147	T47D	TRUE
SJBRCA093283	C1	C1_WGS	HRAS	HRAS	chr11.534288.C.T	SNV	Missense	p.G12D	G/D	12	missense_variant	NM_005343.4	ENST00000311189	1	0.380952380952381	16	42	ENST00000311189.8:c.35G>A	ENSP00000309845.7:p.Gly12Asp	protein_coding	12	TRUE	Hotspot	5	ACH-000148	HS578T	TRUE
SJBRCA093323	C1	C1_WGS	BRAF	BRAF	chr7.140753336.A.T	SNV	Missense	p.V600E	V/E	600	missense_variant	NM_004333.6	ENST00000646891	1	0.585365853658537	24	41	ENST00000646891.2:c.1799T>A	ENSP00000493543.1:p.Val600Glu	protein_coding	600	TRUE	Hotspot	5	ACH-000258	DU4475	TRUE
SJBT085595	C1	C1_WGS	BRAF	BRAF	chr7.140753336.A.T	SNV	Missense	p.V600E	V/E	600	missense_variant	NM_004333.6	ENST00000646891	1	0.507042253521127	36	71	ENST00000646891.2:c.1799T>A	ENSP00000493543.1:p.Val600Glu	protein_coding	600	TRUE	Hotspot	5	ACH-002480	CHLA03AA	FALSE
SJBT092582	C1	C1_WGS	BRAF	BRAF	chr7.140753336.A.T	SNV	Missense	p.V600E	V/E	600	missense_variant	NM_004333.6	ENST00000646891	1	0.62	31	50	ENST00000646891.2:c.1799T>A	ENSP00000493543.1:p.Val600Glu	protein_coding	600	TRUE	Hotspot	5	ACH-000126	KG1C	FALSE
SJBT093058	C1	C1_WGS	EGFR	EGFR	chr7.55154129.C.T	SNV	Missense	p.A289V	A/V	289	missense_variant	NM_005228.5	ENST00000275493	1	0.354838709677419	22	62	ENST00000275493.7:c.866C>T	ENSP00000275493.2:p.Ala289Val	protein_coding	289	FALSE	Missense_Other	4	ACH-000655	SF268	TRUE
SJBT093241	C1	C1_WGS	NRAS	NRAS	chr1.114713909.G.T	SNV	Missense	p.Q61K	Q/K	61	missense_variant	NM_002524.5	ENST00000369535	1	0.5	18	36	ENST00000369535.5:c.181C>A	ENSP00000358548.4:p.Gln61Lys	protein_coding	61	TRUE	Hotspot	5	ACH-000025	CH157MN	TRUE
SJCML085565	C1	C1_WGS	H3F3A	H3F3A	chr1.226065675.C.T	SNV	Missense	p.R50C	R/C	50	missense_variant	NM_002107.7	ENST00000366815	1	0.305555555555556	11	36	ENST00000366815.10:c.148C>T	ENSP00000355780.3:p.Arg50Cys	protein_coding	50	FALSE	Missense_Other	4	ACH-000462	NALM1	FALSE
SJCML096691	C1	C1_WGS	PTPN11	PTPN11	chr12.112488466.C.T	SNV	Missense	p.T468M	T/M	468	missense_variant	NM_002834.5	ENST00000351677	1	0.435897435897436	17	39	ENST00000351677.7:c.1403C>T	ENSP00000340944.3:p.Thr468Met	protein_coding	468	FALSE	Missense_Other	4	ACH-001553	MEGA2	FALSE
SJCML097213	C2	C2_WGS	ACVR1	ACVR1	chr2.157770368.C.T	SNV	Missense	p.G264S	G/S	264	missense_variant,splice_region_variant	NM_001111067.4	ENST00000434821	1	0.622950819672131	38	61	ENST00000434821.7:c.790G>A	ENSP00000405004.1:p.Gly264Ser	protein_coding	264	FALSE	Missense_Other	4			FALSE
SJCOAD080454	C1	C1_WGS	BRAF	BRAF	chr7.140783133.GT.GGT	Indel	Frameshift	p.T401TX	T/TX	401	frameshift_variant	NM_004333.6	ENST00000646891	1	0.518518518518518	14	27	ENST00000646891.2:c.1208dup	ENSP00000493543.1:p.Ala404CysfsTer9	protein_coding	401	FALSE	Truncating	2	ACH-000969	KM12	TRUE
SJCOAD092671	C1	C1_WGS	CTNNB1	CTNNB1	chr3.41224633.A.G	SNV	Missense	p.T41A	T/A	41	missense_variant	NM_001904.4	ENST00000349496	1	0.972222222222222	35	36	ENST00000349496.11:c.121A>G	ENSP00000344456.5:p.Thr41Ala	protein_coding	41	TRUE	Hotspot	5	ACH-000963	CCK81	TRUE
SJCOAD092671	C1	C1_WGS	PIK3CA	PIK3CA	chr3.179210192.T.C	SNV	Missense	p.C420R	C/R	420	missense_variant	NM_006218.4	ENST00000263967	1	0.5	9	18	ENST00000263967.4:c.1258T>C	ENSP00000263967.3:p.Cys420Arg	protein_coding	420	TRUE	Hotspot	5	ACH-000963	CCK81	TRUE
SJCOAD092671	C1	C1_WGS	SMO	SMO	chr7.129212167.CCT.CT	Indel	Frameshift	p.P694X	P/X	694	frameshift_variant	NM_005631.5	ENST00000249373	1	0.368421052631579	14	38	ENST00000249373.8:c.2081del	ENSP00000249373.3:p.Pro694LeufsTer82	protein_coding	694	FALSE	Truncating	2	ACH-000963	CCK81	TRUE
SJCOAD092746	C1	C1_WGS	CTNNB1	CTNNB1	chr3.41224644.TTCTC.TC	Indel	InframeDel	p.S45-	S/-	45	inframe_deletion	NM_001904.4	ENST00000349496	1	0.5	12	24	ENST00000349496.11:c.133_135del	ENSP00000344456.5:p.Ser45del	protein_coding	45	TRUE	InframeIndel	3	ACH-000971	HCT116	TRUE
SJCOAD092746	C1	C1_WGS	KRAS	KRAS	chr12.25245347.C.T	SNV	Missense	p.G13D	G/D	13	missense_variant	NM_004985.5	ENST00000311936	1	0.564102564102564	22	39	ENST00000311936.8:c.38G>A	ENSP00000308495.3:p.Gly13Asp	protein_coding	13	TRUE	Hotspot	5	ACH-000971	HCT116	TRUE
SJCOAD092746	C1	C1_WGS	PIK3CA	PIK3CA	chr3.179234297.A.G	SNV	Missense	p.H1047R	H/R	1047	missense_variant	NM_006218.4	ENST00000263967	1	0.387096774193548	12	31	ENST00000263967.4:c.3140A>G	ENSP00000263967.3:p.His1047Arg	protein_coding	1047	TRUE	Hotspot	5	ACH-000971	HCT116	TRUE
SJCOAD092747	C1	C1_WGS	KRAS	KRAS	chr12.25245347.C.T	SNV	Missense	p.G13D	G/D	13	missense_variant	NM_004985.5	ENST00000311936	1	0.371428571428571	13	35	ENST00000311936.8:c.38G>A	ENSP00000308495.3:p.Gly13Asp	protein_coding	13	TRUE	Hotspot	5	ACH-000997	HCT15	TRUE
SJCOAD092747	C1	C1_WGS	PIK3CA	PIK3CA	chr3.179218303.G.A	SNV	Missense	p.E545K	E/K	545	missense_variant	NM_006218.4	ENST00000263967	1	0.608695652173913	14	23	ENST00000263967.4:c.1633G>A	ENSP00000263967.3:p.Glu545Lys	protein_coding	545	TRUE	Hotspot	5	ACH-000997	HCT15	TRUE
SJCOAD092747	C1	C1_WGS	SMO	SMO	chr7.129211752.A.G	SNV	Missense	p.T640A	T/A	640	missense_variant	NM_005631.5	ENST00000249373	1	0.485714285714286	17	35	ENST00000249373.8:c.1918A>G	ENSP00000249373.3:p.Thr640Ala	protein_coding	640	FALSE	Missense_Other	4	ACH-000997	HCT15	TRUE
SJCOAD092773	C1	C1_WGS	BRAF	BRAF	chr7.140794387.C.T	SNV	Missense	p.R354Q	R/Q	354	missense_variant	NM_004333.6	ENST00000646891	1	0.407407407407407	11	27	ENST00000646891.2:c.1061G>A	ENSP00000493543.1:p.Arg354Gln	protein_coding	354	FALSE	Missense_Other	4	ACH-000986	HT115	TRUE
SJCOAD092773	C1	C1_WGS	NRAS	NRAS	chr1.114713818.G.A	SNV	Missense	p.A91V	A/V	91	missense_variant	NM_002524.5	ENST00000369535	1	0.631578947368421	12	19	ENST00000369535.5:c.272C>T	ENSP00000358548.4:p.Ala91Val	protein_coding	91	FALSE	Missense_Other	4	ACH-000986	HT115	TRUE
SJCOAD092773	C1	C1_WGS	PDGFRA	PDGFRA	chr4.54285866.G.A	SNV	Missense	p.R822H	R/H	822	missense_variant	NM_006206.6	ENST00000257290	1	0.714285714285714	5	7	ENST00000257290.10:c.2465G>A	ENSP00000257290.5:p.Arg822His	protein_coding	822	FALSE	Missense_Other	4	ACH-000986	HT115	TRUE
SJCOAD092773	C1	C1_WGS	PIK3CA	PIK3CA	chr3.179199088.G.A	SNV	Missense	p.R88Q	R/Q	88	missense_variant	NM_006218.4	ENST00000263967	1	0.590909090909091	13	22	ENST00000263967.4:c.263G>A	ENSP00000263967.3:p.Arg88Gln	protein_coding	88	TRUE	Hotspot	5	ACH-000986	HT115	TRUE
SJCOAD092773	C1	C1_WGS	PTPN11	PTPN11	chr12.112489106.G.T	SNV	Missense	p.Q510H	Q/H	510	missense_variant	NM_002834.5	ENST00000351677	1	0.354838709677419	11	31	ENST00000351677.7:c.1530G>T	ENSP00000340944.3:p.Gln510His	protein_coding	510	FALSE	Missense_Other	4	ACH-000986	HT115	TRUE
SJCOAD092776	C1	C1_WGS	BRAF	BRAF	chr7.140753336.A.T	SNV	Missense	p.V600E	V/E	600	missense_variant	NM_004333.6	ENST00000646891	1	0.210526315789474	4	19	ENST00000646891.2:c.1799T>A	ENSP00000493543.1:p.Val600Glu	protein_coding	600	TRUE	Hotspot	5	ACH-000552	HT29	TRUE
SJCOAD092776	C1	C1_WGS	PIK3CA	PIK3CA	chr3.179210279.C.A	SNV	Missense	p.P449T	P/T	449	missense_variant	NM_006218.4	ENST00000263967	1	0.730769230769231	19	26	ENST00000263967.4:c.1345C>A	ENSP00000263967.3:p.Pro449Thr	protein_coding	449	FALSE	Missense_Other	4	ACH-000552	HT29	TRUE
SJCOAD092849	C1	C1_WGS	KRAS	KRAS	chr12.25245350.C.T	SNV	Missense	p.G12D	G/D	12	missense_variant	NM_004985.5	ENST00000311936	1	0.391304347826087	9	23	ENST00000311936.8:c.35G>A	ENSP00000308495.3:p.Gly12Asp	protein_coding	12	TRUE	Hotspot	5	ACH-000982	GP2D	FALSE
SJCOAD092849	C1	C1_WGS	MTOR	MTOR	chr1.11128521.G.A	SNV	Missense	p.T1948M	T/M	1948	missense_variant	NM_004958.4	ENST00000361445	1	0.5	17	34	ENST00000361445.9:c.5843C>T	ENSP00000354558.4:p.Thr1948Met	protein_coding	1948	FALSE	Missense_Other	4	ACH-000982	GP2D	FALSE
SJCOAD092849	C1	C1_WGS	MYC	MYC	chr8.127738647.A.G	SNV	Missense	p.I144V	I/V	144	missense_variant	NM_002467.6	ENST00000621592	1	0.4	10	25	ENST00000621592.8:c.430A>G	ENSP00000478887.2:p.Ile144Val	protein_coding	144	FALSE	Missense_Other	4	ACH-000982	GP2D	FALSE
SJCOAD092849	C1	C1_WGS	PIK3CA	PIK3CA	chr3.179234297.A.T	SNV	Missense	p.H1047L	H/L	1047	missense_variant	NM_006218.4	ENST00000263967	1	0.625	20	32	ENST00000263967.4:c.3140A>T	ENSP00000263967.3:p.His1047Leu	protein_coding	1047	TRUE	Hotspot	5	ACH-000982	GP2D	FALSE
SJCOAD092851	C1	C1_WGS	KRAS	KRAS	chr12.25245347.C.T	SNV	Missense	p.G13D	G/D	13	missense_variant	NM_004985.5	ENST00000311936	1	0.73469387755102	36	49	ENST00000311936.8:c.38G>A	ENSP00000308495.3:p.Gly13Asp	protein_coding	13	TRUE	Hotspot	5	ACH-000950	LOVO	TRUE
SJCOAD092865	C1	C1_WGS	CTNNB1	CTNNB1	chr3.41224646.C.T	SNV	Missense	p.S45F	S/F	45	missense_variant	NM_001904.4	ENST00000349496	1	1	29	29	ENST00000349496.11:c.134C>T	ENSP00000344456.5:p.Ser45Phe	protein_coding	45	TRUE	Hotspot	5	ACH-000957	LS180	TRUE
SJCOAD092865	C1	C1_WGS	KRAS	KRAS	chr12.25245350.C.T	SNV	Missense	p.G12D	G/D	12	missense_variant	NM_004985.5	ENST00000311936	1	0.633333333333333	19	30	ENST00000311936.8:c.35G>A	ENSP00000308495.3:p.Gly12Asp	protein_coding	12	TRUE	Hotspot	5	ACH-000957	LS180	TRUE
SJCOAD092865	C1	C1_WGS	PIK3CA	PIK3CA	chr3.179234297.A.G	SNV	Missense	p.H1047R	H/R	1047	missense_variant	NM_006218.4	ENST00000263967	1	0.333333333333333	8	24	ENST00000263967.4:c.3140A>G	ENSP00000263967.3:p.His1047Arg	protein_coding	1047	TRUE	Hotspot	5	ACH-000957	LS180	TRUE
SJCOAD092866	C1	C1_WGS	BRAF	BRAF	chr7.140753336.A.T	SNV	Missense	p.V600E	V/E	600	missense_variant	NM_004333.6	ENST00000646891	1	0.772727272727273	17	22	ENST00000646891.2:c.1799T>A	ENSP00000493543.1:p.Val600Glu	protein_coding	600	TRUE	Hotspot	5	ACH-000985	LS411N	TRUE
SJCOAD092967	C1	C1_WGS	BRAF	BRAF	chr7.140753349.C.G	SNV	Missense	p.G596R	G/R	596	missense_variant	NM_004333.6	ENST00000646891	1	0.274509803921569	14	51	ENST00000646891.2:c.1786G>C	ENSP00000493543.1:p.Gly596Arg	protein_coding	596	TRUE	Hotspot	5	ACH-000360	NCIH508	FALSE
SJCOAD092967	C1	C1_WGS	PIK3CA	PIK3CA	chr3.179218303.G.A	SNV	Missense	p.E545K	E/K	545	missense_variant	NM_006218.4	ENST00000263967	1	0.444444444444444	40	90	ENST00000263967.4:c.1633G>A	ENSP00000263967.3:p.Glu545Lys	protein_coding	545	TRUE	Hotspot	5	ACH-000360	NCIH508	FALSE
SJCOAD092978	C1	C1_WGS	KRAS	KRAS	chr12.25245347.C.T	SNV	Missense	p.G13D	G/D	13	missense_variant	NM_004985.5	ENST00000311936	1	0.678571428571429	19	28	ENST00000311936.8:c.38G>A	ENSP00000308495.3:p.Gly13Asp	protein_coding	13	TRUE	Hotspot	5	ACH-000403	NCIH747	TRUE
SJCOAD093000	C1	C1_WGS	BRAF	BRAF	chr7.140753336.A.T	SNV	Missense	p.V600E	V/E	600	missense_variant	NM_004333.6	ENST00000646891	1	0.575	23	40	ENST00000646891.2:c.1799T>A	ENSP00000493543.1:p.Val600Glu	protein_coding	600	TRUE	Hotspot	5	ACH-002669	KP363T	TRUE
SJCOAD093000	C1	C1_WGS	PIK3CA	PIK3CA	chr3.179218303.G.A	SNV	Missense	p.E545K	E/K	545	missense_variant	NM_006218.4	ENST00000263967	1	0.546875	35	64	ENST00000263967.4:c.1633G>A	ENSP00000263967.3:p.Glu545Lys	protein_coding	545	TRUE	Hotspot	5	ACH-002669	KP363T	TRUE
SJCOAD093037	C1	C1_WGS	BRAF	BRAF	chr7.140753336.A.T	SNV	Missense	p.V600E	V/E	600	missense_variant	NM_004333.6	ENST00000646891	1	0.714285714285714	15	21	ENST00000646891.2:c.1799T>A	ENSP00000493543.1:p.Val600Glu	protein_coding	600	TRUE	Hotspot	5	ACH-000943	RKO	TRUE
SJCOAD093037	C1	C1_WGS	PIK3CA	PIK3CA	chr3.179234297.A.G	SNV	Missense	p.H1047R	H/R	1047	missense_variant	NM_006218.4	ENST00000263967	1	0.3	9	30	ENST00000263967.4:c.3140A>G	ENSP00000263967.3:p.His1047Arg	protein_coding	1047	TRUE	Hotspot	5	ACH-000943	RKO	TRUE
SJCOAD093071	C1	C1_WGS	KRAS	KRAS	chr12.25245350.C.A	SNV	Missense	p.G12V	G/V	12	missense_variant	NM_004985.5	ENST00000311936	1	0.807228915662651	67	83	ENST00000311936.8:c.35G>T	ENSP00000308495.3:p.Gly12Val	protein_coding	12	TRUE	Hotspot	5	ACH-000400	SKCO1	FALSE
SJCOAD093104	C1	C1_WGS	CTNNB1	CTNNB1	chr3.41224633.A.G	SNV	Missense	p.T41A	T/A	41	missense_variant	NM_001904.4	ENST00000349496	1	1	20	20	ENST00000349496.11:c.121A>G	ENSP00000344456.5:p.Thr41Ala	protein_coding	41	TRUE	Hotspot	5	ACH-000955	SNU407	FALSE
SJCOAD093104	C1	C1_WGS	KRAS	KRAS	chr12.25245350.C.T	SNV	Missense	p.G12D	G/D	12	missense_variant	NM_004985.5	ENST00000311936	1	0.485714285714286	17	35	ENST00000311936.8:c.35G>A	ENSP00000308495.3:p.Gly12Asp	protein_coding	12	TRUE	Hotspot	5	ACH-000955	SNU407	FALSE
SJCOAD093104	C1	C1_WGS	PIK3CA	PIK3CA	chr3.179234297.A.G	SNV	Missense	p.H1047R	H/R	1047	missense_variant	NM_006218.4	ENST00000263967	1	0.416666666666667	5	12	ENST00000263967.4:c.3140A>G	ENSP00000263967.3:p.His1047Arg	protein_coding	1047	TRUE	Hotspot	5	ACH-000955	SNU407	FALSE
SJCOAD093117	C1	C1_WGS	KRAS	KRAS	chr12.25245350.C.T	SNV	Missense	p.G12D	G/D	12	missense_variant	NM_004985.5	ENST00000311936	1	0.258064516129032	8	31	ENST00000311936.8:c.35G>A	ENSP00000308495.3:p.Gly12Asp	protein_coding	12	TRUE	Hotspot	5	ACH-000967	SNUC2A	FALSE
SJCOAD093117	C1	C1_WGS	PIK3CA	PIK3CA	chr3.179221144.A.G	SNV	Missense	p.D725G	D/G	725	missense_variant	NM_006218.4	ENST00000263967	1	0.454545454545455	15	33	ENST00000263967.4:c.2174A>G	ENSP00000263967.3:p.Asp725Gly	protein_coding	725	FALSE	Missense_Other	4	ACH-000967	SNUC2A	FALSE
SJCOAD093136	C1	C1_WGS	CTNNB1	CTNNB1	chr3.41224610.C.A	SNV	Missense	p.S33Y	S/Y	33	missense_variant	NM_001904.4	ENST00000349496	1	0.46875	15	32	ENST00000349496.11:c.98C>A	ENSP00000344456.5:p.Ser33Tyr	protein_coding	33	TRUE	Hotspot	5	ACH-000958	SW48	TRUE
SJCOAD093136	C1	C1_WGS	EGFR	EGFR	chr7.55174014.G.A	SNV	Missense	p.G719S	G/S	719	missense_variant	NM_005228.5	ENST00000275493	1	0.4	18	45	ENST00000275493.7:c.2155G>A	ENSP00000275493.2:p.Gly719Ser	protein_coding	719	TRUE	Hotspot	5	ACH-000958	SW48	TRUE
SJCOAD093136	C1	C1_WGS	PIK3CA	PIK3CA	chr3.179230077.G.A	SNV	Missense	p.G914R	G/R	914	missense_variant	NM_006218.4	ENST00000263967	1	0.478260869565217	11	23	ENST00000263967.4:c.2740G>A	ENSP00000263967.3:p.Gly914Arg	protein_coding	914	FALSE	Missense_Other	4	ACH-000958	SW48	TRUE
SJCOAD093136	C1	C1_WGS	SMO	SMO	chr7.129212167.CCT.CT	Indel	Frameshift	p.P694X	P/X	694	frameshift_variant	NM_005631.5	ENST00000249373	1	0.555555555555556	15	27	ENST00000249373.8:c.2081del	ENSP00000249373.3:p.Pro694LeufsTer82	protein_coding	694	FALSE	Truncating	2	ACH-000958	SW48	TRUE
SJCOAD093137	C1	C1_WGS	KRAS	KRAS	chr12.25245350.C.A	SNV	Missense	p.G12V	G/V	12	missense_variant	NM_004985.5	ENST00000311936	1	1	70	70	ENST00000311936.8:c.35G>T	ENSP00000308495.3:p.Gly12Val	protein_coding	12	TRUE	Hotspot	5	ACH-000842	SW480	FALSE
SJCOAD093138	C1	C1_WGS	KRAS	KRAS	chr12.25245350.C.A	SNV	Missense	p.G12V	G/V	12	missense_variant	NM_004985.5	ENST00000311936	1	1	174	174	ENST00000311936.8:c.35G>T	ENSP00000308495.3:p.Gly12Val	protein_coding	12	TRUE	Hotspot	5	ACH-000651	SW620	TRUE
SJCOAD093144	C1	C1_WGS	KRAS	KRAS	chr12.25227342.T.A	SNV	Missense	p.Q61L	Q/L	61	missense_variant	NM_004985.5	ENST00000311936	1	0.76	19	25	ENST00000311936.8:c.182A>T	ENSP00000308495.3:p.Gln61Leu	protein_coding	61	TRUE	Hotspot	5	ACH-000680	SW948	FALSE
SJCOAD093144	C1	C1_WGS	PIK3CA	PIK3CA	chr3.179218294.G.A	SNV	Missense	p.E542K	E/K	542	missense_variant	NM_006218.4	ENST00000263967	1	1	21	21	ENST00000263967.4:c.1624G>A	ENSP00000263967.3:p.Glu542Lys	protein_coding	542	TRUE	Hotspot	5	ACH-000680	SW948	FALSE
SJCOAD093148	C1	C1_WGS	KRAS	KRAS	chr12.25245347.C.T	SNV	Missense	p.G13D	G/D	13	missense_variant	NM_004985.5	ENST00000311936	1	0.6	30	50	ENST00000311936.8:c.38G>A	ENSP00000308495.3:p.Gly13Asp	protein_coding	13	TRUE	Hotspot	5	ACH-000381	T84	TRUE
SJCOAD093148	C1	C1_WGS	PIK3CA	PIK3CA	chr3.179218294.G.A	SNV	Missense	p.E542K	E/K	542	missense_variant	NM_006218.4	ENST00000263967	1	0.821428571428571	23	28	ENST00000263967.4:c.1624G>A	ENSP00000263967.3:p.Glu542Lys	protein_coding	542	TRUE	Hotspot	5	ACH-000381	T84	TRUE
SJCOAD093228	C1	C1_WGS	KRAS	KRAS	chr12.25245350.C.T	SNV	Missense	p.G12D	G/D	12	missense_variant	NM_004985.5	ENST00000311936	1	0.571428571428571	16	28	ENST00000311936.8:c.35G>A	ENSP00000308495.3:p.Gly12Asp	protein_coding	12	TRUE	Hotspot	5	ACH-000007	LS513	TRUE
SJCOAD093320	C1	C1_WGS	BRAF	BRAF	chr7.140753336.A.T	SNV	Missense	p.V600E	V/E	600	missense_variant	NM_004333.6	ENST00000646891	1	0.765957446808511	36	47	ENST00000646891.2:c.1799T>A	ENSP00000493543.1:p.Val600Glu	protein_coding	600	TRUE	Hotspot	5	ACH-000253	COLO201	TRUE
SJDLBCL093166	C2	C2_WGS	MYC	MYC	chr8.127738870.G.A	SNV	Missense	p.S218N	S/N	218	missense_variant	NM_002467.6	ENST00000621592	1	0.6	27	45	ENST00000621592.8:c.653G>A	ENSP00000478887.2:p.Ser218Asn	protein_coding	218	FALSE	Missense_Other	4			FALSE
SJEWS011827	C8	C8_WGS	MTOR	MTOR	chr1.11124516.G.A	SNV	Missense	p.S2215F	S/F	2215	missense_variant	NM_004958.4	ENST00000361445	1	0.636363636363636	28	44	ENST00000361445.9:c.6644C>T	ENSP00000354558.4:p.Ser2215Phe	protein_coding	2215	FALSE	Missense_Other	4	ACH-003667	OP1	FALSE
SJEWS083030	C3	C3_WGS	BRAF	BRAF	chr7.140753336.A.T	SNV	Missense	p.V600E	V/E	600	missense_variant	NM_004333.6	ENST00000646891	1	0.48936170212766	23	47	ENST00000646891.2:c.1799T>A	ENSP00000493543.1:p.Val600Glu	protein_coding	600	TRUE	Hotspot	5	ACH-000052	A673	TRUE
SJEWS085564	C1	C1_WGS	BRAF	BRAF	chr7.140753336.A.T	SNV	Missense	p.V600E	V/E	600	missense_variant	NM_004333.6	ENST00000646891	1	0.53448275862069	31	58	ENST00000646891.2:c.1799T>A	ENSP00000493543.1:p.Val600Glu	protein_coding	600	TRUE	Hotspot	5			FALSE
SJEWS092602	C2	C2_WGS	PTPN11	PTPN11	chr12.112450395.C.A	SNV	Missense	p.A72D	A/D	72	missense_variant	NM_002834.5	ENST00000351677	1	0.407407407407407	22	54	ENST00000351677.7:c.215C>A	ENSP00000340944.3:p.Ala72Asp	protein_coding	72	TRUE	Hotspot	5	ACH-001283	TC106	TRUE
SJEWS096686	C1	C1_WGS	BRAF	BRAF	chr7.140753336.A.T	SNV	Missense	p.V600E	V/E	600	missense_variant	NM_004333.6	ENST00000646891	1	0.425531914893617	20	47	ENST00000646891.2:c.1799T>A	ENSP00000493543.1:p.Val600Glu	protein_coding	600	TRUE	Hotspot	5	ACH-001007	A673STAG2KO16	FALSE
SJGB080437	C3	C3_WGS	H3F3A	H3F3A	chr1.226064455.G.T	SNV	Missense	p.G35V	G/V	35	missense_variant	NM_002107.7	ENST00000366815	1	0.435897435897436	17	39	ENST00000366815.10:c.104G>T	ENSP00000355780.3:p.Gly35Val	protein_coding	35	TRUE	Hotspot	5	ACH-000622	KNS42	TRUE
SJGB092635	C1	C1_WGS	KRAS	KRAS	chr12.25245350.C.T	SNV	Missense	p.G12D	G/D	12	missense_variant	NM_004985.5	ENST00000311936	1	0.390243902439024	16	41	ENST00000311936.8:c.35G>A	ENSP00000308495.3:p.Gly12Asp	protein_coding	12	TRUE	Hotspot	5	ACH-002680	170MGBA	TRUE
SJGB092853	C1	C1_WGS	BRAF	BRAF	chr7.140753336.A.T	SNV	Missense	p.V600E	V/E	600	missense_variant	NM_004333.6	ENST00000646891	1	0.695652173913043	48	69	ENST00000646891.2:c.1799T>A	ENSP00000493543.1:p.Val600Glu	protein_coding	600	TRUE	Hotspot	5	ACH-000676	LN464	TRUE
SJGB092988	C1	C1_WGS	PIK3CA	PIK3CA	chr3.179198937.C.T	SNV	Missense	p.R38C	R/C	38	missense_variant	NM_006218.4	ENST00000263967	1	0.851851851851852	23	27	ENST00000263967.4:c.112C>T	ENSP00000263967.3:p.Arg38Cys	protein_coding	38	FALSE	Missense_Other	4	ACH-001610	NP5	TRUE
SJGB092989	C1	C1_WGS	PIK3CA	PIK3CA	chr3.179234297.A.G	SNV	Missense	p.H1047R	H/R	1047	missense_variant	NM_006218.4	ENST00000263967	1	0.4	14	35	ENST00000263967.4:c.3140A>G	ENSP00000263967.3:p.His1047Arg	protein_coding	1047	TRUE	Hotspot	5	ACH-001611	NP8	TRUE
SJGB092997	C1	C1_WGS	EGFR	EGFR	chr7.55165350.G.T	SNV	Missense	p.G598V	G/V	598	missense_variant	NM_005228.5	ENST00000275493	1	0.478260869565217	33	69	ENST00000275493.7:c.1793G>T	ENSP00000275493.2:p.Gly598Val	protein_coding	598	FALSE	Missense_Other	4	ACH-000479	KNS81	TRUE
SJGB093011	C1	C1_WGS	PTPN11	PTPN11	chr12.112450394.G.T	SNV	Missense	p.A72S	A/S	72	missense_variant	NM_002834.5	ENST00000351677	1	0.3125	10	32	ENST00000351677.7:c.214G>T	ENSP00000340944.3:p.Ala72Ser	protein_coding	72	TRUE	Hotspot	5	ACH-000595	LN229	TRUE
SJGB093314	C1	C1_WGS	PIK3CA	PIK3CA	chr3.179203764.A.G	SNV	Missense	p.N345S	N/S	345	missense_variant	NM_006218.4	ENST00000263967	1	0.538461538461538	21	39	ENST00000263967.4:c.1034A>G	ENSP00000263967.3:p.Asn345Ser	protein_coding	345	FALSE	Missense_Other	4	ACH-000244	DKMG	TRUE
SJGB093336	C1	C1_WGS	BRAF	BRAF	chr7.140753336.A.T	SNV	Missense	p.V600E	V/E	600	missense_variant	NM_004333.6	ENST00000646891	1	0.567164179104478	38	67	ENST00000646891.2:c.1799T>A	ENSP00000493543.1:p.Val600Glu	protein_coding	600	TRUE	Hotspot	5	ACH-000283	A1207	FALSE
SJGCT085526	C1	C1_WGS	NRAS	NRAS	chr1.114716126.C.T	SNV	Missense	p.G12D	G/D	12	missense_variant	NM_002524.5	ENST00000369535	1	0.48	12	25	ENST00000369535.5:c.35G>A	ENSP00000358548.4:p.Gly12Asp	protein_coding	12	TRUE	Hotspot	5	ACH-001374	PA1	TRUE
SJHB058524	C5	C5_WGS	NRAS	NRAS	chr1.114713908.T.A	SNV	Missense	p.Q61L	Q/L	61	missense_variant	NM_002524.5	ENST00000369535	1	0.461538461538462	12	26	ENST00000369535.5:c.182A>T	ENSP00000358548.4:p.Gln61Leu	protein_coding	61	TRUE	Hotspot	5	ACH-000739	HEPG2	TRUE
SJHB085560	C1	C1_WGS	NRAS	NRAS	chr1.114713908.T.A	SNV	Missense	p.Q61L	Q/L	61	missense_variant	NM_002524.5	ENST00000369535	1	0.511111111111111	23	45	ENST00000369535.5:c.182A>T	ENSP00000358548.4:p.Gln61Leu	protein_coding	61	TRUE	Hotspot	5	ACH-000739	HEPG2	TRUE
SJHB085598	C1	C1_WGS	CTNNB1	CTNNB1	chr3.41224613.G.T	SNV	Missense	p.G34V	G/V	34	missense_variant	NM_001904.4	ENST00000349496	1	0.575	23	40	ENST00000349496.11:c.101G>T	ENSP00000344456.5:p.Gly34Val	protein_coding	34	TRUE	Hotspot	5	ACH-000671	HUH6	TRUE
SJHCC093084	C1	C1_WGS	BRAF	BRAF	chr7.140753336.A.T	SNV	Missense	p.V600E	V/E	600	missense_variant	NM_004333.6	ENST00000646891	1	0.642857142857143	9	14	ENST00000646891.2:c.1799T>A	ENSP00000493543.1:p.Val600Glu	protein_coding	600	TRUE	Hotspot	5	ACH-000361	SKHEP1	TRUE
SJHCC093103	C1	C1_WGS	NRAS	NRAS	chr1.114713909.G.T	SNV	Missense	p.Q61K	Q/K	61	missense_variant	NM_002524.5	ENST00000369535	1	0.233333333333333	7	30	ENST00000369535.5:c.181C>A	ENSP00000358548.4:p.Gln61Lys	protein_coding	61	TRUE	Hotspot	5	ACH-000478	SNU387	TRUE
SJHGG085163	C1	C1_WGS	ACVR1	ACVR1	chr2.157774114.C.T	SNV	Missense	p.R206H	R/H	206	missense_variant	NM_001111067.4	ENST00000434821	1	0.333333333333333	12	36	ENST00000434821.7:c.617G>A	ENSP00000405004.1:p.Arg206His	protein_coding	206	FALSE	Missense_Other	4	ACH-002348	HSJDDIPG007	FALSE
SJHGG085163	C1	C1_WGS	H3F3A	H3F3A	chr1.226064434.A.T	SNV	Missense	p.K28M	K/M	28	missense_variant	NM_002107.7	ENST00000366815	1	0.709090909090909	39	55	ENST00000366815.10:c.83A>T	ENSP00000355780.3:p.Lys28Met	protein_coding	28	TRUE	Hotspot	5	ACH-002348	HSJDDIPG007	FALSE
SJHGG085163	C1	C1_WGS	PIK3CA	PIK3CA	chr3.179234297.A.G	SNV	Missense	p.H1047R	H/R	1047	missense_variant	NM_006218.4	ENST00000263967	1	0.605263157894737	23	38	ENST00000263967.4:c.3140A>G	ENSP00000263967.3:p.His1047Arg	protein_coding	1047	TRUE	Hotspot	5	ACH-002348	HSJDDIPG007	FALSE
SJHGG085164	C1	C1_WGS	H3F3A	H3F3A	chr1.226064434.A.T	SNV	Missense	p.K28M	K/M	28	missense_variant	NM_002107.7	ENST00000366815	1	0.888888888888889	40	45	ENST00000366815.10:c.83A>T	ENSP00000355780.3:p.Lys28Met	protein_coding	28	TRUE	Hotspot	5	ACH-003090	SUDIPG19A	FALSE
SJHGG085165	C1	C1_WGS	H3F3A	H3F3A	chr1.226064434.A.T	SNV	Missense	p.K28M	K/M	28	missense_variant	NM_002107.7	ENST00000366815	1	0.673076923076923	35	52	ENST00000366815.10:c.83A>T	ENSP00000355780.3:p.Lys28Met	protein_coding	28	TRUE	Hotspot	5	ACH-003274	SUDIPG13	FALSE
SJHGG085166	C1	C1_WGS	H3F3A	H3F3A	chr1.226064434.A.T	SNV	Missense	p.K28M	K/M	28	missense_variant	NM_002107.7	ENST00000366815	1	0.36231884057971	25	69	ENST00000366815.10:c.83A>T	ENSP00000355780.3:p.Lys28Met	protein_coding	28	TRUE	Hotspot	5	ACH-003275	SUDIPG25	FALSE
SJHGG085167	C1	C1_WGS	H3F3A	H3F3A	chr1.226064434.A.T	SNV	Missense	p.K28M	K/M	28	missense_variant	NM_002107.7	ENST00000366815	1	0.618421052631579	47	76	ENST00000366815.10:c.83A>T	ENSP00000355780.3:p.Lys28Met	protein_coding	28	TRUE	Hotspot	5	ACH-003492	SUDIPG24	FALSE
SJHGG085169	C1	C1_WGS	NRAS	NRAS	chr1.114713908.T.C	SNV	Missense	p.Q61R	Q/R	61	missense_variant	NM_002524.5	ENST00000369535	1	0.294117647058824	10	34	ENST00000369535.5:c.182A>G	ENSP00000358548.4:p.Gln61Arg	protein_coding	61	TRUE	Hotspot	5	ACH-003083	CNMCD	FALSE
SJHGG093347	C2	C2_WGS	PIK3CA	PIK3CA	chr3.179199088.G.A	SNV	Missense	p.R88Q	R/Q	88	missense_variant	NM_006218.4	ENST00000263967	1	0.483870967741935	15	31	ENST00000263967.4:c.263G>A	ENSP00000263967.3:p.Arg88Gln	protein_coding	88	TRUE	Hotspot	5	ACH-002699	CCLFNEURO0025T	FALSE
SJHGG094233	C1	C1_WGS	ACVR1	ACVR1	chr2.157774114.C.T	SNV	Missense	p.R206H	R/H	206	missense_variant	NM_001111067.4	ENST00000434821	1	0.565217391304348	26	46	ENST00000434821.7:c.617G>A	ENSP00000405004.1:p.Arg206His	protein_coding	206	FALSE	Missense_Other	4			FALSE
SJHGG094233	C1	C1_WGS	BRAF	BRAF	chr7.140778061.T.C	SNV	Missense	p.K483E	K/E	483	missense_variant	NM_004333.6	ENST00000646891	1	0.181818181818182	8	44	ENST00000646891.2:c.1447A>G	ENSP00000493543.1:p.Lys483Glu	protein_coding	483	FALSE	Missense_Other	4			FALSE
SJHGG094233	C1	C1_WGS	H3F3A	H3F3A	chr1.226064434.A.T	SNV	Missense	p.K28M	K/M	28	missense_variant	NM_002107.7	ENST00000366815	1	0.8625	69	80	ENST00000366815.10:c.83A>T	ENSP00000355780.3:p.Lys28Met	protein_coding	28	TRUE	Hotspot	5			FALSE
SJHGG094233	C1	C1_WGS	PIK3CA	PIK3CA	chr3.179198940.G.A	SNV	Missense	p.E39K	E/K	39	missense_variant	NM_006218.4	ENST00000263967	1	0.158730158730159	10	63	ENST00000263967.4:c.115G>A	ENSP00000263967.3:p.Glu39Lys	protein_coding	39	FALSE	Missense_Other	4			FALSE
SJHGG096710	C1	C1_WGS	ACVR1	ACVR1	chr2.157774114.C.T	SNV	Missense	p.R206H	R/H	206	missense_variant	NM_001111067.4	ENST00000434821	1	0.744186046511628	32	43	ENST00000434821.7:c.617G>A	ENSP00000405004.1:p.Arg206His	protein_coding	206	FALSE	Missense_Other	4	ACH-002911	BT869	FALSE
SJHGG096710	C1	C1_WGS	H3F3A	H3F3A	chr1.226064434.A.T	SNV	Missense	p.K28M	K/M	28	missense_variant	NM_002107.7	ENST00000366815	1	0.781609195402299	68	87	ENST00000366815.10:c.83A>T	ENSP00000355780.3:p.Lys28Met	protein_coding	28	TRUE	Hotspot	5	ACH-002911	BT869	FALSE
SJHGG096710	C1	C1_WGS	PIK3CA	PIK3CA	chr3.179234176.G.C	SNV	Missense	p.G1007R	G/R	1007	missense_variant	NM_006218.4	ENST00000263967	1	0.344827586206897	10	29	ENST00000263967.4:c.3019G>C	ENSP00000263967.3:p.Gly1007Arg	protein_coding	1007	FALSE	Missense_Other	4	ACH-002911	BT869	FALSE
SJHGG096715	C1	C1_WGS	H3F3A	H3F3A	chr1.226064434.A.T	SNV	Missense	p.K28M	K/M	28	missense_variant	NM_002107.7	ENST00000366815	1	0.666666666666667	44	66	ENST00000366815.10:c.83A>T	ENSP00000355780.3:p.Lys28Met	protein_coding	28	TRUE	Hotspot	5	ACH-003088	SF7761	FALSE
SJHGG096716	C1	C1_WGS	H3F3A	H3F3A	chr1.226064434.A.T	SNV	Missense	p.K28M	K/M	28	missense_variant	NM_002107.7	ENST00000366815	1	0.34	17	50	ENST00000366815.10:c.83A>T	ENSP00000355780.3:p.Lys28Met	protein_coding	28	TRUE	Hotspot	5	ACH-003093	SUDIPG6	FALSE
SJHGG096716	C1	C1_WGS	PIK3CA	PIK3CA	chr3.179218303.G.C	SNV	Missense	p.E545Q	E/Q	545	missense_variant	NM_006218.4	ENST00000263967	1	0.742857142857143	26	35	ENST00000263967.4:c.1633G>C	ENSP00000263967.3:p.Glu545Gln	protein_coding	545	TRUE	Hotspot	5	ACH-003093	SUDIPG6	FALSE
SJHGG096728	C1	C1_WGS	H3F3A	H3F3A	chr1.226064434.A.T	SNV	Missense	p.K28M	K/M	28	missense_variant	NM_002107.7	ENST00000366815	1	0.652173913043478	15	23	ENST00000366815.10:c.83A>T	ENSP00000355780.3:p.Lys28Met	protein_coding	28	TRUE	Hotspot	5	ACH-003326	BT416	FALSE
SJHGG096731	C1	C1_WGS	H3F3A	H3F3A	chr1.226064434.A.T	SNV	Missense	p.K28M	K/M	28	missense_variant	NM_002107.7	ENST00000366815	1	0.7	28	40	ENST00000366815.10:c.83A>T	ENSP00000355780.3:p.Lys28Met	protein_coding	28	TRUE	Hotspot	5	ACH-003415	BT2028	FALSE
SJHL064615	C1	C1_WGS	MTOR	MTOR	chr1.11122094.G.A	SNV	Missense	p.T2232I	T/I	2232	missense_variant	NM_004958.4	ENST00000361445	1	0.482142857142857	27	56	ENST00000361445.9:c.6695C>T	ENSP00000354558.4:p.Thr2232Ile	protein_coding	2232	FALSE	Missense_Other	4	ACH-000815	KMH2	FALSE
SJHL093215	C1	C1_WGS	MYC	MYC	chr8.127739008.G.A	SNV	Missense	p.S264N	S/N	264	missense_variant	NM_002467.6	ENST00000621592	1	0.307692307692308	8	26	ENST00000621592.8:c.791G>A	ENSP00000478887.2:p.Ser264Asn	protein_coding	264	FALSE	Missense_Other	4	ACH-001685	UHO1	TRUE
SJHM080402	C1	C1_WGS	NRAS	NRAS	chr1.114716126.C.T	SNV	Missense	p.G12D	G/D	12	missense_variant	NM_002524.5	ENST00000369535	1	0.81578947368421	31	38	ENST00000369535.5:c.35G>A	ENSP00000358548.4:p.Gly12Asp	protein_coding	12	TRUE	Hotspot	5	ACH-000146	THP1	TRUE
SJHM080405	C1	C1_WGS	KRAS	KRAS	chr12.25225713.T.G	SNV	Missense	p.K117N	K/N	117	missense_variant	NM_004985.5	ENST00000311936	1	1	18	18	ENST00000311936.8:c.351A>C	ENSP00000308495.3:p.Lys117Asn	protein_coding	117	TRUE	Hotspot	5	ACH-000373	SKM1	TRUE
SJHM080458	C2	C2_WGS	CTNNB1	CTNNB1	chr3.41235723.G.A	SNV	Splice	""	""		splice_acceptor_variant	NM_001904.4	ENST00000349496	1	0.576923076923077	15	26	ENST00000349496.11:c.1684-1G>A	""	protein_coding		FALSE	Truncating	2			FALSE
SJHM085156	C1	C1_WGS	KRAS	KRAS	chr12.25245347.C.T	SNV	Missense	p.G13D	G/D	13	missense_variant	NM_004985.5	ENST00000311936	1	0.36	9	25	ENST00000311936.8:c.38G>A	ENSP00000308495.3:p.Gly13Asp	protein_coding	13	TRUE	Hotspot	5	ACH-000168	NOMO1	TRUE
SJHM085552	C1	C1_WGS	MYC	MYC	chr8.127738440.C.G	SNV	Missense	p.P75A	P/A	75	missense_variant	NM_002467.6	ENST00000621592	1	0.409090909090909	9	22	ENST00000621592.8:c.223C>G	ENSP00000478887.2:p.Pro75Ala	protein_coding	75	FALSE	Missense_Other	4	ACH-000660	SUDHL5	TRUE
SJHM092570	C2	C2_WGS	NRAS	NRAS	chr1.114716126.C.T	SNV	Missense	p.G12D	G/D	12	missense_variant	NM_002524.5	ENST00000369535	1	0.325581395348837	14	43	ENST00000369535.5:c.35G>A	ENSP00000358548.4:p.Gly12Asp	protein_coding	12	TRUE	Hotspot	5	ACH-003539	KASUMIA541	FALSE
SJHM096702	C1	C1_WGS	NRAS	NRAS	chr1.114713908.T.A	SNV	Missense	p.Q61L	Q/L	61	missense_variant	NM_002524.5	ENST00000369535	1	0.48	12	25	ENST00000369535.5:c.182A>T	ENSP00000358548.4:p.Gln61Leu	protein_coding	61	TRUE	Hotspot	5	ACH-002483	HS602	FALSE
SJLUAD074474	C1	C1_WGS	KRAS	KRAS	chr12.25245351.C.T	SNV	Missense	p.G12S	G/S	12	missense_variant	NM_004985.5	ENST00000311936	1	1	34	34	ENST00000311936.8:c.34G>A	ENSP00000308495.3:p.Gly12Ser	protein_coding	12	TRUE	Hotspot	5	ACH-000681	A549	TRUE
SJLUAD080350	C2	C2_WGS	EGFR	EGFR	chr7.55174771.AGGAATTAAGAGAAGCA.AA	Indel	InframeDel	p.KELREA745K	KELREA/K	745	inframe_deletion	NM_005228.5	ENST00000275493	1	0.714285714285714	25	35	ENST00000275493.7:c.2235_2249del	ENSP00000275493.2:p.Glu746_Ala750del	protein_coding	745	FALSE	InframeIndel	3	ACH-000035	NCIH1650	TRUE
SJLUAD080362	C2	C2_WGS	BRAF	BRAF	chr7.140778038.AGGTGCTGTCACATTCAA.ATA	Indel	InframeOther	p.LNVTAP485Y	LNVTAP/Y	485	protein_altering_variant	NM_004333.6	ENST00000646891	1	1	29	29	ENST00000646891.2:c.1454_1469delinsA	ENSP00000493543.1:p.Leu485_Pro490delinsTyr	protein_coding	485	FALSE	InframeIndel	3	ACH-000121	H2405	FALSE
SJLUAD092727	C1	C1_WGS	KRAS	KRAS	chr12.25227341.T.G	SNV	Missense	p.Q61H	Q/H	61	missense_variant	NM_004985.5	ENST00000311936	1	1	36	36	ENST00000311936.8:c.183A>C	ENSP00000308495.3:p.Gln61His	protein_coding	61	TRUE	Hotspot	5	ACH-000314	HCC2108	FALSE
SJLUAD092733	C1	C1_WGS	KRAS	KRAS	chr12.25245347.C.T	SNV	Missense	p.G13D	G/D	13	missense_variant	NM_004985.5	ENST00000311936	1	0.513513513513513	19	37	ENST00000311936.8:c.38G>A	ENSP00000308495.3:p.Gly13Asp	protein_coding	13	TRUE	Hotspot	5	ACH-000872	HCC515	TRUE
SJLUAD092737	C1	C1_WGS	KRAS	KRAS	chr12.25245351.C.A	SNV	Missense	p.G12C	G/C	12	missense_variant	NM_004985.5	ENST00000311936	1	1	34	34	ENST00000311936.8:c.34G>T	ENSP00000308495.3:p.Gly12Cys	protein_coding	12	TRUE	Hotspot	5	ACH-000667	HCC44	TRUE
SJLUAD092834	C1	C1_WGS	MYC	MYC	chr8.127738782.T.A	SNV	Missense	p.S189T	S/T	189	missense_variant	NM_002467.6	ENST00000621592	1	1	61	61	ENST00000621592.8:c.565T>A	ENSP00000478887.2:p.Ser189Thr	protein_coding	189	FALSE	Missense_Other	4	ACH-000706	EKVX	TRUE
SJLUAD092920	C1	C1_WGS	KRAS	KRAS	chr12.25245348.C.A	SNV	Missense	p.G13C	G/C	13	missense_variant	NM_004985.5	ENST00000311936	1	0.366666666666667	11	30	ENST00000311936.8:c.37G>T	ENSP00000308495.3:p.Gly13Cys	protein_coding	13	TRUE	Hotspot	5	ACH-000666	NCIH1355	TRUE
SJLUAD092921	C1	C1_WGS	KRAS	KRAS	chr12.25245351.C.A	SNV	Missense	p.G12C	G/C	12	missense_variant	NM_004985.5	ENST00000311936	1	1	65	65	ENST00000311936.8:c.34G>T	ENSP00000308495.3:p.Gly12Cys	protein_coding	12	TRUE	Hotspot	5	ACH-000845	NCIH1373	TRUE
SJLUAD092930	C1	C1_WGS	BRAF	BRAF	chr7.140781611.C.A	SNV	Missense	p.G466V	G/V	466	missense_variant	NM_004333.6	ENST00000646891	1	0.583333333333333	14	24	ENST00000646891.2:c.1397G>T	ENSP00000493543.1:p.Gly466Val	protein_coding	466	TRUE	Hotspot	5	ACH-000448	NCIH1666	TRUE
SJLUAD092932	C1	C1_WGS	KRAS	KRAS	chr12.25245351.C.A	SNV	Missense	p.G12C	G/C	12	missense_variant	NM_004985.5	ENST00000311936	1	0.8	20	25	ENST00000311936.8:c.34G>T	ENSP00000308495.3:p.Gly12Cys	protein_coding	12	TRUE	Hotspot	5	ACH-000496	NCIH1792	TRUE
SJLUAD092941	C1	C1_WGS	EGFR	EGFR	chr7.55181378.C.T	SNV	Missense	p.T790M	T/M	790	missense_variant	NM_005228.5	ENST00000275493	1	0.847826086956522	39	46	ENST00000275493.7:c.2369C>T	ENSP00000275493.2:p.Thr790Met	protein_coding	790	TRUE	Hotspot	5	ACH-000587	NCIH1975	TRUE
SJLUAD092941	C1	C1_WGS	PIK3CA	PIK3CA	chr3.179199690.G.A	SNV	Missense	p.G118D	G/D	118	missense_variant,splice_region_variant	NM_006218.4	ENST00000263967	1	0.583333333333333	14	24	ENST00000263967.4:c.353G>A	ENSP00000263967.3:p.Gly118Asp	protein_coding	118	FALSE	Missense_Other	4	ACH-000587	NCIH1975	TRUE
SJLUAD092943	C1	C1_WGS	KRAS	KRAS	chr12.25245351.C.A	SNV	Missense	p.G12C	G/C	12	missense_variant	NM_004985.5	ENST00000311936	1	0.95	19	20	ENST00000311936.8:c.34G>T	ENSP00000308495.3:p.Gly12Cys	protein_coding	12	TRUE	Hotspot	5	ACH-000521	NCIH2030	TRUE
SJLUAD092945	C1	C1_WGS	BRAF	BRAF	chr7.140753346.G.C	SNV	Missense	p.L597V	L/V	597	missense_variant	NM_004333.6	ENST00000646891	1	0.425531914893617	20	47	ENST00000646891.2:c.1789C>G	ENSP00000493543.1:p.Leu597Val	protein_coding	597	TRUE	Hotspot	5	ACH-000841	NCIH2087	TRUE
SJLUAD092945	C1	C1_WGS	MYC	MYC	chr8.127738422.G.A	SNV	Missense	p.E69K	E/K	69	missense_variant	NM_002467.6	ENST00000621592	1	0.0697674418604651	9	129	ENST00000621592.8:c.205G>A	ENSP00000478887.2:p.Glu69Lys	protein_coding	69	FALSE	Missense_Other	4	ACH-000841	NCIH2087	TRUE
SJLUAD092945	C1	C1_WGS	NRAS	NRAS	chr1.114713909.G.T	SNV	Missense	p.Q61K	Q/K	61	missense_variant	NM_002524.5	ENST00000369535	1	0.162790697674419	7	43	ENST00000369535.5:c.181C>A	ENSP00000358548.4:p.Gln61Lys	protein_coding	61	TRUE	Hotspot	5	ACH-000841	NCIH2087	TRUE
SJLUAD092948	C1	C1_WGS	KRAS	KRAS	chr12.25245351.C.A	SNV	Missense	p.G12C	G/C	12	missense_variant	NM_004985.5	ENST00000311936	1	1	17	17	ENST00000311936.8:c.34G>T	ENSP00000308495.3:p.Gly12Cys	protein_coding	12	TRUE	Hotspot	5	ACH-000311	NCIH2122	TRUE
SJLUAD092958	C1	C1_WGS	KRAS	KRAS	chr12.25245350.C.A	SNV	Missense	p.G12V	G/V	12	missense_variant	NM_004985.5	ENST00000311936	1	1	67	67	ENST00000311936.8:c.35G>T	ENSP00000308495.3:p.Gly12Val	protein_coding	12	TRUE	Hotspot	5	ACH-000718	NCIH2291	TRUE
SJLUAD092959	C1	C1_WGS	KRAS	KRAS	chr12.25245351.C.A	SNV	Missense	p.G12C	G/C	12	missense_variant	NM_004985.5	ENST00000311936	1	0.753623188405797	52	69	ENST00000311936.8:c.34G>T	ENSP00000308495.3:p.Gly12Cys	protein_coding	12	TRUE	Hotspot	5	ACH-000900	NCIH23	TRUE
SJLUAD092963	C1	C1_WGS	KRAS	KRAS	chr12.25245351.C.A	SNV	Missense	p.G12C	G/C	12	missense_variant	NM_004985.5	ENST00000311936	1	0.735294117647059	50	68	ENST00000311936.8:c.34G>T	ENSP00000308495.3:p.Gly12Cys	protein_coding	12	TRUE	Hotspot	5	ACH-000860	NCIH358	TRUE
SJLUAD092970	C1	C1_WGS	MTOR	MTOR	chr1.11130740.A.C	SNV	Missense	p.V1801G	V/G	1801	missense_variant	NM_004958.4	ENST00000361445	1	0.666666666666667	22	33	ENST00000361445.9:c.5402T>G	ENSP00000354558.4:p.Val1801Gly	protein_coding	1801	FALSE	Missense_Other	4	ACH-000343	NCIH522	TRUE
SJLUAD092975	C1	C1_WGS	KRAS	KRAS	chr12.25227342.T.A	SNV	Missense	p.Q61L	Q/L	61	missense_variant	NM_004985.5	ENST00000311936	1	1	39	39	ENST00000311936.8:c.182A>T	ENSP00000308495.3:p.Gln61Leu	protein_coding	61	TRUE	Hotspot	5	ACH-000945	NCIH650	TRUE
SJLUAD093039	C1	C1_WGS	KRAS	KRAS	chr12.25245350.C.G	SNV	Missense	p.G12A	G/A	12	missense_variant	NM_004985.5	ENST00000311936	1	0.788461538461538	82	104	ENST00000311936.8:c.35G>C	ENSP00000308495.3:p.Gly12Ala	protein_coding	12	TRUE	Hotspot	5	ACH-000791	RERFLCAD1	TRUE
SJLUAD093085	C1	C1_WGS	KRAS	KRAS	chr12.25245350.C.T	SNV	Missense	p.G12D	G/D	12	missense_variant	NM_004985.5	ENST00000311936	1	0.641509433962264	34	53	ENST00000311936.8:c.35G>A	ENSP00000308495.3:p.Gly12Asp	protein_coding	12	TRUE	Hotspot	5	ACH-000309	SKLU1	FALSE
SJLUAD093231	C1	C1_WGS	EGFR	EGFR	chr7.55174772.GGAATTAAGAGAAGCAA.GA	Indel	InframeDel	p.ELREA746-	ELREA/-	746	inframe_deletion	NM_005228.5	ENST00000275493	1	0.963607594936709	609	632	ENST00000275493.7:c.2236_2250del	ENSP00000275493.2:p.Glu746_Ala750del	protein_coding	746	FALSE	InframeIndel	3	ACH-000012	HCC827	TRUE
SJLUAD093242	C1	C1_WGS	EGFR	EGFR	chr7.55174772.GGAATTAAGAGAAGCAA.GA	Indel	InframeDel	p.ELREA746-	ELREA/-	746	inframe_deletion	NM_005228.5	ENST00000275493	1	0.956896551724138	444	464	ENST00000275493.7:c.2236_2250del	ENSP00000275493.2:p.Glu746_Ala750del	protein_coding	746	FALSE	InframeIndel	3	ACH-000029	HCC827GR5	TRUE
SJLUAD093243	C1	C1_WGS	EGFR	EGFR	chr7.55174771.AGGAATTAAGAGAAGCA.AA	Indel	InframeDel	p.KELREA745K	KELREA/K	745	inframe_deletion	NM_005228.5	ENST00000275493	1	0.933333333333333	84	90	ENST00000275493.7:c.2235_2249del	ENSP00000275493.2:p.Glu746_Ala750del	protein_coding	745	FALSE	InframeIndel	3	ACH-000030	PC14	TRUE
SJLUAD093267	C1	C1_WGS	EGFR	EGFR	chr7.55191822.T.G	SNV	Missense	p.L858R	L/R	858	missense_variant	NM_005228.5	ENST00000275493	1	0.918367346938776	360	392	ENST00000275493.7:c.2573T>G	ENSP00000275493.2:p.Leu858Arg	protein_coding	858	TRUE	Hotspot	5	ACH-000109	NCIH3255	FALSE
SJLUAD093284	C1	C1_WGS	EGFR	EGFR	chr7.55174771.AGGAATTAAGAGAAGCAACATCT.AAATT	Indel	InframeOther	p.KELREATS745KI	KELREATS/KI	745	protein_altering_variant	NM_005228.5	ENST00000275493	1	0.484375	31	64	ENST00000275493.7:c.2235_2255delinsAAT	ENSP00000275493.2:p.Glu746_Ser752delinsIle	protein_coding	745	FALSE	InframeIndel	3	ACH-000150	HCC2935	FALSE
SJLUAD093326	C1	C1_WGS	KRAS	KRAS	chr12.25227343.G.T	SNV	Missense	p.Q61K	Q/K	61	missense_variant	NM_004985.5	ENST00000311936	1	0.569230769230769	37	65	ENST00000311936.8:c.181C>A	ENSP00000308495.3:p.Gln61Lys	protein_coding	61	TRUE	Hotspot	5	ACH-000264	CALU6	TRUE
SJLUSC077101	C1	C1_WGS	EGFR	EGFR	chr7.55174776.TTAAGAGAAGCAACATCTCCGAAAGCC.TCGAAAGAC	Indel	InframeOther	p.LREATSPKA747SKD	LREATSPKA/SKD	747	protein_altering_variant	NM_005228.5	ENST00000275493	1	0.410714285714286	23	56	ENST00000275493.7:c.2240_2264delinsCGAAAGA	ENSP00000275493.2:p.Leu747_Ala755delinsSerLysAsp	protein_coding	747	FALSE	InframeIndel	3	ACH-000176	LOUNH91	TRUE
SJLUSC077101	C1	C1_WGS	PIK3CA	PIK3CA	chr3.179221146.G.A	SNV	Missense	p.E726K	E/K	726	missense_variant	NM_006218.4	ENST00000263967	1	1	24	24	ENST00000263967.4:c.2176G>A	ENSP00000263967.3:p.Glu726Lys	protein_coding	726	FALSE	Missense_Other	4	ACH-000176	LOUNH91	TRUE
SJLUSC092667	C1	C1_WGS	KRAS	KRAS	chr12.25245351.C.A	SNV	Missense	p.G12C	G/C	12	missense_variant	NM_004985.5	ENST00000311936	1	0.822222222222222	37	45	ENST00000311936.8:c.34G>T	ENSP00000308495.3:p.Gly12Cys	protein_coding	12	TRUE	Hotspot	5	ACH-000511	CALU1	TRUE
SJLUSC092731	C1	C1_WGS	CTNNB1	CTNNB1	chr3.41224646.C.T	SNV	Missense	p.S45F	S/F	45	missense_variant	NM_001904.4	ENST00000349496	1	1	11	11	ENST00000349496.11:c.134C>T	ENSP00000344456.5:p.Ser45Phe	protein_coding	45	TRUE	Hotspot	5	ACH-000878	HCC15	TRUE
SJLUSC092731	C1	C1_WGS	NRAS	NRAS	chr1.114713909.G.T	SNV	Missense	p.Q61K	Q/K	61	missense_variant	NM_002524.5	ENST00000369535	1	0.526315789473684	20	38	ENST00000369535.5:c.181C>A	ENSP00000358548.4:p.Gln61Lys	protein_coding	61	TRUE	Hotspot	5	ACH-000878	HCC15	TRUE
SJLUSC092732	C1	C1_WGS	PIK3CA	PIK3CA	chr3.179234297.A.G	SNV	Missense	p.H1047R	H/R	1047	missense_variant	NM_006218.4	ENST00000263967	1	0.594594594594595	22	37	ENST00000263967.4:c.3140A>G	ENSP00000263967.3:p.His1047Arg	protein_coding	1047	TRUE	Hotspot	5	ACH-000975	HCC2450	TRUE
SJLUSC092928	C1	C1_WGS	KRAS	KRAS	chr12.25245351.C.G	SNV	Missense	p.G12R	G/R	12	missense_variant	NM_004985.5	ENST00000311936	1	0.576923076923077	45	78	ENST00000311936.8:c.34G>C	ENSP00000308495.3:p.Gly12Arg	protein_coding	12	TRUE	Hotspot	5	ACH-000921	NCIH157DM	TRUE
SJLUSC092996	C1	C1_WGS	HRAS	HRAS	chr11.533874.T.A	SNV	Missense	p.Q61L	Q/L	61	missense_variant	NM_005343.4	ENST00000311189	1	0.659090909090909	29	44	ENST00000311189.8:c.182A>T	ENSP00000309845.7:p.Gln61Leu	protein_coding	61	TRUE	Hotspot	5	ACH-000858	KNS62	TRUE
SJLUSC093142	C1	C1_WGS	KRAS	KRAS	chr12.25245350.C.A	SNV	Missense	p.G12V	G/V	12	missense_variant	NM_004985.5	ENST00000311936	1	0.676056338028169	48	71	ENST00000311936.8:c.35G>T	ENSP00000308495.3:p.Gly12Val	protein_coding	12	TRUE	Hotspot	5	ACH-000669	SW900	FALSE
SJMB080409	C1	C1_WGS	NRAS	NRAS	chr1.114713908.T.C	SNV	Missense	p.Q61R	Q/R	61	missense_variant	NM_002524.5	ENST00000369535	1	0.648648648648649	24	37	ENST00000369535.5:c.182A>G	ENSP00000358548.4:p.Gln61Arg	protein_coding	61	TRUE	Hotspot	5	ACH-000776	ONS76	TRUE
SJMB083033	C3	C3_WGS	ACVR1	ACVR1	chr2.157770423.C.T	SNV	Nonsense	p.W245*	W/*	245	stop_gained	NM_001111067.4	ENST00000434821	1	0.473684210526316	18	38	ENST00000434821.7:c.735G>A	ENSP00000405004.1:p.Trp245Ter	protein_coding	245	FALSE	Truncating	2	ACH-000095	D341	TRUE
SJMB085591	C2	C2_WGS	PIK3CA	PIK3CA	chr3.179199088.G.A	SNV	Missense	p.R88Q	R/Q	88	missense_variant	NM_006218.4	ENST00000263967	1	0.357142857142857	10	28	ENST00000263967.4:c.263G>A	ENSP00000263967.3:p.Arg88Gln	protein_coding	88	TRUE	Hotspot	5			FALSE
SJMEL014961	C2	C2_WGS	BRAF	BRAF	chr7.140753336.A.T	SNV	Missense	p.V600E	V/E	600	missense_variant	NM_004333.6	ENST00000646891	1	0.654545454545455	36	55	ENST00000646891.2:c.1799T>A	ENSP00000493543.1:p.Val600Glu	protein_coding	600	TRUE	Hotspot	5	ACH-000644	COLO829	FALSE
SJMEL045733	C2	C2_WGS	NRAS	NRAS	chr1.114713908.T.C	SNV	Missense	p.Q61R	Q/R	61	missense_variant	NM_002524.5	ENST00000369535	1	0.689655172413793	40	58	ENST00000369535.5:c.182A>G	ENSP00000358548.4:p.Gln61Arg	protein_coding	61	TRUE	Hotspot	5	ACH-001190	SKMEL2	TRUE
SJMEL077103	C1	C1_WGS	BRAF	BRAF	chr7.140753336.A.T	SNV	Missense	p.V600E	V/E	600	missense_variant	NM_004333.6	ENST00000646891	1	0.789473684210526	45	57	ENST00000646891.2:c.1799T>A	ENSP00000493543.1:p.Val600Glu	protein_coding	600	TRUE	Hotspot	5	ACH-000812	COLO783	FALSE
SJMEL077103	C1	C1_WGS	CTNNB1	CTNNB1	chr3.41224644.TTCTC.TC	Indel	InframeDel	p.S45-	S/-	45	inframe_deletion	NM_001904.4	ENST00000349496	1	0.428571428571429	12	28	ENST00000349496.11:c.133_135del	ENSP00000344456.5:p.Ser45del	protein_coding	45	TRUE	InframeIndel	3	ACH-000812	COLO783	FALSE
SJMEL085547	C1	C1_WGS	BRAF	BRAF	chr7.140753336.A.T	SNV	Missense	p.V600E	V/E	600	missense_variant	NM_004333.6	ENST00000646891	1	0.464285714285714	13	28	ENST00000646891.2:c.1799T>A	ENSP00000493543.1:p.Val600Glu	protein_coding	600	TRUE	Hotspot	5	ACH-000348	RPMI7951	TRUE
SJMEL092661	C1	C1_WGS	BRAF	BRAF	chr7.140753336.A.T	SNV	Missense	p.V600E	V/E	600	missense_variant	NM_004333.6	ENST00000646891	1	0.81578947368421	93	114	ENST00000646891.2:c.1799T>A	ENSP00000493543.1:p.Val600Glu	protein_coding	600	TRUE	Hotspot	5	ACH-000580	C32	TRUE
SJMEL092676	C1	C1_WGS	BRAF	BRAF	chr7.140753336.A.T	SNV	Missense	p.V600E	V/E	600	missense_variant	NM_004333.6	ENST00000646891	1	0.766666666666667	46	60	ENST00000646891.2:c.1799T>A	ENSP00000493543.1:p.Val600Glu	protein_coding	600	TRUE	Hotspot	5	ACH-000582	COLO741	FALSE
SJMEL092680	C1	C1_WGS	BRAF	BRAF	chr7.140753336.A.T	SNV	Missense	p.V600E	V/E	600	missense_variant	NM_004333.6	ENST00000646891	1	0.666666666666667	34	51	ENST00000646891.2:c.1799T>A	ENSP00000493543.1:p.Val600Glu	protein_coding	600	TRUE	Hotspot	5	ACH-000401	COLO800	TRUE
SJMEL092702	C1	C1_WGS	BRAF	BRAF	chr7.140753336.A.T	SNV	Missense	p.V600E	V/E	600	missense_variant	NM_004333.6	ENST00000646891	1	0.382978723404255	18	47	ENST00000646891.2:c.1799T>A	ENSP00000493543.1:p.Val600Glu	protein_coding	600	TRUE	Hotspot	5	ACH-000788	A2058	TRUE
SJMEL092763	C1	C1_WGS	BRAF	BRAF	chr7.140753392.A.T	SNV	Missense	p.N581K	N/K	581	missense_variant,splice_region_variant	NM_004333.6	ENST00000646891	1	0.388888888888889	21	54	ENST00000646891.2:c.1743T>A	ENSP00000493543.1:p.Asn581Lys	protein_coding	581	TRUE	Hotspot	5	ACH-000801	HS936T	TRUE
SJMEL092763	C1	C1_WGS	NRAS	NRAS	chr1.114713909.G.T	SNV	Missense	p.Q61K	Q/K	61	missense_variant	NM_002524.5	ENST00000369535	1	0.566666666666667	17	30	ENST00000369535.5:c.181C>A	ENSP00000358548.4:p.Gln61Lys	protein_coding	61	TRUE	Hotspot	5	ACH-000801	HS936T	TRUE
SJMEL092765	C1	C1_WGS	NRAS	NRAS	chr1.114713909.G.T	SNV	Missense	p.Q61K	Q/K	61	missense_variant	NM_002524.5	ENST00000369535	1	0.8	28	35	ENST00000369535.5:c.181C>A	ENSP00000358548.4:p.Gln61Lys	protein_coding	61	TRUE	Hotspot	5	ACH-000632	HS944T	TRUE
SJMEL092775	C1	C1_WGS	BRAF	BRAF	chr7.140753336.A.T	SNV	Missense	p.V600E	V/E	600	missense_variant	NM_004333.6	ENST00000646891	1	1	32	32	ENST00000646891.2:c.1799T>A	ENSP00000493543.1:p.Val600Glu	protein_coding	600	TRUE	Hotspot	5	ACH-000322	HT144	TRUE
SJMEL092784	C1	C1_WGS	BRAF	BRAF	chr7.140753336.A.T	SNV	Missense	p.V600E	V/E	600	missense_variant	NM_004333.6	ENST00000646891	1	0.552631578947368	42	76	ENST00000646891.2:c.1799T>A	ENSP00000493543.1:p.Val600Glu	protein_coding	600	TRUE	Hotspot	5	ACH-000882	IGR1	TRUE
SJMEL092785	C1	C1_WGS	BRAF	BRAF	chr7.140753336.A.T	SNV	Missense	p.V600E	V/E	600	missense_variant	NM_004333.6	ENST00000646891	1	0.4	8	20	ENST00000646891.2:c.1799T>A	ENSP00000493543.1:p.Val600Glu	protein_coding	600	TRUE	Hotspot	5	ACH-000550	IGR39	TRUE
SJMEL092789	C1	C1_WGS	NRAS	NRAS	chr1.114713908.T.A	SNV	Missense	p.Q61L	Q/L	61	missense_variant	NM_002524.5	ENST00000369535	1	0.614035087719298	35	57	ENST00000369535.5:c.182A>T	ENSP00000358548.4:p.Gln61Leu	protein_coding	61	TRUE	Hotspot	5	ACH-000915	IPC298	TRUE
SJMEL092836	C1	C1_WGS	BRAF	BRAF	chr7.140753336.A.T	SNV	Missense	p.V600E	V/E	600	missense_variant	NM_004333.6	ENST00000646891	1	0.642857142857143	27	42	ENST00000646891.2:c.1799T>A	ENSP00000493543.1:p.Val600Glu	protein_coding	600	TRUE	Hotspot	5	ACH-000572	G361	FALSE
SJMEL092862	C1	C1_WGS	BRAF	BRAF	chr7.140753336.A.T	SNV	Missense	p.V600E	V/E	600	missense_variant	NM_004333.6	ENST00000646891	1	0.736842105263158	14	19	ENST00000646891.2:c.1799T>A	ENSP00000493543.1:p.Val600Glu	protein_coding	600	TRUE	Hotspot	5	ACH-000750	LOXIMVI	FALSE
SJMEL092872	C1	C1_WGS	BRAF	BRAF	chr7.140753336.A.T	SNV	Missense	p.V600E	V/E	600	missense_variant	NM_004333.6	ENST00000646891	1	0.746031746031746	47	63	ENST00000646891.2:c.1799T>A	ENSP00000493543.1:p.Val600Glu	protein_coding	600	TRUE	Hotspot	5	ACH-000477	MALME3M	TRUE
SJMEL092881	C1	C1_WGS	BRAF	BRAF	chr7.140753336.A.T	SNV	Missense	p.V600E	V/E	600	missense_variant	NM_004333.6	ENST00000646891	1	0.840909090909091	74	88	ENST00000646891.2:c.1799T>A	ENSP00000493543.1:p.Val600Glu	protein_coding	600	TRUE	Hotspot	5	ACH-000450	MELHO	TRUE
SJMEL092906	C1	C1_WGS	BRAF	BRAF	chr7.140753336.A.T	SNV	Missense	p.V600E	V/E	600	missense_variant	NM_004333.6	ENST00000646891	1	0.421052631578947	16	38	ENST00000646891.2:c.1799T>A	ENSP00000493543.1:p.Val600Glu	protein_coding	600	TRUE	Hotspot	5	ACH-002084	MMAC	TRUE
SJMEL092992	C1	C1_WGS	BRAF	BRAF	chr7.140753336.A.T	SNV	Missense	p.V600E	V/E	600	missense_variant	NM_004333.6	ENST00000646891	1	0.76	38	50	ENST00000646891.2:c.1799T>A	ENSP00000493543.1:p.Val600Glu	protein_coding	600	TRUE	Hotspot	5	ACH-001982	NZM3	TRUE
SJMEL093048	C1	C1_WGS	BRAF	BRAF	chr7.140753336.A.T	SNV	Missense	p.V600E	V/E	600	missense_variant	NM_004333.6	ENST00000646891	1	0.891891891891892	33	37	ENST00000646891.2:c.1799T>A	ENSP00000493543.1:p.Val600Glu	protein_coding	600	TRUE	Hotspot	5	ACH-000614	RVH421	TRUE
SJMEL093075	C1	C1_WGS	BRAF	BRAF	chr7.140753336.A.T	SNV	Missense	p.V600E	V/E	600	missense_variant	NM_004333.6	ENST00000646891	1	1	49	49	ENST00000646891.2:c.1799T>A	ENSP00000493543.1:p.Val600Glu	protein_coding	600	TRUE	Hotspot	5	ACH-002005	SKMEL19	TRUE
SJMEL093076	C1	C1_WGS	BRAF	BRAF	chr7.140753336.A.T	SNV	Missense	p.V600E	V/E	600	missense_variant	NM_004333.6	ENST00000646891	1	0.692307692307692	27	39	ENST00000646891.2:c.1799T>A	ENSP00000493543.1:p.Val600Glu	protein_coding	600	TRUE	Hotspot	5	ACH-000822	SKMEL24	TRUE
SJMEL093077	C1	C1_WGS	NRAS	NRAS	chr1.114713909.G.T	SNV	Missense	p.Q61K	Q/K	61	missense_variant	NM_002524.5	ENST00000369535	1	0.571428571428571	28	49	ENST00000369535.5:c.181C>A	ENSP00000358548.4:p.Gln61Lys	protein_coding	61	TRUE	Hotspot	5	ACH-000810	SKMEL30	TRUE
SJMEL093078	C1	C1_WGS	BRAF	BRAF	chr7.140753336.A.T	SNV	Missense	p.V600E	V/E	600	missense_variant	NM_004333.6	ENST00000646891	1	0.414634146341463	17	41	ENST00000646891.2:c.1799T>A	ENSP00000493543.1:p.Val600Glu	protein_coding	600	TRUE	Hotspot	5	ACH-000730	SKMEL5	FALSE
SJMEL093167	C1	C1_WGS	BRAF	BRAF	chr7.140753336.A.T	SNV	Missense	p.V600E	V/E	600	missense_variant	NM_004333.6	ENST00000646891	1	0.466666666666667	7	15	ENST00000646891.2:c.1799T>A	ENSP00000493543.1:p.Val600Glu	protein_coding	600	TRUE	Hotspot	5	ACH-000579	UACC257	TRUE
SJMEL093202	C1	C1_WGS	BRAF	BRAF	chr7.140753336.A.T	SNV	Missense	p.V600E	V/E	600	missense_variant	NM_004333.6	ENST00000646891	1	0.509433962264151	27	53	ENST00000646891.2:c.1799T>A	ENSP00000493543.1:p.Val600Glu	protein_coding	600	TRUE	Hotspot	5	ACH-001704	VMRCMELG	FALSE
SJMEL093203	C1	C1_WGS	KIT	KIT	chr4.54727495.T.C	SNV	Missense	p.L576P	L/P	576	missense_variant	NM_000222.3	ENST00000288135	1	1	55	55	ENST00000288135.6:c.1727T>C	ENSP00000288135.6:p.Leu576Pro	protein_coding	576	FALSE	Missense_Other	4	ACH-002508	WM3211	TRUE
SJMEL093204	C1	C1_WGS	BRAF	BRAF	chr7.140753336.A.T	SNV	Missense	p.V600E	V/E	600	missense_variant	NM_004333.6	ENST00000646891	1	0.988095238095238	83	84	ENST00000646891.2:c.1799T>A	ENSP00000493543.1:p.Val600Glu	protein_coding	600	TRUE	Hotspot	5	ACH-000827	WM793	TRUE
SJMEL093207	C1	C1_WGS	BRAF	BRAF	chr7.140753334.TCAC.TATC	MNV	Missense	p.VK600DK	VK/DK	600	missense_variant	NM_004333.6	ENST00000646891	1	0.612244897959184	30	49	ENST00000646891.2:c.1799_1800delinsAT	ENSP00000493543.1:p.Val600Asp	protein_coding	600	TRUE	Hotspot	5	ACH-001239	WM2664	TRUE
SJMEL093229	C1	C1_WGS	BRAF	BRAF	chr7.140753336.A.T	SNV	Missense	p.V600E	V/E	600	missense_variant	NM_004333.6	ENST00000646891	1	0.588235294117647	30	51	ENST00000646891.2:c.1799T>A	ENSP00000493543.1:p.Val600Glu	protein_coding	600	TRUE	Hotspot	5	ACH-000008	A101D	FALSE
SJMEL093233	C1	C1_WGS	BRAF	BRAF	chr7.140753336.A.T	SNV	Missense	p.V600E	V/E	600	missense_variant	NM_004333.6	ENST00000646891	1	0.44	22	50	ENST00000646891.2:c.1799T>A	ENSP00000493543.1:p.Val600Glu	protein_coding	600	TRUE	Hotspot	5	ACH-000014	HS294T	TRUE
SJMEL093305	C1	C1_WGS	BRAF	BRAF	chr7.140753336.A.T	SNV	Missense	p.V600E	V/E	600	missense_variant	NM_004333.6	ENST00000646891	1	1	15	15	ENST00000646891.2:c.1799T>A	ENSP00000493543.1:p.Val600Glu	protein_coding	600	TRUE	Hotspot	5	ACH-000219	A375	TRUE
SJMEL093346	C1	C1_WGS	BRAF	BRAF	chr7.140753336.A.T	SNV	Missense	p.V600E	V/E	600	missense_variant	NM_004333.6	ENST00000646891	1	0.75	39	52	ENST00000646891.2:c.1799T>A	ENSP00000493543.1:p.Val600Glu	protein_coding	600	TRUE	Hotspot	5	ACH-000304	WM115	TRUE
SJMM076230	C1	C1_WGS	KRAS	KRAS	chr12.25245350.C.G	SNV	Missense	p.G12A	G/A	12	missense_variant	NM_004985.5	ENST00000311936	1	0.5	17	34	ENST00000311936.8:c.35G>C	ENSP00000308495.3:p.Gly12Ala	protein_coding	12	TRUE	Hotspot	5	ACH-000763	MM1S	TRUE
SJMPAL047180	C8	C8_WGS	KRAS	KRAS	chr12.25245277.T.C	SNV	Missense	p.I36M	I/M	36	missense_variant	NM_004985.5	ENST00000311936	1	0.6	12	20	ENST00000311936.8:c.108A>G	ENSP00000308495.3:p.Ile36Met	protein_coding	36	FALSE	Missense_Other	4	ACH-002653	JIH5	FALSE
SJMPNST096709	C1	C1_WGS	PIK3CA	PIK3CA	chr3.179218294.G.A	SNV	Missense	p.E542K	E/K	542	missense_variant	NM_006218.4	ENST00000263967	1	0.379310344827586	11	29	ENST00000263967.4:c.1624G>A	ENSP00000263967.3:p.Glu542Lys	protein_coding	542	TRUE	Hotspot	5	ACH-002802	NCCMPNST3X2C1	FALSE
SJMPNST096709	C1	C1_WGS	PTPN11	PTPN11	chr12.112450385.G.A	SNV	Missense	p.E69K	E/K	69	missense_variant	NM_002834.5	ENST00000351677	1	0.566666666666667	17	30	ENST00000351677.7:c.205G>A	ENSP00000340944.3:p.Glu69Lys	protein_coding	69	FALSE	Missense_Other	4	ACH-002802	NCCMPNST3X2C1	FALSE
SJNBL046414	C20	C20_WGS	NRAS	NRAS	chr1.114713909.G.T	SNV	Missense	p.Q61K	Q/K	61	missense_variant	NM_002524.5	ENST00000369535	1	0.558823529411765	19	34	ENST00000369535.5:c.181C>A	ENSP00000358548.4:p.Gln61Lys	protein_coding	61	TRUE	Hotspot	5			FALSE
SJNBL046419	C1	C1_WGS	ALK	ALK	chr2.29209798.C.T	SNV	Missense	p.R1275Q	R/Q	1275	missense_variant	NM_004304.5	ENST00000389048	1	0.637931034482759	37	58	ENST00000389048.8:c.3824G>A	ENSP00000373700.3:p.Arg1275Gln	protein_coding	1275	TRUE	Hotspot	5	ACH-001303	NB1643	TRUE
SJNBL046420	C6	C6_WGS	ALK	ALK	chr2.29220829.G.T	SNV	Missense	p.F1174L	F/L	1174	missense_variant	NM_004304.5	ENST00000389048	1	0.475	19	40	ENST00000389048.8:c.3522C>A	ENSP00000373700.3:p.Phe1174Leu	protein_coding	1174	TRUE	Hotspot	5	ACH-000259	KELLY	TRUE
SJNBL046424	C22	C22_WGS	PIK3CA	PIK3CA	chr3.179218294.G.A	SNV	Missense	p.E542K	E/K	542	missense_variant	NM_006218.4	ENST00000263967	1	0.693333333333333	52	75	ENST00000263967.4:c.1624G>A	ENSP00000263967.3:p.Glu542Lys	protein_coding	542	TRUE	Hotspot	5			FALSE
SJNBL080355	C1	C1_WGS	MTOR	MTOR	chr1.11253914.C.A	SNV	Missense	p.M255I	M/I	255	missense_variant	NM_004958.4	ENST00000361445	1	0.551724137931034	16	29	ENST00000361445.9:c.765G>T	ENSP00000354558.4:p.Met255Ile	protein_coding	255	FALSE	Missense_Other	4	ACH-001548	LS	TRUE
SJNBL080401	C1B	C1B_WGS	NRAS	NRAS	chr1.114713909.G.T	SNV	Missense	p.Q61K	Q/K	61	missense_variant	NM_002524.5	ENST00000369535	1	0.580645161290323	18	31	ENST00000369535.5:c.181C>A	ENSP00000358548.4:p.Gln61Lys	protein_coding	61	TRUE	Hotspot	5			FALSE
SJNBL080413	C1	C1_WGS	ALK	ALK	chr2.29220829.G.T	SNV	Missense	p.F1174L	F/L	1174	missense_variant	NM_004304.5	ENST00000389048	1	0.549019607843137	28	51	ENST00000389048.8:c.3522C>A	ENSP00000373700.3:p.Phe1174Leu	protein_coding	1174	TRUE	Hotspot	5	ACH-001188	SHSY5Y	TRUE
SJNBL080413	C4	C4_WGS	MTOR	MTOR	chr1.11157255.A.T	SNV	Missense	p.W1456R	W/R	1456	missense_variant	NM_004958.4	ENST00000361445	1	0.46875	30	64	ENST00000361445.9:c.4366T>A	ENSP00000354558.4:p.Trp1456Arg	protein_coding	1456	FALSE	Missense_Other	4			FALSE
SJNBL080413	C4	C4_WGS	NRAS	NRAS	chr1.114709583.C.T	SNV	Missense	p.A146T	A/T	146	missense_variant	NM_002524.5	ENST00000369535	1	0.26	13	50	ENST00000369535.5:c.436G>A	ENSP00000358548.4:p.Ala146Thr	protein_coding	146	TRUE	Hotspot	5			FALSE
SJNBL080792	C1	C1_WGS	ALK	ALK	chr2.29213994.A.C	SNV	Missense	p.F1245V	F/V	1245	missense_variant	NM_004304.5	ENST00000389048	1	0.625	25	40	ENST00000389048.8:c.3733T>G	ENSP00000373700.3:p.Phe1245Val	protein_coding	1245	TRUE	Hotspot	5	ACH-001481	CHLA90	TRUE
SJNBL082857	C1	C1_WGS	ALK	ALK	chr2.29220829.G.T	SNV	Missense	p.F1174L	F/L	1174	missense_variant	NM_004304.5	ENST00000389048	1	0.403846153846154	21	52	ENST00000389048.8:c.3522C>A	ENSP00000373700.3:p.Phe1174Leu	protein_coding	1174	TRUE	Hotspot	5			FALSE
SJNBL082857	C1	C1_WGS	NRAS	NRAS	chr1.114713909.G.T	SNV	Missense	p.Q61K	Q/K	61	missense_variant	NM_002524.5	ENST00000369535	1	0.344827586206897	10	29	ENST00000369535.5:c.181C>A	ENSP00000358548.4:p.Gln61Lys	protein_coding	61	TRUE	Hotspot	5			FALSE
SJNBL083051	C5	C5_WGS	ALK	ALK	chr2.29209798.C.T	SNV	Missense	p.R1275Q	R/Q	1275	missense_variant	NM_004304.5	ENST00000389048	1	0.648648648648649	48	74	ENST00000389048.8:c.3824G>A	ENSP00000373700.3:p.Arg1275Gln	protein_coding	1275	TRUE	Hotspot	5			FALSE
SJNBL083051	C5	C5_WGS	KIT	KIT	chr4.54727220.C.A	SNV	Missense	p.Q515K	Q/K	515	missense_variant,splice_region_variant	NM_000222.3	ENST00000288135	1	0.304347826086957	21	69	ENST00000288135.6:c.1543C>A	ENSP00000288135.6:p.Gln515Lys	protein_coding	515	FALSE	Missense_Other	4			FALSE
SJNBL085488	C1	C1_WGS	MYCN	MYCN	chr2.15942342.AGGAGGAC.AC	Indel	InframeDel	p.EED93D	EED/D	93	inframe_deletion	NM_005378.6	ENST00000281043	1	0.80952380952381	17	21	ENST00000281043.4:c.279_284del	ENSP00000281043.3:p.Glu93_Glu94del	protein_coding	93	FALSE	InframeIndel	3	ACH-002922	SKNMM	TRUE
SJNBL092606	C1	C1_WGS	ALK	ALK	chr2.29209798.C.T	SNV	Missense	p.R1275Q	R/Q	1275	missense_variant	NM_004304.5	ENST00000389048	1	0.576923076923077	15	26	ENST00000389048.8:c.3824G>A	ENSP00000373700.3:p.Arg1275Gln	protein_coding	1275	TRUE	Hotspot	5	ACH-001300	CHLA15	TRUE
SJNBL095911	C1	C1_WGS	FGFR4	FGFR4	chr5.177095592.G.T	SNV	Missense	p.A564S	A/S	564	missense_variant	NM_213647.3	ENST00000292408	1	0.222222222222222	6	27	ENST00000292408.9:c.1690G>T	ENSP00000292408.4:p.Ala564Ser	protein_coding	564	FALSE	Missense_Other	4		COGN669x	FALSE
SJNBL096698	C1	C1_WGS	ALK	ALK	chr2.29209798.C.T	SNV	Missense	p.R1275Q	R/Q	1275	missense_variant	NM_004304.5	ENST00000389048	1	0.371428571428571	13	35	ENST00000389048.8:c.3824G>A	ENSP00000373700.3:p.Arg1275Gln	protein_coding	1275	TRUE	Hotspot	5	ACH-002087	LAN5	FALSE
SJNBL096705	C1	C1_WGS	ALK	ALK	chr2.29220829.G.T	SNV	Missense	p.F1174L	F/L	1174	missense_variant	NM_004304.5	ENST00000389048	1	0.65	26	40	ENST00000389048.8:c.3522C>A	ENSP00000373700.3:p.Phe1174Leu	protein_coding	1174	TRUE	Hotspot	5	ACH-002670	LAN1	FALSE
SJNBL096711	C1	C1_WGS	ALK	ALK	chr2.29220829.G.T	SNV	Missense	p.F1174L	F/L	1174	missense_variant	NM_004304.5	ENST00000389048	1	0.775	31	40	ENST00000389048.8:c.3522C>A	ENSP00000373700.3:p.Phe1174Leu	protein_coding	1174	TRUE	Hotspot	5	ACH-002923	LAI5S	TRUE
SJNBL097687	C1	C1_WGS	FGFR4	FGFR4	chr5.177095592.G.T	SNV	Missense	p.A564S	A/S	564	missense_variant	NM_213647.3	ENST00000292408	1	0.404761904761905	17	42	ENST00000292408.9:c.1690G>T	ENSP00000292408.4:p.Ala564Ser	protein_coding	564	FALSE	Missense_Other	4			FALSE
SJNHL067335	C8	C8_WGS	KIT	KIT	chr4.54698476.G.A	SNV	Missense	p.R177H	R/H	177	missense_variant	NM_000222.3	ENST00000288135	1	0.566037735849057	30	53	ENST00000288135.6:c.530G>A	ENSP00000288135.6:p.Arg177His	protein_coding	177	FALSE	Missense_Other	4			FALSE
SJNHL067335	C8	C8_WGS	PIK3CA	PIK3CA	chr3.179218305.G.T	SNV	Missense	p.E545D	E/D	545	missense_variant	NM_006218.4	ENST00000263967	1	0.492537313432836	33	67	ENST00000263967.4:c.1635G>T	ENSP00000263967.3:p.Glu545Asp	protein_coding	545	TRUE	Hotspot	5			FALSE
SJNHL068303	C1	C1_WGS	MYCN	MYCN	chr2.15942195.C.T	SNV	Missense	p.P44L	P/L	44	missense_variant	NM_005378.6	ENST00000281043	1	0.488888888888889	22	45	ENST00000281043.4:c.131C>T	ENSP00000281043.3:p.Pro44Leu	protein_coding	44	TRUE	Hotspot	5	ACH-000104	LOUCY	FALSE
SJNHL073624	C1	C1_WGS	MYC	MYC	chr8.127738434.ACCC.ATTC	MNV	Missense	p.TP73IP	TP/IP	73	missense_variant	NM_002467.6	ENST00000621592	1	0.470588235294118	16	34	ENST00000621592.8:c.218_219delinsTT	ENSP00000478887.2:p.Thr73Ile	protein_coding	73	FALSE	Missense_Other	4	ACH-000654	RAJI	TRUE
SJNHL076230	C1	C1_WGS	KRAS	KRAS	chr12.25245350.C.G	SNV	Missense	p.G12A	G/A	12	missense_variant	NM_004985.5	ENST00000311936	1	0.483870967741935	15	31	ENST00000311936.8:c.35G>C	ENSP00000308495.3:p.Gly12Ala	protein_coding	12	TRUE	Hotspot	5	ACH-000763	MM1S	TRUE
SJNHL092573	C1	C1_WGS	MYC	MYC	chr8.127738435.C.T	SNV	Missense	p.T73I	T/I	73	missense_variant	NM_002467.6	ENST00000621592	1	0.488372093023256	21	43	ENST00000621592.8:c.218C>T	ENSP00000478887.2:p.Thr73Ile	protein_coding	73	FALSE	Missense_Other	4	ACH-000402	BL70	TRUE
SJNHL092596	C1	C1_WGS	NRAS	NRAS	chr1.114713909.G.T	SNV	Missense	p.Q61K	Q/K	61	missense_variant	NM_002524.5	ENST00000369535	1	0.5	9	18	ENST00000369535.5:c.181C>A	ENSP00000358548.4:p.Gln61Lys	protein_coding	61	TRUE	Hotspot	5	ACH-001097	KARPAS384	FALSE
SJNHL092623	C1	C1_WGS	FLT3	FLT3	chr13.28018516.C.T	SNV	Missense	p.G831E	G/E	831	missense_variant	NM_004119.3	ENST00000241453	1	0.576923076923077	30	52	ENST00000241453.12:c.2492G>A	ENSP00000241453.7:p.Gly831Glu	protein_coding	831	FALSE	Missense_Other	4	ACH-001737	CTV1DM	TRUE
SJNHL092638	C1	C1_WGS	EGFR	EGFR	chr7.55143387.G.A	SNV	Missense	p.R108K	R/K	108	missense_variant	NM_005228.5	ENST00000275493	1	0.375	27	72	ENST00000275493.7:c.323G>A	ENSP00000275493.2:p.Arg108Lys	protein_coding	108	FALSE	Missense_Other	4	ACH-002215	BC3	TRUE
SJNHL092688	C1	C1_WGS	HIST1H3B	HIST1H3B	chr6.26031978.T.A	SNV	Missense	p.K28M	K/M	28	missense_variant	NM_003537.4	ENST00000621411	1	0.527272727272727	29	55	ENST00000621411.3:c.83A>T	ENSP00000484841.2:p.Lys28Met	protein_coding	28	FALSE	Missense_Other	4	ACH-001057	DERL2	FALSE
SJNHL092706	C1	C1_WGS	MYC	MYC	chr8.127738346.G.T	SNV	Missense	p.E43D	E/D	43	missense_variant	NM_002467.6	ENST00000621592	1	0.525	21	40	ENST00000621592.8:c.129G>T	ENSP00000478887.2:p.Glu43Asp	protein_coding	43	FALSE	Missense_Other	4	ACH-000697	A3KAW	TRUE
SJNHL092782	C1	C1_WGS	NRAS	NRAS	chr1.114713909.G.T	SNV	Missense	p.Q61K	Q/K	61	missense_variant	NM_002524.5	ENST00000369535	1	0.434782608695652	10	23	ENST00000369535.5:c.181C>A	ENSP00000358548.4:p.Gln61Lys	protein_coding	61	TRUE	Hotspot	5	ACH-000509	HUT78	FALSE
SJNHL092796	C1	C1_WGS	NRAS	NRAS	chr1.114713909.G.T	SNV	Missense	p.Q61K	Q/K	61	missense_variant	NM_002524.5	ENST00000369535	1	0.0784313725490196	4	51	ENST00000369535.5:c.181C>A	ENSP00000358548.4:p.Gln61Lys	protein_coding	61	TRUE	Hotspot	5	ACH-000653	JJN3	TRUE
SJNHL092812	C1	C1_WGS	KRAS	KRAS	chr12.25245360.C.T	SNV	Missense	p.V9I	V/I	9	missense_variant	NM_004985.5	ENST00000311936	1	0.13953488372093	6	43	ENST00000311936.8:c.25G>A	ENSP00000308495.3:p.Val9Ile	protein_coding	9	FALSE	Missense_Other	4	ACH-000889	KMM1	TRUE
SJNHL092812	C1	C1_WGS	MYC	MYC	chr8.127738495.C.G	SNV	Missense	p.T93R	T/R	93	missense_variant	NM_002467.6	ENST00000621592	1	0.372093023255814	16	43	ENST00000621592.8:c.278C>G	ENSP00000478887.2:p.Thr93Arg	protein_coding	93	FALSE	Missense_Other	4	ACH-000889	KMM1	TRUE
SJNHL092812	C1	C1_WGS	NRAS	NRAS	chr1.114716123.C.T	SNV	Missense	p.G13D	G/D	13	missense_variant	NM_002524.5	ENST00000369535	1	1	18	18	ENST00000369535.5:c.38G>A	ENSP00000358548.4:p.Gly13Asp	protein_coding	13	TRUE	Hotspot	5	ACH-000889	KMM1	TRUE
SJNHL092815	C1	C1_WGS	NRAS	NRAS	chr1.114713908.T.C	SNV	Missense	p.Q61R	Q/R	61	missense_variant	NM_002524.5	ENST00000369535	1	0.409090909090909	9	22	ENST00000369535.5:c.182A>G	ENSP00000358548.4:p.Gln61Arg	protein_coding	61	TRUE	Hotspot	5	ACH-000576	KMS27	TRUE
SJNHL092820	C1	C1_WGS	KRAS	KRAS	chr12.25245351.C.T	SNV	Missense	p.G12S	G/S	12	missense_variant	NM_004985.5	ENST00000311936	1	1	44	44	ENST00000311936.8:c.34G>A	ENSP00000308495.3:p.Gly12Ser	protein_coding	12	TRUE	Hotspot	5	ACH-000426	KMS20	TRUE
SJNHL092820	C1	C1_WGS	PTPN11	PTPN11	chr12.112489081.C.T	SNV	Missense	p.S502L	S/L	502	missense_variant	NM_002834.5	ENST00000351677	1	0.430769230769231	28	65	ENST00000351677.7:c.1505C>T	ENSP00000340944.3:p.Ser502Leu	protein_coding	502	FALSE	Missense_Other	4	ACH-000426	KMS20	TRUE
SJNHL092843	C1	C1_WGS	HIST1H3B	HIST1H3B	chr6.26031910.C.T	SNV	Missense	p.E51K	E/K	51	missense_variant	NM_003537.4	ENST00000621411	1	0.380952380952381	16	42	ENST00000621411.3:c.151G>A	ENSP00000484841.2:p.Glu51Lys	protein_coding	51	FALSE	Missense_Other	4	ACH-001068	FEPD	FALSE
SJNHL093046	C1	C1_WGS	EGFR	EGFR	chr7.55174789.C.T	SNV	Missense	p.T751I	T/I	751	missense_variant	NM_005228.5	ENST00000275493	1	0.142857142857143	7	49	ENST00000275493.7:c.2252C>T	ENSP00000275493.2:p.Thr751Ile	protein_coding	751	FALSE	Missense_Other	4	ACH-000817	RPMI8226	TRUE
SJNHL093046	C1	C1_WGS	KRAS	KRAS	chr12.25245350.C.G	SNV	Missense	p.G12A	G/A	12	missense_variant	NM_004985.5	ENST00000311936	1	0.758620689655172	22	29	ENST00000311936.8:c.35G>C	ENSP00000308495.3:p.Gly12Ala	protein_coding	12	TRUE	Hotspot	5	ACH-000817	RPMI8226	TRUE
SJNHL093200	C1	C1_WGS	MYC	MYC	chr8.127738440.C.G	SNV	Missense	p.P75A	P/A	75	missense_variant	NM_002467.6	ENST00000621592	1	0.476190476190476	20	42	ENST00000621592.8:c.223C>G	ENSP00000478887.2:p.Pro75Ala	protein_coding	75	FALSE	Missense_Other	4	ACH-001703	VAL	FALSE
SJNHL093252	C1	C1_WGS	NRAS	NRAS	chr1.114716123.C.T	SNV	Missense	p.G13D	G/D	13	missense_variant	NM_002524.5	ENST00000369535	1	0.521739130434783	12	23	ENST00000369535.5:c.38G>A	ENSP00000358548.4:p.Gly13Asp	protein_coding	13	TRUE	Hotspot	5	ACH-000050	NCIH929	FALSE
SJNHL093293	C1	C1_WGS	NRAS	NRAS	chr1.114713907.T.G	SNV	Missense	p.Q61H	Q/H	61	missense_variant	NM_002524.5	ENST00000369535	1	1	18	18	ENST00000369535.5:c.183A>C	ENSP00000358548.4:p.Gln61His	protein_coding	61	TRUE	Hotspot	5	ACH-000183	L363	TRUE
SJNHL093293	C1	C1_WGS	PIK3CA	PIK3CA	chr3.179218303.G.A	SNV	Missense	p.E545K	E/K	545	missense_variant	NM_006218.4	ENST00000263967	1	0.3125	25	80	ENST00000263967.4:c.1633G>A	ENSP00000263967.3:p.Glu545Lys	protein_coding	545	TRUE	Hotspot	5	ACH-000183	L363	TRUE
SJNKCLL064621	C1	C1_WGS	IDH1	IDH1	chr2.208248388.C.T	SNV	Missense	p.R132H	R/H	132	missense_variant	NM_005896.4	ENST00000345146	1	1	34	34	ENST00000345146.7:c.395G>A	ENSP00000260985.2:p.Arg132His	protein_coding	132	TRUE	Hotspot	5	ACH-001143	NKL	FALSE
SJNKCLL064622	C1	C1_WGS	KRAS	KRAS	chr12.25245350.C.G	SNV	Missense	p.G12A	G/A	12	missense_variant	NM_004985.5	ENST00000311936	1	0.565217391304348	26	46	ENST00000311936.8:c.35G>C	ENSP00000308495.3:p.Gly12Ala	protein_coding	12	TRUE	Hotspot	5	ACH-001100	KHYG1	FALSE
SJNORM092583	C2	C2_WGS	NRAS	NRAS	chr1.114713909.G.T	SNV	Missense	p.Q61K	Q/K	61	missense_variant	NM_002524.5	ENST00000369535	1	0.454545454545455	15	33	ENST00000369535.5:c.181C>A	ENSP00000358548.4:p.Gln61Lys	protein_coding	61	TRUE	Hotspot	5			FALSE
SJNORM093041	C1	C1_WGS	KRAS	KRAS	chr12.25245358.AA.AGCTCCAA	Indel	InframeIns	p.V9VGA	V/VGA	9	inframe_insertion	NM_004985.5	ENST00000311936	1	1	32	32	ENST00000311936.8:c.30_35dup	ENSP00000308495.3:p.Gly13_Val14insAlaGly	protein_coding	9	FALSE	InframeIndel	3	ACH-002465	RPE1SS119	TRUE
SJNORM093044	C1	C1_WGS	KRAS	KRAS	chr12.25225628.C.G	SNV	Missense	p.A146P	A/P	146	missense_variant	NM_004985.5	ENST00000311936	1	0.41025641025641	16	39	ENST00000311936.8:c.436G>C	ENSP00000308495.3:p.Ala146Pro	protein_coding	146	TRUE	Hotspot	5	ACH-002464	RPE1SS6	TRUE
SJNORM093045	C1	C1_WGS	KRAS	KRAS	chr12.25245358.AA.AGCTCCAA	Indel	InframeIns	p.V9VGA	V/VGA	9	inframe_insertion	NM_004985.5	ENST00000311936	1	0.5	10	20	ENST00000311936.8:c.30_35dup	ENSP00000308495.3:p.Gly13_Val14insAlaGly	protein_coding	9	FALSE	InframeIndel	3	ACH-002463	RPE1SS77	TRUE
SJNSCLC093244	C1	C1_WGS	EGFR	EGFR	chr7.55174771.AGGAATTAAGAGAAGCA.AA	Indel	InframeDel	p.KELREA745K	KELREA/K	745	inframe_deletion	NM_005228.5	ENST00000275493	1	0.609375	39	64	ENST00000275493.7:c.2235_2249del	ENSP00000275493.2:p.Glu746_Ala750del	protein_coding	745	FALSE	InframeIndel	3	ACH-000035	NCIH1650	TRUE
SJNSCLC093319	C1	C1_WGS	KRAS	KRAS	chr12.25245350.C.A	SNV	Missense	p.G12V	G/V	12	missense_variant	NM_004985.5	ENST00000311936	1	0.830409356725146	142	171	ENST00000311936.8:c.35G>T	ENSP00000308495.3:p.Gly12Val	protein_coding	12	TRUE	Hotspot	5	ACH-000251	NCIH2887	TRUE
SJOS048100	C4	C4_WGS	H3F3A	H3F3A	chr1.226064456.GGT.GTTTCT	Indel	InframeOther	p.V36FL	V/FL	36	protein_altering_variant	NM_002107.7	ENST00000366815	1	0.894736842105263	17	19	ENST00000366815.10:c.106delinsTTTC	ENSP00000355780.3:p.Val36delinsPheLeu	protein_coding	36	FALSE	InframeIndel	3	ACH-000364	U2OS	TRUE
SJOS048100	C5	C5_WGS	CTNNB1	CTNNB1	chr3.41235723.G.A	SNV	Splice	""	""		splice_acceptor_variant	NM_001904.4	ENST00000349496	1	0.411764705882353	14	34	ENST00000349496.11:c.1684-1G>A	""	protein_coding		FALSE	Truncating	2			FALSE
SJOS080407	C1	C1_WGS	KRAS	KRAS	chr12.25227341.T.A	SNV	Missense	p.Q61H	Q/H	61	missense_variant	NM_004985.5	ENST00000311936	1	0.048780487804878	2	41	ENST00000311936.8:c.183A>T	ENSP00000308495.3:p.Gln61His	protein_coding	61	TRUE	Hotspot	5	ACH-000748	SJSA1	TRUE
SJOS080407	C1	C1_WGS	NRAS	NRAS	chr1.114713909.G.T	SNV	Missense	p.Q61K	Q/K	61	missense_variant	NM_002524.5	ENST00000369535	1	0.102564102564103	4	39	ENST00000369535.5:c.181C>A	ENSP00000358548.4:p.Gln61Lys	protein_coding	61	TRUE	Hotspot	5	ACH-000748	SJSA1	TRUE
SJOS080410	C1	C1_WGS	KRAS	KRAS	chr12.25227349.C.T	SNV	Missense	p.A59T	A/T	59	missense_variant	NM_004985.5	ENST00000311936	1	0.147058823529412	5	34	ENST00000311936.8:c.175G>A	ENSP00000308495.3:p.Ala59Thr	protein_coding	59	FALSE	Missense_Other	4	ACH-001001	143B	TRUE
SJOS092604	C2	C2_WGS	CTNNB1	CTNNB1	chr3.41224611.TGGA.TTTA	MNV	Missense	p.SG33SL	SG/SL	33	missense_variant	NM_001904.4	ENST00000349496	1	0.666666666666667	32	48	ENST00000349496.11:c.100_101delinsTT	ENSP00000344456.5:p.Gly34Leu	protein_coding	33	TRUE	Hotspot	5			FALSE
SJOS094066	C1	C1_WGS	H3F3A	H3F3A	chr1.226064454.G.T	SNV	Missense	p.G35W	G/W	35	missense_variant	NM_002107.7	ENST00000366815	1	0.5	15	30	ENST00000366815.10:c.103G>T	ENSP00000355780.3:p.Gly35Trp	protein_coding	35	TRUE	Hotspot	5	ACH-003176	NRHGCT1	TRUE
SJOS094066	C1	C1_WGS	NRAS	NRAS	chr1.114713909.G.T	SNV	Missense	p.Q61K	Q/K	61	missense_variant	NM_002524.5	ENST00000369535	1	0.434782608695652	10	23	ENST00000369535.5:c.181C>A	ENSP00000358548.4:p.Gln61Lys	protein_coding	61	TRUE	Hotspot	5	ACH-003176	NRHGCT1	TRUE
SJOS096707	C1	C1_WGS	PIK3CA	PIK3CA	chr3.179234297.A.G	SNV	Missense	p.H1047R	H/R	1047	missense_variant	NM_006218.4	ENST00000263967	1	0.465116279069767	20	43	ENST00000263967.4:c.3140A>G	ENSP00000263967.3:p.His1047Arg	protein_coding	1047	TRUE	Hotspot	5	ACH-002779	NCCESOS1C1	FALSE
SJPML064609	C1B	C1B_WGS	KRAS	KRAS	chr12.25245332.G.T	SNV	Missense	p.A18D	A/D	18	missense_variant	NM_004985.5	ENST00000311936	1	0.786666666666667	59	75	ENST00000311936.8:c.53C>A	ENSP00000308495.3:p.Ala18Asp	protein_coding	18	FALSE	Missense_Other	4			FALSE
SJPRAD092693	C1	C1_WGS	BRAF	BRAF	chr7.140753345.A.C	SNV	Missense	p.L597R	L/R	597	missense_variant	NM_004333.6	ENST00000646891	1	0.3	6	20	ENST00000646891.2:c.1790T>G	ENSP00000493543.1:p.Leu597Arg	protein_coding	597	TRUE	Hotspot	5	ACH-000956	22RV1	TRUE
SJPRAD092693	C1	C1_WGS	PIK3CA	PIK3CA	chr3.179218307.A.G	SNV	Missense	p.Q546R	Q/R	546	missense_variant	NM_006218.4	ENST00000263967	1	0.6	12	20	ENST00000263967.4:c.1637A>G	ENSP00000263967.3:p.Gln546Arg	protein_coding	546	TRUE	Hotspot	5	ACH-000956	22RV1	TRUE
SJPRAD092854	C1	C1_WGS	MYC	MYC	chr8.127738351.A.G	SNV	Missense	p.N45S	N/S	45	missense_variant	NM_002467.6	ENST00000621592	1	0.558823529411765	19	34	ENST00000621592.8:c.134A>G	ENSP00000478887.2:p.Asn45Ser	protein_coding	45	FALSE	Missense_Other	4	ACH-000977	LNCAPCLONEFGC	TRUE
SJRCC092640	C1	C1_WGS	PIK3CA	PIK3CA	chr3.179218303.G.A	SNV	Missense	p.E545K	E/K	545	missense_variant	NM_006218.4	ENST00000263967	1	0.588235294117647	20	34	ENST00000263967.4:c.1633G>A	ENSP00000263967.3:p.Glu545Lys	protein_coding	545	TRUE	Hotspot	5	ACH-000792	BFTC909	TRUE
SJRHB092562	C2B	C2B_WGS	NRAS	NRAS	chr1.114713907.T.A	SNV	Missense	p.Q61H	Q/H	61	missense_variant	NM_002524.5	ENST00000369535	1	0.758620689655172	44	58	ENST00000369535.5:c.183A>T	ENSP00000358548.4:p.Gln61His	protein_coding	61	TRUE	Hotspot	5			FALSE
SJRHB092566	C1	C1_WGS	HRAS	HRAS	chr11.533875.G.T	SNV	Missense	p.Q61K	Q/K	61	missense_variant	NM_005343.4	ENST00000311189	1	1	54	54	ENST00000311189.8:c.181C>A	ENSP00000309845.7:p.Gln61Lys	protein_coding	61	TRUE	Hotspot	5	ACH-001196	SMSCTR	TRUE
SJRHB096732	C1	C1_WGS	HRAS	HRAS	chr11.534286.C.G	SNV	Missense	p.G13R	G/R	13	missense_variant	NM_005343.4	ENST00000311189	1	1	44	44	ENST00000311189.8:c.37G>C	ENSP00000309845.7:p.Gly13Arg	protein_coding	13	TRUE	Hotspot	5	ACH-003497	CCLFPEDS0060T	FALSE
SJRHB096732	C1	C1_WGS	PIK3CA	PIK3CA	chr3.179234297.A.G	SNV	Missense	p.H1047R	H/R	1047	missense_variant	NM_006218.4	ENST00000263967	1	0.379310344827586	11	29	ENST00000263967.4:c.3140A>G	ENSP00000263967.3:p.His1047Arg	protein_coding	1047	TRUE	Hotspot	5	ACH-003497	CCLFPEDS0060T	FALSE
SJSCLC080460	C2	C2_WGS	CTNNB1	CTNNB1	chr3.41224529.A.G	SNV	Missense	p.D6G	D/G	6	missense_variant	NM_001904.4	ENST00000349496	1	1	15	15	ENST00000349496.11:c.17A>G	ENSP00000344456.5:p.Asp6Gly	protein_coding	6	FALSE	Missense_Other	4	ACH-000514	NCIH1092	TRUE
SJSCLC092675	C1	C1_WGS	KRAS	KRAS	chr12.25245350.C.A	SNV	Missense	p.G12V	G/V	12	missense_variant	NM_004985.5	ENST00000311936	1	1	31	31	ENST00000311936.8:c.35G>T	ENSP00000308495.3:p.Gly12Val	protein_coding	12	TRUE	Hotspot	5	ACH-000803	COLO668	FALSE
SJSCLC092916	C1	C1_WGS	PIK3CA	PIK3CA	chr3.179234297.A.G	SNV	Missense	p.H1047R	H/R	1047	missense_variant	NM_006218.4	ENST00000263967	1	0.5	6	12	ENST00000263967.4:c.3140A>G	ENSP00000263967.3:p.His1047Arg	protein_coding	1047	TRUE	Hotspot	5	ACH-000866	NCIH1048	TRUE
SJSCLC092946	C1	C1_WGS	PTPN11	PTPN11	chr12.112450407.A.G	SNV	Missense	p.E76G	E/G	76	missense_variant	NM_002834.5	ENST00000351677	1	0.291666666666667	21	72	ENST00000351677.7:c.227A>G	ENSP00000340944.3:p.Glu76Gly	protein_coding	76	TRUE	Hotspot	5	ACH-000639	NCIH211	TRUE
SJSCLC092977	C1	C1_WGS	MYC	MYC	chr8.127738585.G.A	SNV	Missense	p.G123E	G/E	123	missense_variant	NM_002467.6	ENST00000621592	1	0.526315789473684	20	38	ENST00000621592.8:c.368G>A	ENSP00000478887.2:p.Gly123Glu	protein_coding	123	FALSE	Missense_Other	4	ACH-000358	NCIH69	FALSE
SJSCLC092977	C1	C1_WGS	PIK3CA	PIK3CA	chr3.179199141.GGCAACCGTGA.GA	Indel	InframeDel	p.GNRE106E	GNRE/E	106	inframe_deletion	NM_006218.4	ENST00000263967	1	0.394736842105263	15	38	ENST00000263967.4:c.317_325del	ENSP00000263967.3:p.Gly106_Arg108del	protein_coding	106	FALSE	InframeIndel	3	ACH-000358	NCIH69	FALSE
SJSCLC093065	C1	C1_WGS	KRAS	KRAS	chr12.25245350.C.A	SNV	Missense	p.G12V	G/V	12	missense_variant	NM_004985.5	ENST00000311936	1	1	36	36	ENST00000311936.8:c.35G>T	ENSP00000308495.3:p.Gly12Val	protein_coding	12	TRUE	Hotspot	5	ACH-000790	SHP77	TRUE
SJSCLC093133	C1	C1_WGS	NRAS	NRAS	chr1.114713908.T.C	SNV	Missense	p.Q61R	Q/R	61	missense_variant	NM_002524.5	ENST00000369535	1	1	19	19	ENST00000369535.5:c.182A>G	ENSP00000358548.4:p.Gln61Arg	protein_coding	61	TRUE	Hotspot	5	ACH-000890	SW1271	TRUE
SJSCLC093276	C1	C1_WGS	PIK3CA	PIK3CA	chr3.179218294.G.A	SNV	Missense	p.E542K	E/K	542	missense_variant	NM_006218.4	ENST00000263967	1	0.833333333333333	10	12	ENST00000263967.4:c.1624G>A	ENSP00000263967.3:p.Glu542Lys	protein_coding	542	TRUE	Hotspot	5	ACH-000129	NCIH1341	FALSE
SJSS092604	C1	C1_WGS	CTNNB1	CTNNB1	chr3.41224613.G.T	SNV	Missense	p.G34V	G/V	34	missense_variant	NM_001904.4	ENST00000349496	1	0.681818181818182	30	44	ENST00000349496.11:c.101G>T	ENSP00000344456.5:p.Gly34Val	protein_coding	34	TRUE	Hotspot	5	ACH-001275	SYO1	TRUE
SJST047885	C1	C1_WGS	KRAS	KRAS	chr12.25245351.C.A	SNV	Missense	p.G12C	G/C	12	missense_variant	NM_004985.5	ENST00000311936	1	1	51	51	ENST00000311936.8:c.34G>T	ENSP00000308495.3:p.Gly12Cys	protein_coding	12	TRUE	Hotspot	5	ACH-000601	MIAPACA2	TRUE
SJST080351	C3	C3_WGS	HRAS	HRAS	chr11.533812.A.G	SNV	Missense	p.F82L	F/L	82	missense_variant	NM_005343.4	ENST00000311189	1	0.478260869565217	11	23	ENST00000311189.8:c.244T>C	ENSP00000309845.7:p.Phe82Leu	protein_coding	82	FALSE	Missense_Other	4	ACH-000940	AN3CA	FALSE
SJST080355	C1	C1_WGS	KRAS	KRAS	chr12.25245350.C.T	SNV	Missense	p.G12D	G/D	12	missense_variant	NM_004985.5	ENST00000311936	1	0.525	21	40	ENST00000311936.8:c.35G>A	ENSP00000308495.3:p.Gly12Asp	protein_coding	12	TRUE	Hotspot	5	ACH-000007	LS513	TRUE
SJST080355	C1B	C1B_WGS	MTOR	MTOR	chr1.11253914.C.A	SNV	Missense	p.M255I	M/I	255	missense_variant	NM_004958.4	ENST00000361445	1	0.551724137931034	16	29	ENST00000361445.9:c.765G>T	ENSP00000354558.4:p.Met255Ile	protein_coding	255	FALSE	Missense_Other	4			FALSE
SJST080358	C2	C2_WGS	MYC	MYC	chr8.127738585.G.A	SNV	Missense	p.G123E	G/E	123	missense_variant	NM_002467.6	ENST00000621592	1	0.48780487804878	20	41	ENST00000621592.8:c.368G>A	ENSP00000478887.2:p.Gly123Glu	protein_coding	123	FALSE	Missense_Other	4	ACH-000358	NCIH69	FALSE
SJST080358	C2	C2_WGS	PIK3CA	PIK3CA	chr3.179199141.GGCAACCGTGA.GA	Indel	InframeDel	p.GNRE106E	GNRE/E	106	inframe_deletion	NM_006218.4	ENST00000263967	1	0.411764705882353	14	34	ENST00000263967.4:c.317_325del	ENSP00000263967.3:p.Gly106_Arg108del	protein_coding	106	FALSE	InframeIndel	3	ACH-000358	NCIH69	FALSE
SJST080457	C2	C2_WGS	BRAF	BRAF	chr7.140753336.A.T	SNV	Missense	p.V600E	V/E	600	missense_variant	NM_004333.6	ENST00000646891	1	0.540983606557377	33	61	ENST00000646891.2:c.1799T>A	ENSP00000493543.1:p.Val600Glu	protein_coding	600	TRUE	Hotspot	5	ACH-000906	ES2	TRUE
SJST080471	C2	C2_WGS	AKT1	AKT1	chr14.104780111.G.A	SNV	Missense	p.P51L	P/L	51	missense_variant	NM_001382430.1	ENST00000649815	1	0.409090909090909	9	22	ENST00000649815.2:c.152C>T	ENSP00000497822.1:p.Pro51Leu	protein_coding	51	FALSE	Missense_Other	4	ACH-000777	KYSE30	TRUE
SJST080471	C2	C2_WGS	HRAS	HRAS	chr11.533874.T.A	SNV	Missense	p.Q61L	Q/L	61	missense_variant	NM_005343.4	ENST00000311189	1	0.67741935483871	21	31	ENST00000311189.8:c.182A>T	ENSP00000309845.7:p.Gln61Leu	protein_coding	61	TRUE	Hotspot	5	ACH-000777	KYSE30	TRUE
SJST092639	C1	C1_WGS	BRAF	BRAF	chr7.140753336.A.T	SNV	Missense	p.V600E	V/E	600	missense_variant	NM_004333.6	ENST00000646891	1	1	24	24	ENST00000646891.2:c.1799T>A	ENSP00000493543.1:p.Val600Glu	protein_coding	600	TRUE	Hotspot	5	ACH-000456	BCPAP	TRUE
SJST092665	C1	C1_WGS	KRAS	KRAS	chr12.25245350.C.A	SNV	Missense	p.G12V	G/V	12	missense_variant	NM_004985.5	ENST00000311936	1	1	23	23	ENST00000311936.8:c.35G>T	ENSP00000308495.3:p.Gly12Val	protein_coding	12	TRUE	Hotspot	5	ACH-000354	CAPAN1	TRUE
SJST092670	C1	C1_WGS	KRAS	KRAS	chr12.25245350.C.T	SNV	Missense	p.G12D	G/D	12	missense_variant	NM_004985.5	ENST00000311936	1	1	56	56	ENST00000311936.8:c.35G>A	ENSP00000308495.3:p.Gly12Asp	protein_coding	12	TRUE	Hotspot	5	ACH-002647	CCC5	TRUE
SJST092682	C1	C1_WGS	KRAS	KRAS	chr12.25245350.C.A	SNV	Missense	p.G12V	G/V	12	missense_variant	NM_004985.5	ENST00000311936	1	1	498	498	ENST00000311936.8:c.35G>T	ENSP00000308495.3:p.Gly12Val	protein_coding	12	TRUE	Hotspot	5	ACH-000662	CORL23	TRUE
SJST092696	C1	C1_WGS	BRAF	BRAF	chr7.140753336.A.T	SNV	Missense	p.V600E	V/E	600	missense_variant	NM_004333.6	ENST00000646891	1	0.592592592592593	16	27	ENST00000646891.2:c.1799T>A	ENSP00000493543.1:p.Val600Glu	protein_coding	600	TRUE	Hotspot	5	ACH-001306	8305C	TRUE
SJST092697	C1	C1_WGS	BRAF	BRAF	chr7.140753336.A.T	SNV	Missense	p.V600E	V/E	600	missense_variant	NM_004333.6	ENST00000646891	1	1	23	23	ENST00000646891.2:c.1799T>A	ENSP00000493543.1:p.Val600Glu	protein_coding	600	TRUE	Hotspot	5	ACH-001307	8505C	TRUE
SJST092704	C1	C1_WGS	PIK3CA	PIK3CA	chr3.179204536.G.A	SNV	Missense	p.E365K	E/K	365	missense_variant	NM_006218.4	ENST00000263967	1	0.484848484848485	16	33	ENST00000263967.4:c.1093G>A	ENSP00000263967.3:p.Glu365Lys	protein_coding	365	FALSE	Missense_Other	4	ACH-000657	A2780	TRUE
SJST092708	C1	C1_WGS	CTNNB1	CTNNB1	chr3.41224613.G.A	SNV	Missense	p.G34E	G/E	34	missense_variant	NM_001904.4	ENST00000349496	1	0.653846153846154	17	26	ENST00000349496.11:c.101G>A	ENSP00000344456.5:p.Gly34Glu	protein_coding	34	TRUE	Hotspot	5	ACH-000880	AGS	TRUE
SJST092708	C1	C1_WGS	KRAS	KRAS	chr12.25245350.C.T	SNV	Missense	p.G12D	G/D	12	missense_variant	NM_004985.5	ENST00000311936	1	0.40625	13	32	ENST00000311936.8:c.35G>A	ENSP00000308495.3:p.Gly12Asp	protein_coding	12	TRUE	Hotspot	5	ACH-000880	AGS	TRUE
SJST092708	C1	C1_WGS	PIK3CA	PIK3CA	chr3.179218304.A.C	SNV	Missense	p.E545A	E/A	545	missense_variant	NM_006218.4	ENST00000263967	1	0.615384615384615	8	13	ENST00000263967.4:c.1634A>C	ENSP00000263967.3:p.Glu545Ala	protein_coding	545	TRUE	Hotspot	5	ACH-000880	AGS	TRUE
SJST092713	C1	C1_WGS	HRAS	HRAS	chr11.534286.C.T	SNV	Missense	p.G13S	G/S	13	missense_variant	NM_005343.4	ENST00000311189	1	0.555555555555556	20	36	ENST00000311189.8:c.37G>A	ENSP00000309845.7:p.Gly13Ser	protein_coding	13	TRUE	Hotspot	5	ACH-001509	H357	TRUE
SJST092740	C1	C1_WGS	KRAS	KRAS	chr12.25245350.C.T	SNV	Missense	p.G12D	G/D	12	missense_variant	NM_004985.5	ENST00000311936	1	0.46875	15	32	ENST00000311936.8:c.35G>A	ENSP00000308495.3:p.Gly12Asp	protein_coding	12	TRUE	Hotspot	5	ACH-000954	HEC1A	FALSE
SJST092740	C1	C1_WGS	PIK3CA	PIK3CA	chr3.179234302.G.C	SNV	Missense	p.G1049R	G/R	1049	missense_variant	NM_006218.4	ENST00000263967	1	0.660714285714286	37	56	ENST00000263967.4:c.3145G>C	ENSP00000263967.3:p.Gly1049Arg	protein_coding	1049	FALSE	Missense_Other	4	ACH-000954	HEC1A	FALSE
SJST092741	C1	C1_WGS	PIK3CA	PIK3CA	chr3.179234286.G.T	SNV	Missense	p.M1043I	M/I	1043	missense_variant	NM_006218.4	ENST00000263967	1	0.441176470588235	30	68	ENST00000263967.4:c.3129G>T	ENSP00000263967.3:p.Met1043Ile	protein_coding	1043	TRUE	Hotspot	5	ACH-000996	HEC251	TRUE
SJST092742	C1	C1_WGS	CTNNB1	CTNNB1	chr3.41224607.A.T	SNV	Missense	p.D32V	D/V	32	missense_variant	NM_001904.4	ENST00000349496	1	0.758620689655172	22	29	ENST00000349496.11:c.95A>T	ENSP00000344456.5:p.Asp32Val	protein_coding	32	TRUE	Hotspot	5	ACH-000946	HEC265	TRUE
SJST092742	C1	C1_WGS	SMO	SMO	chr7.129212167.CCT.CT	Indel	Frameshift	p.P694X	P/X	694	frameshift_variant	NM_005631.5	ENST00000249373	1	0.516129032258065	16	31	ENST00000249373.8:c.2081del	ENSP00000249373.3:p.Pro694LeufsTer82	protein_coding	694	FALSE	Truncating	2	ACH-000946	HEC265	TRUE
SJST092743	C1	C1_WGS	AKT1	AKT1	chr14.104780145.C.T	SNV	Missense	p.E40K	E/K	40	missense_variant	NM_001382430.1	ENST00000649815	1	1	30	30	ENST00000649815.2:c.118G>A	ENSP00000497822.1:p.Glu40Lys	protein_coding	40	FALSE	Missense_Other	4	ACH-000831	HEC50B	TRUE
SJST092743	C1	C1_WGS	KRAS	KRAS	chr12.25245350.C.T	SNV	Missense	p.G12D	G/D	12	missense_variant	NM_004985.5	ENST00000311936	1	1	63	63	ENST00000311936.8:c.35G>A	ENSP00000308495.3:p.Gly12Asp	protein_coding	12	TRUE	Hotspot	5	ACH-000831	HEC50B	TRUE
SJST092750	C1	C1_WGS	BRAF	BRAF	chr7.140781617.C.T	SNV	Missense	p.G464E	G/E	464	missense_variant	NM_004333.6	ENST00000646891	1	1	23	23	ENST00000646891.2:c.1391G>A	ENSP00000493543.1:p.Gly464Glu	protein_coding	464	FALSE	Missense_Other	4	ACH-000542	HEYA8	TRUE
SJST092750	C1	C1_WGS	KRAS	KRAS	chr12.25245350.C.T	SNV	Missense	p.G12D	G/D	12	missense_variant	NM_004985.5	ENST00000311936	1	0.532258064516129	33	62	ENST00000311936.8:c.35G>A	ENSP00000308495.3:p.Gly12Asp	protein_coding	12	TRUE	Hotspot	5	ACH-000542	HEYA8	TRUE
SJST092751	C1	C1_WGS	PIK3CA	PIK3CA	chr3.179218294.G.A	SNV	Missense	p.E542K	E/K	542	missense_variant	NM_006218.4	ENST00000263967	1	0.777777777777778	7	9	ENST00000263967.4:c.1624G>A	ENSP00000263967.3:p.Glu542Lys	protein_coding	542	TRUE	Hotspot	5	ACH-000847	HGC27	TRUE
SJST092752	C1	C1_WGS	CTNNB1	CTNNB1	chr3.41224621.T.C	SNV	Missense	p.S37P	S/P	37	missense_variant	NM_001904.4	ENST00000349496	1	0.657142857142857	23	35	ENST00000349496.11:c.109T>C	ENSP00000344456.5:p.Ser37Pro	protein_coding	37	TRUE	Hotspot	5	ACH-002026	HHUA	TRUE
SJST092752	C1	C1_WGS	KRAS	KRAS	chr12.25245350.C.A	SNV	Missense	p.G12V	G/V	12	missense_variant	NM_004985.5	ENST00000311936	1	0.625	25	40	ENST00000311936.8:c.35G>T	ENSP00000308495.3:p.Gly12Val	protein_coding	12	TRUE	Hotspot	5	ACH-002026	HHUA	TRUE
SJST092752	C1	C1_WGS	PIK3CA	PIK3CA	chr3.179199088.G.A	SNV	Missense	p.R88Q	R/Q	88	missense_variant	NM_006218.4	ENST00000263967	1	0.365853658536585	15	41	ENST00000263967.4:c.263G>A	ENSP00000263967.3:p.Arg88Gln	protein_coding	88	TRUE	Hotspot	5	ACH-002026	HHUA	TRUE
SJST092755	C1	C1_WGS	BRAF	BRAF	chr7.140781602.C.A	SNV	Missense	p.G469V	G/V	469	missense_variant	NM_004333.6	ENST00000646891	1	0.306666666666667	23	75	ENST00000646891.2:c.1406G>T	ENSP00000493543.1:p.Gly469Val	protein_coding	469	TRUE	Hotspot	5	ACH-002040	HMVII	TRUE
SJST092755	C1	C1_WGS	NRAS	NRAS	chr1.114713909.G.T	SNV	Missense	p.Q61K	Q/K	61	missense_variant	NM_002524.5	ENST00000369535	1	0.533333333333333	16	30	ENST00000369535.5:c.181C>A	ENSP00000358548.4:p.Gln61Lys	protein_coding	61	TRUE	Hotspot	5	ACH-002040	HMVII	TRUE
SJST092760	C1	C1_WGS	NRAS	NRAS	chr1.114713908.T.C	SNV	Missense	p.Q61R	Q/R	61	missense_variant	NM_002524.5	ENST00000369535	1	0.25	4	16	ENST00000369535.5:c.182A>G	ENSP00000358548.4:p.Gln61Arg	protein_coding	61	TRUE	Hotspot	5	ACH-002041	HOTHC	TRUE
SJST092761	C1	C1_WGS	KRAS	KRAS	chr12.25245350.C.A	SNV	Missense	p.G12V	G/V	12	missense_variant	NM_004985.5	ENST00000311936	1	0.571428571428571	28	49	ENST00000311936.8:c.35G>T	ENSP00000308495.3:p.Gly12Val	protein_coding	12	TRUE	Hotspot	5	ACH-002027	HOUAI	TRUE
SJST092778	C1	C1_WGS	BRAF	BRAF	chr7.140753336.A.T	SNV	Missense	p.V600E	V/E	600	missense_variant	NM_004333.6	ENST00000646891	1	0.424242424242424	14	33	ENST00000646891.2:c.1799T>A	ENSP00000493543.1:p.Val600Glu	protein_coding	600	TRUE	Hotspot	5	ACH-001350	HTCC3	FALSE
SJST092779	C1	C1_WGS	PIK3CA	PIK3CA	chr3.179210276.GTACCTCATGGATTAGAAGATTTG.GAG	Indel	InframeOther	p.VPHGLEDL448E	VPHGLEDL/E	448	protein_altering_variant	NM_006218.4	ENST00000263967	1	0.269230769230769	7	26	ENST00000263967.4:c.1343_1364delinsA	ENSP00000263967.3:p.Val448_Leu455delinsGlu	protein_coding	448	FALSE	InframeIndel	3	ACH-002046	HTMMT	TRUE
SJST092780	C1	C1_WGS	KRAS	KRAS	chr12.25245350.C.T	SNV	Missense	p.G12D	G/D	12	missense_variant	NM_004985.5	ENST00000311936	1	0.576923076923077	30	52	ENST00000311936.8:c.35G>A	ENSP00000308495.3:p.Gly12Asp	protein_coding	12	TRUE	Hotspot	5	ACH-000976	HUCCT1	TRUE
SJST092783	C1	C1_WGS	CTNNB1	CTNNB1	chr3.41224622.C.T	SNV	Missense	p.S37F	S/F	37	missense_variant	NM_001904.4	ENST00000349496	1	0.428571428571429	15	35	ENST00000349496.11:c.110C>T	ENSP00000344456.5:p.Ser37Phe	protein_coding	37	TRUE	Hotspot	5	ACH-000538	HUTU80	FALSE
SJST092786	C1	C1_WGS	PIK3CA	PIK3CA	chr3.179198937.C.T	SNV	Missense	p.R38C	R/C	38	missense_variant	NM_006218.4	ENST00000263967	1	0.48	12	25	ENST00000263967.4:c.112C>T	ENSP00000263967.3:p.Arg38Cys	protein_coding	38	FALSE	Missense_Other	4	ACH-000966	IGROV1	TRUE
SJST092786	C1	C1_WGS	PTPN11	PTPN11	chr12.112450364.T.C	SNV	Missense	p.Y62H	Y/H	62	missense_variant	NM_002834.5	ENST00000351677	1	0.521739130434783	12	23	ENST00000351677.7:c.184T>C	ENSP00000340944.3:p.Tyr62His	protein_coding	62	FALSE	Missense_Other	4	ACH-000966	IGROV1	TRUE
SJST092787	C1	C1_WGS	AKT1	AKT1	chr14.104780214.C.T	SNV	Missense	p.E17K	E/K	17	missense_variant,splice_region_variant	NM_001382430.1	ENST00000649815	1	0.46218487394958	55	119	ENST00000649815.2:c.49G>A	ENSP00000497822.1:p.Glu17Lys	protein_coding	17	FALSE	Missense_Other	4	ACH-001528	IHH4	TRUE
SJST092787	C1	C1_WGS	BRAF	BRAF	chr7.140753336.A.T	SNV	Missense	p.V600E	V/E	600	missense_variant	NM_004333.6	ENST00000646891	1	0.459183673469388	45	98	ENST00000646891.2:c.1799T>A	ENSP00000493543.1:p.Val600Glu	protein_coding	600	TRUE	Hotspot	5	ACH-001528	IHH4	TRUE
SJST092788	C1	C1_WGS	PIK3CA	PIK3CA	chr3.179218294.G.A	SNV	Missense	p.E542K	E/K	542	missense_variant	NM_006218.4	ENST00000263967	1	0.375	9	24	ENST00000263967.4:c.1624G>A	ENSP00000263967.3:p.Glu542Lys	protein_coding	542	TRUE	Hotspot	5	ACH-000919	IM95	TRUE
SJST092795	C1	C1_WGS	PIK3CA	PIK3CA	chr3.179199088.G.A	SNV	Missense	p.R88Q	R/Q	88	missense_variant	NM_006218.4	ENST00000263967	1	0.652173913043478	15	23	ENST00000263967.4:c.263G>A	ENSP00000263967.3:p.Arg88Gln	protein_coding	88	TRUE	Hotspot	5	ACH-000928	JHUEM1	TRUE
SJST092795	C1	C1_WGS	SMO	SMO	chr7.129212167.CCT.CT	Indel	Frameshift	p.P694X	P/X	694	frameshift_variant	NM_005631.5	ENST00000249373	1	0.5	3	6	ENST00000249373.8:c.2081del	ENSP00000249373.3:p.Pro694LeufsTer82	protein_coding	694	FALSE	Truncating	2	ACH-000928	JHUEM1	TRUE
SJST092799	C1	C1_WGS	BRAF	BRAF	chr7.140753336.A.T	SNV	Missense	p.V600E	V/E	600	missense_variant	NM_004333.6	ENST00000646891	1	0.694444444444444	25	36	ENST00000646891.2:c.1799T>A	ENSP00000493543.1:p.Val600Glu	protein_coding	600	TRUE	Hotspot	5	ACH-002659	JVE127	TRUE
SJST092800	C1	C1_WGS	KRAS	KRAS	chr12.25245350.C.A	SNV	Missense	p.G12V	G/V	12	missense_variant	NM_004985.5	ENST00000311936	1	0.65	26	40	ENST00000311936.8:c.35G>T	ENSP00000308495.3:p.Gly12Val	protein_coding	12	TRUE	Hotspot	5	ACH-002664	JVE253	TRUE
SJST092806	C1	C1_WGS	CTNNB1	CTNNB1	chr3.41224606.G.A	SNV	Missense	p.D32N	D/N	32	missense_variant	NM_001904.4	ENST00000349496	1	0.263157894736842	5	19	ENST00000349496.11:c.94G>A	ENSP00000344456.5:p.Asp32Asn	protein_coding	32	TRUE	Hotspot	5	ACH-000507	KE39	TRUE
SJST092813	C1	C1_WGS	MTOR	MTOR	chr1.11128117.A.G	SNV	Missense	p.Y1974H	Y/H	1974	missense_variant	NM_004958.4	ENST00000361445	1	1	18	18	ENST00000361445.9:c.5920T>C	ENSP00000354558.4:p.Tyr1974His	protein_coding	1974	FALSE	Missense_Other	4	ACH-000709	KMRC2	TRUE
SJST092830	C1	C1_WGS	KRAS	KRAS	chr12.25227342.T.C	SNV	Missense	p.Q61R	Q/R	61	missense_variant	NM_004985.5	ENST00000311936	1	1	48	48	ENST00000311936.8:c.182A>G	ENSP00000308495.3:p.Gln61Arg	protein_coding	61	TRUE	Hotspot	5	ACH-002024	ECC4	TRUE
SJST092840	C1	C1_WGS	PIK3CA	PIK3CA	chr3.179218303.G.A	SNV	Missense	p.E545K	E/K	545	missense_variant	NM_006218.4	ENST00000263967	1	0.714285714285714	20	28	ENST00000263967.4:c.1633G>A	ENSP00000263967.3:p.Glu545Lys	protein_coding	545	TRUE	Hotspot	5	ACH-000913	ESS1	TRUE
SJST092860	C1	C1_WGS	KRAS	KRAS	chr12.25245351.C.A	SNV	Missense	p.G12C	G/C	12	missense_variant	NM_004985.5	ENST00000311936	1	0.851485148514851	86	101	ENST00000311936.8:c.34G>T	ENSP00000308495.3:p.Gly12Cys	protein_coding	12	TRUE	Hotspot	5	ACH-000438	LU65	TRUE
SJST092861	C1	C1_WGS	KRAS	KRAS	chr12.25245351.C.A	SNV	Missense	p.G12C	G/C	12	missense_variant	NM_004985.5	ENST00000311936	1	0.580645161290323	54	93	ENST00000311936.8:c.34G>T	ENSP00000308495.3:p.Gly12Cys	protein_coding	12	TRUE	Hotspot	5	ACH-000444	LU99	TRUE
SJST092861	C1	C1_WGS	PIK3CA	PIK3CA	chr3.179234230.A.G	SNV	Missense	p.T1025A	T/A	1025	missense_variant	NM_006218.4	ENST00000263967	1	0.340909090909091	15	44	ENST00000263967.4:c.3073A>G	ENSP00000263967.3:p.Thr1025Ala	protein_coding	1025	FALSE	Missense_Other	4	ACH-000444	LU99	TRUE
SJST092873	C1	C1_WGS	KRAS	KRAS	chr12.25245350.C.A	SNV	Missense	p.G12V	G/V	12	missense_variant	NM_004985.5	ENST00000311936	1	0.682926829268293	28	41	ENST00000311936.8:c.35G>T	ENSP00000308495.3:p.Gly12Val	protein_coding	12	TRUE	Hotspot	5	ACH-002672	MAPACHS77	TRUE
SJST092892	C1	C1_WGS	PIK3CA	PIK3CA	chr3.179218286.C.G	SNV	Missense	p.P539R	P/R	539	missense_variant	NM_006218.4	ENST00000263967	1	0.285714285714286	4	14	ENST00000263967.4:c.1616C>G	ENSP00000263967.3:p.Pro539Arg	protein_coding	539	FALSE	Missense_Other	4	ACH-000879	MFE296	TRUE
SJST092892	C1	C1_WGS	PTPN11	PTPN11	chr12.112453287.G.A	SNV	Missense	p.S142N	S/N	142	missense_variant	NM_002834.5	ENST00000351677	1	0.555555555555556	5	9	ENST00000351677.7:c.425G>A	ENSP00000340944.3:p.Ser142Asn	protein_coding	142	FALSE	Missense_Other	4	ACH-000879	MFE296	TRUE
SJST092893	C1	C1_WGS	MTOR	MTOR	chr1.11128096.T.C	SNV	Missense	p.K1981E	K/E	1981	missense_variant	NM_004958.4	ENST00000361445	1	0.523809523809524	11	21	ENST00000361445.9:c.5941A>G	ENSP00000354558.4:p.Lys1981Glu	protein_coding	1981	FALSE	Missense_Other	4	ACH-000988	MFE319	TRUE
SJST092895	C1	C1_WGS	PIK3CA	PIK3CA	chr3.179218303.G.A	SNV	Missense	p.E545K	E/K	545	missense_variant	NM_006218.4	ENST00000263967	1	0.526315789473684	10	19	ENST00000263967.4:c.1633G>A	ENSP00000263967.3:p.Glu545Lys	protein_coding	545	TRUE	Hotspot	5	ACH-000351	MKN1	FALSE
SJST092919	C1	C1_WGS	NRAS	NRAS	chr1.114713909.G.T	SNV	Missense	p.Q61K	Q/K	61	missense_variant	NM_002524.5	ENST00000369535	1	0.4375	14	32	ENST00000369535.5:c.181C>A	ENSP00000358548.4:p.Gln61Lys	protein_coding	61	TRUE	Hotspot	5	ACH-000510	NCIH1299	TRUE
SJST092966	C1	C1_WGS	KRAS	KRAS	chr12.25227341.T.A	SNV	Missense	p.Q61H	Q/H	61	missense_variant	NM_004985.5	ENST00000311936	1	1	22	22	ENST00000311936.8:c.183A>T	ENSP00000308495.3:p.Gln61His	protein_coding	61	TRUE	Hotspot	5	ACH-000463	NCIH460	TRUE
SJST092966	C1	C1_WGS	PIK3CA	PIK3CA	chr3.179218303.G.A	SNV	Missense	p.E545K	E/K	545	missense_variant	NM_006218.4	ENST00000263967	1	0.730769230769231	19	26	ENST00000263967.4:c.1633G>A	ENSP00000263967.3:p.Glu545Lys	protein_coding	545	TRUE	Hotspot	5	ACH-000463	NCIH460	TRUE
SJST092973	C1	C1_WGS	PIK3CA	PIK3CA	chr3.179218303.G.A	SNV	Missense	p.E545K	E/K	545	missense_variant	NM_006218.4	ENST00000263967	1	0.531914893617021	25	47	ENST00000263967.4:c.1633G>A	ENSP00000263967.3:p.Glu545Lys	protein_coding	545	TRUE	Hotspot	5	ACH-000628	NCIH596	FALSE
SJST092974	C1	C1_WGS	KRAS	KRAS	chr12.25245347.C.T	SNV	Missense	p.G13D	G/D	13	missense_variant	NM_004985.5	ENST00000311936	1	1	57	57	ENST00000311936.8:c.38G>A	ENSP00000308495.3:p.Gly13Asp	protein_coding	13	TRUE	Hotspot	5	ACH-000378	NCIH647	TRUE
SJST092995	C1	C1_WGS	PIK3CA	PIK3CA	chr3.179234297.A.T	SNV	Missense	p.H1047L	H/L	1047	missense_variant	NM_006218.4	ENST00000263967	1	0.674418604651163	29	43	ENST00000263967.4:c.3140A>T	ENSP00000263967.3:p.His1047Leu	protein_coding	1047	TRUE	Hotspot	5	ACH-000704	OAW42	TRUE
SJST093005	C1	C1_WGS	KRAS	KRAS	chr12.25245351.C.A	SNV	Missense	p.G12C	G/C	12	missense_variant	NM_004985.5	ENST00000311936	1	0.380952380952381	16	42	ENST00000311936.8:c.34G>T	ENSP00000308495.3:p.Gly12Cys	protein_coding	12	TRUE	Hotspot	5	ACH-000809	KYSE410	TRUE
SJST093006	C1	C1_WGS	EGFR	EGFR	chr7.55181312.G.T	SNV	Missense	p.S768I	S/I	768	missense_variant	NM_005228.5	ENST00000275493	1	0.28125	27	96	ENST00000275493.7:c.2303G>T	ENSP00000275493.2:p.Ser768Ile	protein_coding	768	TRUE	Hotspot	5	ACH-000865	KYSE450	TRUE
SJST093009	C1	C1_WGS	KRAS	KRAS	chr12.25245350.C.A	SNV	Missense	p.G12V	G/V	12	missense_variant	NM_004985.5	ENST00000311936	1	1	57	57	ENST00000311936.8:c.35G>T	ENSP00000308495.3:p.Gly12Val	protein_coding	12	TRUE	Hotspot	5	ACH-000596	LCLC97TM1	TRUE
SJST093023	C1	C1_WGS	KRAS	KRAS	chr12.25245350.C.A	SNV	Missense	p.G12V	G/V	12	missense_variant	NM_004985.5	ENST00000311936	1	0.803921568627451	82	102	ENST00000311936.8:c.35G>T	ENSP00000308495.3:p.Gly12Val	protein_coding	12	TRUE	Hotspot	5	ACH-000599	PATU8902	TRUE
SJST093025	C1	C1_WGS	KRAS	KRAS	chr12.25245350.C.T	SNV	Missense	p.G12D	G/D	12	missense_variant	NM_004985.5	ENST00000311936	1	0.414285714285714	29	70	ENST00000311936.8:c.35G>A	ENSP00000308495.3:p.Gly12Asp	protein_coding	12	TRUE	Hotspot	5	ACH-000307	PK1	TRUE
SJST093026	C1	C1_WGS	KRAS	KRAS	chr12.25245351.C.G	SNV	Missense	p.G12R	G/R	12	missense_variant	NM_004985.5	ENST00000311936	1	1	33	33	ENST00000311936.8:c.34G>C	ENSP00000308495.3:p.Gly12Arg	protein_coding	12	TRUE	Hotspot	5	ACH-002039	PK8	TRUE
SJST093032	C1	C1_WGS	KRAS	KRAS	chr12.25245350.C.A	SNV	Missense	p.G12V	G/V	12	missense_variant	NM_004985.5	ENST00000311936	1	0.653846153846154	51	78	ENST00000311936.8:c.35G>T	ENSP00000308495.3:p.Gly12Val	protein_coding	12	TRUE	Hotspot	5	ACH-000347	QGP1	FALSE
SJST093035	C1	C1_WGS	KRAS	KRAS	chr12.25245351.C.G	SNV	Missense	p.G12R	G/R	12	missense_variant	NM_004985.5	ENST00000311936	1	0.841935483870968	261	310	ENST00000311936.8:c.34G>C	ENSP00000308495.3:p.Gly12Arg	protein_coding	12	TRUE	Hotspot	5	ACH-000320	PSN1	TRUE
SJST093050	C1	C1_WGS	HRAS	HRAS	chr11.533873.C.A	SNV	Missense	p.Q61H	Q/H	61	missense_variant	NM_005343.4	ENST00000311189	1	0.48936170212766	23	47	ENST00000311189.8:c.183G>T	ENSP00000309845.7:p.Gln61His	protein_coding	61	TRUE	Hotspot	5	ACH-000965	RL952	TRUE
SJST093050	C1	C1_WGS	MYC	MYC	chr8.127738818.T.C	SNV	Missense	p.S201P	S/P	201	missense_variant	NM_002467.6	ENST00000621592	1	0.30188679245283	16	53	ENST00000621592.8:c.601T>C	ENSP00000478887.2:p.Ser201Pro	protein_coding	201	FALSE	Missense_Other	4	ACH-000965	RL952	TRUE
SJST093060	C1	C1_WGS	PIK3CA	PIK3CA	chr3.179218303.G.A	SNV	Missense	p.E545K	E/K	545	missense_variant	NM_006218.4	ENST00000263967	1	0.125	12	96	ENST00000263967.4:c.1633G>A	ENSP00000263967.3:p.Glu545Lys	protein_coding	545	TRUE	Hotspot	5	ACH-000490	SF767	TRUE
SJST093062	C1	C1_WGS	KRAS	KRAS	chr12.25245350.C.A	SNV	Missense	p.G12V	G/V	12	missense_variant	NM_004985.5	ENST00000311936	1	0.918238993710692	146	159	ENST00000311936.8:c.35G>T	ENSP00000308495.3:p.Gly12Val	protein_coding	12	TRUE	Hotspot	5	ACH-000764	SH10TC	TRUE
SJST093086	C1	C1_WGS	PIK3CA	PIK3CA	chr3.179234297.A.G	SNV	Missense	p.H1047R	H/R	1047	missense_variant	NM_006218.4	ENST00000263967	1	0.552631578947368	21	38	ENST00000263967.4:c.3140A>G	ENSP00000263967.3:p.His1047Arg	protein_coding	1047	TRUE	Hotspot	5	ACH-000811	SKOV3	TRUE
SJST093087	C1	C1_WGS	HRAS	HRAS	chr11.533839.G.A	SNV	Missense	p.R73C	R/C	73	missense_variant	NM_005343.4	ENST00000311189	1	0.516129032258065	16	31	ENST00000311189.8:c.217C>T	ENSP00000309845.7:p.Arg73Cys	protein_coding	73	FALSE	Missense_Other	4	ACH-000939	SKUT1	TRUE
SJST093087	C1	C1_WGS	PIK3CA	PIK3CA	chr3.179199088.G.A	SNV	Missense	p.R88Q	R/Q	88	missense_variant	NM_006218.4	ENST00000263967	1	0.578947368421053	11	19	ENST00000263967.4:c.263G>A	ENSP00000263967.3:p.Arg88Gln	protein_coding	88	TRUE	Hotspot	5	ACH-000939	SKUT1	TRUE
SJST093092	C1	C1_WGS	CTNNB1	CTNNB1	chr3.41224621.T.C	SNV	Missense	p.S37P	S/P	37	missense_variant	NM_001904.4	ENST00000349496	1	0.555555555555556	15	27	ENST00000349496.11:c.109T>C	ENSP00000344456.5:p.Ser37Pro	protein_coding	37	TRUE	Hotspot	5	ACH-000974	SNGM	TRUE
SJST093092	C1	C1_WGS	KRAS	KRAS	chr12.25245350.C.A	SNV	Missense	p.G12V	G/V	12	missense_variant	NM_004985.5	ENST00000311936	1	0.441176470588235	15	34	ENST00000311936.8:c.35G>T	ENSP00000308495.3:p.Gly12Val	protein_coding	12	TRUE	Hotspot	5	ACH-000974	SNGM	TRUE
SJST093092	C1	C1_WGS	PIK3CA	PIK3CA	chr3.179199088.G.A	SNV	Missense	p.R88Q	R/Q	88	missense_variant	NM_006218.4	ENST00000263967	1	0.391304347826087	9	23	ENST00000263967.4:c.263G>A	ENSP00000263967.3:p.Arg88Gln	protein_coding	88	TRUE	Hotspot	5	ACH-000974	SNGM	TRUE
SJST093093	C1	C1_WGS	ALK	ALK	chr2.29383831.G.A	SNV	Missense	p.R395C	R/C	395	missense_variant	NM_004304.5	ENST00000389048	1	0.483870967741935	15	31	ENST00000389048.8:c.1183C>T	ENSP00000373700.3:p.Arg395Cys	protein_coding	395	FALSE	Missense_Other	4	ACH-000932	SNU1	TRUE
SJST093093	C1	C1_WGS	KRAS	KRAS	chr12.25245350.C.T	SNV	Missense	p.G12D	G/D	12	missense_variant	NM_004985.5	ENST00000311936	1	0.485714285714286	17	35	ENST00000311936.8:c.35G>A	ENSP00000308495.3:p.Gly12Asp	protein_coding	12	TRUE	Hotspot	5	ACH-000932	SNU1	TRUE
SJST093102	C1	C1_WGS	MTOR	MTOR	chr1.11130747.C.T	SNV	Missense	p.E1799K	E/K	1799	missense_variant	NM_004958.4	ENST00000361445	1	0.411764705882353	14	34	ENST00000361445.9:c.5395G>A	ENSP00000354558.4:p.Glu1799Lys	protein_coding	1799	FALSE	Missense_Other	4	ACH-000907	SNU349	TRUE
SJST093102	C1	C1_WGS	SMO	SMO	chr7.129212167.CCT.CT	Indel	Frameshift	p.P694X	P/X	694	frameshift_variant	NM_005631.5	ENST00000249373	1	0.285714285714286	10	35	ENST00000249373.8:c.2081del	ENSP00000249373.3:p.Pro694LeufsTer82	protein_coding	694	FALSE	Truncating	2	ACH-000907	SNU349	TRUE
SJST093105	C1	C1_WGS	KRAS	KRAS	chr12.25245350.C.T	SNV	Missense	p.G12D	G/D	12	missense_variant	NM_004985.5	ENST00000311936	1	1	47	47	ENST00000311936.8:c.35G>A	ENSP00000308495.3:p.Gly12Asp	protein_coding	12	TRUE	Hotspot	5	ACH-000517	SNU410	TRUE
SJST093109	C1	C1_WGS	KRAS	KRAS	chr12.25245350.C.T	SNV	Missense	p.G12D	G/D	12	missense_variant	NM_004985.5	ENST00000311936	1	0.6875	33	48	ENST00000311936.8:c.35G>A	ENSP00000308495.3:p.Gly12Asp	protein_coding	12	TRUE	Hotspot	5	ACH-000532	SNU61	TRUE
SJST093113	C1	C1_WGS	CTNNB1	CTNNB1	chr3.41224613.G.T	SNV	Missense	p.G34V	G/V	34	missense_variant	NM_001904.4	ENST00000349496	1	0.3125	10	32	ENST00000349496.11:c.101G>T	ENSP00000344456.5:p.Gly34Val	protein_coding	34	TRUE	Hotspot	5	ACH-000898	SNU719	TRUE
SJST093113	C1	C1_WGS	NRAS	NRAS	chr1.114713908.T.A	SNV	Missense	p.Q61L	Q/L	61	missense_variant	NM_002524.5	ENST00000369535	1	1	22	22	ENST00000369535.5:c.182A>T	ENSP00000358548.4:p.Gln61Leu	protein_coding	61	TRUE	Hotspot	5	ACH-000898	SNU719	TRUE
SJST093113	C1	C1_WGS	PIK3CA	PIK3CA	chr3.179199136.C.G	SNV	Missense	p.P104R	P/R	104	missense_variant	NM_006218.4	ENST00000263967	1	0.333333333333333	11	33	ENST00000263967.4:c.311C>G	ENSP00000263967.3:p.Pro104Arg	protein_coding	104	FALSE	Missense_Other	4	ACH-000898	SNU719	TRUE
SJST093113	C1	C1_WGS	PTPN11	PTPN11	chr12.112489081.C.T	SNV	Missense	p.S502L	S/L	502	missense_variant	NM_002834.5	ENST00000351677	1	0.542857142857143	19	35	ENST00000351677.7:c.1505C>T	ENSP00000340944.3:p.Ser502Leu	protein_coding	502	FALSE	Missense_Other	4	ACH-000898	SNU719	TRUE
SJST093114	C1	C1_WGS	KRAS	KRAS	chr12.25245350.C.T	SNV	Missense	p.G12D	G/D	12	missense_variant	NM_004985.5	ENST00000311936	1	1	45	45	ENST00000311936.8:c.35G>A	ENSP00000308495.3:p.Gly12Asp	protein_coding	12	TRUE	Hotspot	5	ACH-000460	SNU8	TRUE
SJST093120	C1	C1_WGS	KRAS	KRAS	chr12.25245350.C.T	SNV	Missense	p.G12D	G/D	12	missense_variant	NM_004985.5	ENST00000311936	1	0.823529411764706	42	51	ENST00000311936.8:c.35G>A	ENSP00000308495.3:p.Gly12Asp	protein_coding	12	TRUE	Hotspot	5	ACH-000652	SUIT2	TRUE
SJST093135	C1	C1_WGS	KRAS	KRAS	chr12.25245351.C.A	SNV	Missense	p.G12C	G/C	12	missense_variant	NM_004985.5	ENST00000311936	1	1	41	41	ENST00000311936.8:c.34G>T	ENSP00000308495.3:p.Gly12Cys	protein_coding	12	TRUE	Hotspot	5	ACH-000470	SW1463	TRUE
SJST093141	C1	C1_WGS	KRAS	KRAS	chr12.25245351.C.A	SNV	Missense	p.G12C	G/C	12	missense_variant	NM_004985.5	ENST00000311936	1	0.547619047619048	23	42	ENST00000311936.8:c.34G>T	ENSP00000308495.3:p.Gly12Cys	protein_coding	12	TRUE	Hotspot	5	ACH-000421	SW837	TRUE
SJST093141	C1	C1_WGS	MYC	MYC	chr8.127738491.G.A	SNV	Missense	p.V92I	V/I	92	missense_variant	NM_002467.6	ENST00000621592	1	0.475	19	40	ENST00000621592.8:c.274G>A	ENSP00000478887.2:p.Val92Ile	protein_coding	92	FALSE	Missense_Other	4	ACH-000421	SW837	TRUE
SJST093147	C1	C1_WGS	BRAF	BRAF	chr7.140753336.A.T	SNV	Missense	p.V600E	V/E	600	missense_variant	NM_004333.6	ENST00000646891	1	1	19	19	ENST00000646891.2:c.1799T>A	ENSP00000493543.1:p.Val600Glu	protein_coding	600	TRUE	Hotspot	5	ACH-002042	T3M5	TRUE
SJST093151	C1	C1_WGS	MYC	MYC	chr8.127738977.G.T	SNV	Missense	p.V254L	V/L	254	missense_variant	NM_002467.6	ENST00000621592	1	0.0866141732283465	11	127	ENST00000621592.8:c.760G>T	ENSP00000478887.2:p.Val254Leu	protein_coding	254	FALSE	Missense_Other	4	ACH-000694	TE9	TRUE
SJST093154	C1	C1_WGS	PIK3CA	PIK3CA	chr3.179218303.G.A	SNV	Missense	p.E545K	E/K	545	missense_variant	NM_006218.4	ENST00000263967	1	0.530612244897959	26	49	ENST00000263967.4:c.1633G>A	ENSP00000263967.3:p.Glu545Lys	protein_coding	545	TRUE	Hotspot	5	ACH-000408	TE5	TRUE
SJST093158	C1	C1_WGS	CTNNB1	CTNNB1	chr3.41224633.A.G	SNV	Missense	p.T41A	T/A	41	missense_variant	NM_001904.4	ENST00000349496	1	1	25	25	ENST00000349496.11:c.121A>G	ENSP00000344456.5:p.Thr41Ala	protein_coding	41	TRUE	Hotspot	5	ACH-002023	TGBC18TKB	TRUE
SJST093161	C1	C1_WGS	PIK3CA	PIK3CA	chr3.179218303.G.A	SNV	Missense	p.E545K	E/K	545	missense_variant	NM_006218.4	ENST00000263967	1	0.488372093023256	21	43	ENST00000263967.4:c.1633G>A	ENSP00000263967.3:p.Glu545Lys	protein_coding	545	TRUE	Hotspot	5	ACH-001675	TR146	TRUE
SJST093162	C1	C1_WGS	KRAS	KRAS	chr12.25245351.C.A	SNV	Missense	p.G12C	G/C	12	missense_variant	NM_004985.5	ENST00000311936	1	0.51063829787234	24	47	ENST00000311936.8:c.34G>T	ENSP00000308495.3:p.Gly12Cys	protein_coding	12	TRUE	Hotspot	5	ACH-002025	TT1TKB	TRUE
SJST093163	C1	C1_WGS	NRAS	NRAS	chr1.114713908.T.C	SNV	Missense	p.Q61R	Q/R	61	missense_variant	NM_002524.5	ENST00000369535	1	0.62962962962963	17	27	ENST00000369535.5:c.182A>G	ENSP00000358548.4:p.Gln61Arg	protein_coding	61	TRUE	Hotspot	5	ACH-000716	TT2609C02	TRUE
SJST093171	C1	C1_WGS	CTNNB1	CTNNB1	chr3.41224619.A.C	SNV	Missense	p.H36P	H/P	36	missense_variant	NM_001904.4	ENST00000349496	1	1	36	36	ENST00000349496.11:c.107A>C	ENSP00000344456.5:p.His36Pro	protein_coding	36	FALSE	Missense_Other	4	ACH-002017	OMM1	FALSE
SJST093184	C1	C1_WGS	KRAS	KRAS	chr12.25245350.C.T	SNV	Missense	p.G12D	G/D	12	missense_variant	NM_004985.5	ENST00000311936	1	0.735294117647059	75	102	ENST00000311936.8:c.35G>A	ENSP00000308495.3:p.Gly12Asp	protein_coding	12	TRUE	Hotspot	5	ACH-000688	OV7	TRUE
SJST093186	C1	C1_WGS	KRAS	KRAS	chr12.25245350.C.A	SNV	Missense	p.G12V	G/V	12	missense_variant	NM_004985.5	ENST00000311936	1	1	77	77	ENST00000311936.8:c.35G>T	ENSP00000308495.3:p.Gly12Val	protein_coding	12	TRUE	Hotspot	5	ACH-001151	OVCAR5	TRUE
SJST093187	C1	C1_WGS	CTNNB1	CTNNB1	chr3.41224589.A.G	SNV	Missense	p.Q26R	Q/R	26	missense_variant	NM_001904.4	ENST00000349496	1	0.52	13	25	ENST00000349496.11:c.77A>G	ENSP00000344456.5:p.Gln26Arg	protein_coding	26	FALSE	Missense_Other	4	ACH-000696	OVCAR8	TRUE
SJST093188	C1	C1_WGS	PIK3CA	PIK3CA	chr3.179210192.T.C	SNV	Missense	p.C420R	C/R	420	missense_variant	NM_006218.4	ENST00000263967	1	0.5625	18	32	ENST00000263967.4:c.1258T>C	ENSP00000263967.3:p.Cys420Arg	protein_coding	420	TRUE	Hotspot	5	ACH-000527	OVISE	TRUE
SJST093189	C1	C1_WGS	KRAS	KRAS	chr12.25227348.G.C	SNV	Missense	p.A59G	A/G	59	missense_variant	NM_004985.5	ENST00000311936	1	0.578947368421053	11	19	ENST00000311936.8:c.176C>G	ENSP00000308495.3:p.Ala59Gly	protein_coding	59	FALSE	Missense_Other	4	ACH-000947	OVK18	TRUE
SJST093211	C1	C1_WGS	KRAS	KRAS	chr12.25245350.C.A	SNV	Missense	p.G12V	G/V	12	missense_variant	NM_004985.5	ENST00000311936	1	0.8828125	113	128	ENST00000311936.8:c.35G>T	ENSP00000308495.3:p.Gly12Val	protein_coding	12	TRUE	Hotspot	5	ACH-000332	YAPC	TRUE
SJST093238	C1	C1_WGS	KRAS	KRAS	chr12.25245350.C.A	SNV	Missense	p.G12V	G/V	12	missense_variant	NM_004985.5	ENST00000311936	1	1	18	18	ENST00000311936.8:c.35G>T	ENSP00000308495.3:p.Gly12Val	protein_coding	12	TRUE	Hotspot	5	ACH-000022	PATU8988S	TRUE
SJST093239	C1	C1_WGS	KRAS	KRAS	chr12.25245350.C.A	SNV	Missense	p.G12V	G/V	12	missense_variant	NM_004985.5	ENST00000311936	1	1	26	26	ENST00000311936.8:c.35G>T	ENSP00000308495.3:p.Gly12Val	protein_coding	12	TRUE	Hotspot	5	ACH-000023	PATU8988T	TRUE
SJST093247	C1	C1_WGS	KRAS	KRAS	chr12.25245350.C.T	SNV	Missense	p.G12D	G/D	12	missense_variant	NM_004985.5	ENST00000311936	1	0.647058823529412	33	51	ENST00000311936.8:c.35G>A	ENSP00000308495.3:p.Gly12Asp	protein_coding	12	TRUE	Hotspot	5	ACH-000042	PANC0203	TRUE
SJST093251	C1	C1_WGS	CTNNB1	CTNNB1	chr3.41224621.T.G	SNV	Missense	p.S37A	S/A	37	missense_variant	NM_001904.4	ENST00000349496	1	1	30	30	ENST00000349496.11:c.109T>G	ENSP00000344456.5:p.Ser37Ala	protein_coding	37	TRUE	Hotspot	5	ACH-000048	TOV112D	TRUE
SJST093253	C1	C1_WGS	KRAS	KRAS	chr12.25245350.C.T	SNV	Missense	p.G12D	G/D	12	missense_variant	NM_004985.5	ENST00000311936	1	0.545454545454545	18	33	ENST00000311936.8:c.35G>A	ENSP00000308495.3:p.Gly12Asp	protein_coding	12	TRUE	Hotspot	5	ACH-000060	PANC1005	TRUE
SJST093259	C1	C1_WGS	KRAS	KRAS	chr12.25227341.T.G	SNV	Missense	p.Q61H	Q/H	61	missense_variant	NM_004985.5	ENST00000311936	1	0.375	21	56	ENST00000311936.8:c.183A>C	ENSP00000308495.3:p.Gln61His	protein_coding	61	TRUE	Hotspot	5	ACH-000085	T3M4	TRUE
SJST093262	C1	C1_WGS	KRAS	KRAS	chr12.25245351.C.A	SNV	Missense	p.G12C	G/C	12	missense_variant	NM_004985.5	ENST00000311936	1	0.6	24	40	ENST00000311936.8:c.34G>T	ENSP00000308495.3:p.Gly12Cys	protein_coding	12	TRUE	Hotspot	5	ACH-000091	OV56	FALSE
SJST093263	C1	C1_WGS	KRAS	KRAS	chr12.25245350.C.T	SNV	Missense	p.G12D	G/D	12	missense_variant	NM_004985.5	ENST00000311936	1	0.548387096774194	17	31	ENST00000311936.8:c.35G>A	ENSP00000308495.3:p.Gly12Asp	protein_coding	12	TRUE	Hotspot	5	ACH-000093	PANC0504	TRUE
SJST093266	C1	C1_WGS	KRAS	KRAS	chr12.25245350.C.A	SNV	Missense	p.G12V	G/V	12	missense_variant	NM_004985.5	ENST00000311936	1	1	40	40	ENST00000311936.8:c.35G>T	ENSP00000308495.3:p.Gly12Val	protein_coding	12	TRUE	Hotspot	5	ACH-000108	KP3	TRUE
SJST093269	C1	C1_WGS	KRAS	KRAS	chr12.25245350.C.T	SNV	Missense	p.G12D	G/D	12	missense_variant	NM_004985.5	ENST00000311936	1	0.838028169014085	119	142	ENST00000311936.8:c.35G>A	ENSP00000308495.3:p.Gly12Asp	protein_coding	12	TRUE	Hotspot	5	ACH-000114	SU8686	TRUE
SJST093272	C1	C1_WGS	KRAS	KRAS	chr12.25245351.C.G	SNV	Missense	p.G12R	G/R	12	missense_variant	NM_004985.5	ENST00000311936	1	0.525	21	40	ENST00000311936.8:c.34G>C	ENSP00000308495.3:p.Gly12Arg	protein_coding	12	TRUE	Hotspot	5	ACH-000118	HUPT3	TRUE
SJST093278	C1	C1_WGS	KRAS	KRAS	chr12.25245350.C.A	SNV	Missense	p.G12V	G/V	12	missense_variant	NM_004985.5	ENST00000311936	1	0.558139534883721	24	43	ENST00000311936.8:c.35G>T	ENSP00000308495.3:p.Gly12Val	protein_coding	12	TRUE	Hotspot	5	ACH-000139	PANC0327	TRUE
SJST093287	C1	C1_WGS	KRAS	KRAS	chr12.25245350.C.T	SNV	Missense	p.G12D	G/D	12	missense_variant	NM_004985.5	ENST00000311936	1	1	36	36	ENST00000311936.8:c.35G>A	ENSP00000308495.3:p.Gly12Asp	protein_coding	12	TRUE	Hotspot	5	ACH-000155	SW1990	TRUE
SJST093290	C1	C1_WGS	KRAS	KRAS	chr12.25245350.C.T	SNV	Missense	p.G12D	G/D	12	missense_variant	NM_004985.5	ENST00000311936	1	0.62	31	50	ENST00000311936.8:c.35G>A	ENSP00000308495.3:p.Gly12Asp	protein_coding	12	TRUE	Hotspot	5	ACH-000164	PANC1	TRUE
SJST093291	C1	C1_WGS	KRAS	KRAS	chr12.25245351.C.G	SNV	Missense	p.G12R	G/R	12	missense_variant	NM_004985.5	ENST00000311936	1	1	22	22	ENST00000311936.8:c.34G>C	ENSP00000308495.3:p.Gly12Arg	protein_coding	12	TRUE	Hotspot	5	ACH-000174	CAL62	TRUE
SJST093296	C1	C1_WGS	BRAF	BRAF	chr7.140753336.A.T	SNV	Missense	p.V600E	V/E	600	missense_variant	NM_004333.6	ENST00000646891	1	0.797297297297297	59	74	ENST00000646891.2:c.1799T>A	ENSP00000493543.1:p.Val600Glu	protein_coding	600	TRUE	Hotspot	5	ACH-000191	BHT101	TRUE
SJST093297	C1	C1_WGS	PIK3CA	PIK3CA	chr3.179234296.C.T	SNV	Missense	p.H1047Y	H/Y	1047	missense_variant	NM_006218.4	ENST00000263967	1	0.43859649122807	25	57	ENST00000263967.4:c.3139C>T	ENSP00000263967.3:p.His1047Tyr	protein_coding	1047	TRUE	Hotspot	5	ACH-000192	MFE280	TRUE
SJST093300	C1	C1_WGS	PIK3CA	PIK3CA	chr3.179234297.A.G	SNV	Missense	p.H1047R	H/R	1047	missense_variant	NM_006218.4	ENST00000263967	1	0.485714285714286	17	35	ENST00000263967.4:c.3140A>G	ENSP00000263967.3:p.His1047Arg	protein_coding	1047	TRUE	Hotspot	5	ACH-000207	DETROIT562	TRUE
SJST093306	C1	C1_WGS	KRAS	KRAS	chr12.25245350.C.T	SNV	Missense	p.G12D	G/D	12	missense_variant	NM_004985.5	ENST00000311936	1	1	42	42	ENST00000311936.8:c.35G>A	ENSP00000308495.3:p.Gly12Asp	protein_coding	12	TRUE	Hotspot	5	ACH-000222	ASPC1	TRUE
SJST093310	C1	C1_WGS	KRAS	KRAS	chr12.25245350.C.T	SNV	Missense	p.G12D	G/D	12	missense_variant	NM_004985.5	ENST00000311936	1	0.511111111111111	23	45	ENST00000311936.8:c.35G>A	ENSP00000308495.3:p.Gly12Asp	protein_coding	12	TRUE	Hotspot	5	ACH-000235	PANC0403	TRUE
SJST093313	C1	C1_WGS	KRAS	KRAS	chr12.25245350.C.A	SNV	Missense	p.G12V	G/V	12	missense_variant	NM_004985.5	ENST00000311936	1	0.903225806451613	112	124	ENST00000311936.8:c.35G>T	ENSP00000308495.3:p.Gly12Val	protein_coding	12	TRUE	Hotspot	5	ACH-000243	DANG	TRUE
SJST093316	C1	C1_WGS	CTNNB1	CTNNB1	chr3.41224646.C.G	SNV	Missense	p.S45C	S/C	45	missense_variant	NM_001904.4	ENST00000349496	1	1	14	14	ENST00000349496.11:c.134C>G	ENSP00000344456.5:p.Ser45Cys	protein_coding	45	TRUE	Hotspot	5	ACH-000247	OCUM1	TRUE
SJST093327	C1	C1_WGS	KRAS	KRAS	chr12.25245350.C.T	SNV	Missense	p.G12D	G/D	12	missense_variant	NM_004985.5	ENST00000311936	1	0.7890625	101	128	ENST00000311936.8:c.35G>A	ENSP00000308495.3:p.Gly12Asp	protein_coding	12	TRUE	Hotspot	5	ACH-000265	KP4	TRUE
SJST093328	C1	C1_WGS	KRAS	KRAS	chr12.25245350.C.T	SNV	Missense	p.G12D	G/D	12	missense_variant	NM_004985.5	ENST00000311936	1	0.56	28	50	ENST00000311936.8:c.35G>A	ENSP00000308495.3:p.Gly12Asp	protein_coding	12	TRUE	Hotspot	5	ACH-000270	HPAC	FALSE
SJST093334	C1	C1_WGS	PIK3CA	PIK3CA	chr3.179234297.A.G	SNV	Missense	p.H1047R	H/R	1047	missense_variant	NM_006218.4	ENST00000263967	1	0.351351351351351	13	37	ENST00000263967.4:c.3140A>G	ENSP00000263967.3:p.His1047Arg	protein_coding	1047	TRUE	Hotspot	5	ACH-000280	SNU840	TRUE
SJST093335	C1	C1_WGS	KRAS	KRAS	chr12.25245351.C.G	SNV	Missense	p.G12R	G/R	12	missense_variant	NM_004985.5	ENST00000311936	1	0.555555555555556	30	54	ENST00000311936.8:c.34G>C	ENSP00000308495.3:p.Gly12Arg	protein_coding	12	TRUE	Hotspot	5	ACH-000281	KP2	TRUE
SJST093337	C1	C1_WGS	KRAS	KRAS	chr12.25245350.C.T	SNV	Missense	p.G12D	G/D	12	missense_variant	NM_004985.5	ENST00000311936	1	0.59375	19	32	ENST00000311936.8:c.35G>A	ENSP00000308495.3:p.Gly12Asp	protein_coding	12	TRUE	Hotspot	5	ACH-000286	SNU1033	TRUE
SJST093340	C1	C1_WGS	BRAF	BRAF	chr7.140778037.TAGGTGCTGTCACATTC.TC	Indel	InframeDel	p.NVTAP486-	NVTAP/-	486	inframe_deletion	NM_004333.6	ENST00000646891	1	0.666666666666667	28	42	ENST00000646891.2:c.1457_1471del	ENSP00000493543.1:p.Asn486_Pro490del	protein_coding	486	FALSE	InframeIndel	3	ACH-000291	OV90	TRUE
SJST094235	C1	C1_WGS	BRAF	BRAF	chr7.140739895.G.A	SNV	Missense	p.R682W	R/W	682	missense_variant	NM_004333.6	ENST00000646891	1	0.455882352941176	31	68	ENST00000646891.2:c.2044C>T	ENSP00000493543.1:p.Arg682Trp	protein_coding	682	FALSE	Missense_Other	4			FALSE
SJSTS092772	C1	C1_WGS	IDH1	IDH1	chr2.208248389.G.A	SNV	Missense	p.R132C	R/C	132	missense_variant	NM_005896.4	ENST00000345146	1	0.452830188679245	24	53	ENST00000345146.7:c.394C>T	ENSP00000260985.2:p.Arg132Cys	protein_coding	132	TRUE	Hotspot	5	ACH-000054	HT1080	TRUE
SJSTS092772	C1	C1_WGS	NRAS	NRAS	chr1.114713909.G.T	SNV	Missense	p.Q61K	Q/K	61	missense_variant	NM_002524.5	ENST00000369535	1	0.588235294117647	30	51	ENST00000369535.5:c.181C>A	ENSP00000358548.4:p.Gln61Lys	protein_coding	61	TRUE	Hotspot	5	ACH-000054	HT1080	TRUE
SJSTS093036	C1	C1_WGS	KRAS	KRAS	chr12.25245350.C.A	SNV	Missense	p.G12V	G/V	12	missense_variant	NM_004985.5	ENST00000311936	1	1	133	133	ENST00000311936.8:c.35G>T	ENSP00000308495.3:p.Gly12Val	protein_coding	12	TRUE	Hotspot	5	ACH-000505	RKN	TRUE
SJTALL046430	C7B	C7B_WGS	BRAF	BRAF	chr7.140734715.G.A	SNV	Missense	p.A728V	A/V	728	missense_variant	NM_004333.6	ENST00000646891	1	0.608695652173913	14	23	ENST00000646891.2:c.2183C>T	ENSP00000493543.1:p.Ala728Val	protein_coding	728	FALSE	Missense_Other	4			FALSE
SJTALL046433	C4	C4_WGS	NRAS	NRAS	chr1.114713909.G.T	SNV	Missense	p.Q61K	Q/K	61	missense_variant	NM_002524.5	ENST00000369535	1	0.212121212121212	7	33	ENST00000369535.5:c.181C>A	ENSP00000358548.4:p.Gln61Lys	protein_coding	61	TRUE	Hotspot	5	ACH-000964	MOLT3	FALSE
SJTALL046435	C2	C2_WGS	NRAS	NRAS	chr1.114716127.C.T	SNV	Missense	p.G12S	G/S	12	missense_variant	NM_002524.5	ENST00000369535	1	0.5	21	42	ENST00000369535.5:c.34G>A	ENSP00000358548.4:p.Gly12Ser	protein_coding	12	TRUE	Hotspot	5	ACH-000937	PF382	TRUE
SJTALL067335	C2	C2_WGS	PIK3CA	PIK3CA	chr3.179218305.G.T	SNV	Missense	p.E545D	E/D	545	missense_variant	NM_006218.4	ENST00000263967	1	0.538461538461538	21	39	ENST00000263967.4:c.1635G>T	ENSP00000263967.3:p.Glu545Asp	protein_coding	545	TRUE	Hotspot	5	ACH-000953	SUPT1	TRUE
SJTALL068302	C1	C1_WGS	PTPN11	PTPN11	chr12.112450362.A.T	SNV	Missense	p.D61V	D/V	61	missense_variant	NM_002834.5	ENST00000351677	1	0.473684210526316	18	38	ENST00000351677.7:c.182A>T	ENSP00000340944.3:p.Asp61Val	protein_coding	61	FALSE	Missense_Other	4	ACH-003517	PER117	FALSE
SJTALL068303	C1	C1_WGS	MYCN	MYCN	chr2.15942195.C.T	SNV	Missense	p.P44L	P/L	44	missense_variant	NM_005378.6	ENST00000281043	1	0.538461538461538	21	39	ENST00000281043.4:c.131C>T	ENSP00000281043.3:p.Pro44Leu	protein_coding	44	TRUE	Hotspot	5	ACH-000104	LOUCY	FALSE
SJTALL068304	C1	C1_WGS	KRAS	KRAS	chr12.25245350.C.T	SNV	Missense	p.G12D	G/D	12	missense_variant	NM_004985.5	ENST00000311936	1	0.1	1	10	ENST00000311936.8:c.35G>A	ENSP00000308495.3:p.Gly12Asp	protein_coding	12	TRUE	Hotspot	5			FALSE
SJTALL068304	C1	C1_WGS	NRAS	NRAS	chr1.114716126.C.T	SNV	Missense	p.G12D	G/D	12	missense_variant	NM_002524.5	ENST00000369535	1	0.733333333333333	11	15	ENST00000369535.5:c.35G>A	ENSP00000358548.4:p.Gly12Asp	protein_coding	12	TRUE	Hotspot	5			FALSE
SJTALL068305	C1	C1_WGS	HRAS	HRAS	chr11.533833.C.G	SNV	Missense	p.G75R	G/R	75	missense_variant	NM_005343.4	ENST00000311189	1	0.172413793103448	5	29	ENST00000311189.8:c.223G>C	ENSP00000309845.7:p.Gly75Arg	protein_coding	75	FALSE	Missense_Other	4	ACH-000981	DND41	TRUE
SJTALL068305	C1B	C1B_WGS	NRAS	NRAS	chr1.114713907.T.G	SNV	Missense	p.Q61H	Q/H	61	missense_variant	NM_002524.5	ENST00000369535	1	0.4	8	20	ENST00000369535.5:c.183A>C	ENSP00000358548.4:p.Gln61His	protein_coding	61	TRUE	Hotspot	5			FALSE
SJTALL068308	C1	C1_WGS	CTNNB1	CTNNB1	chr3.41224544.A.G	SNV	Missense	p.D11G	D/G	11	missense_variant	NM_001904.4	ENST00000349496	1	0.8	8	10	ENST00000349496.11:c.32A>G	ENSP00000344456.5:p.Asp11Gly	protein_coding	11	FALSE	Missense_Other	4	ACH-000942	HPBALL	FALSE
SJTALL071490	C1	C1_WGS	NRAS	NRAS	chr1.114716126.C.T	SNV	Missense	p.G12D	G/D	12	missense_variant	NM_002524.5	ENST00000369535	1	0.477272727272727	21	44	ENST00000369535.5:c.35G>A	ENSP00000358548.4:p.Gly12Asp	protein_coding	12	TRUE	Hotspot	5	ACH-002551	MOLT14	FALSE
SJTALL071491	C1	C1_WGS	MTOR	MTOR	chr1.11157173.C.T	SNV	Missense	p.C1483Y	C/Y	1483	missense_variant	NM_004958.4	ENST00000361445	1	0.166666666666667	13	78	ENST00000361445.9:c.4448G>A	ENSP00000354558.4:p.Cys1483Tyr	protein_coding	1483	FALSE	Missense_Other	4	ACH-000918	MOLT16	FALSE
SJTALL071491	C1	C1_WGS	PIK3CA	PIK3CA	chr3.179221048.G.A	SNV	Missense	p.R693H	R/H	693	missense_variant	NM_006218.4	ENST00000263967	1	0.291666666666667	7	24	ENST00000263967.4:c.2078G>A	ENSP00000263967.3:p.Arg693His	protein_coding	693	FALSE	Missense_Other	4	ACH-000918	MOLT16	FALSE
SJTALL073622	C1	C1_WGS	HRAS	HRAS	chr11.533535.C.T	SNV	Missense	p.R123H	R/H	123	missense_variant	NM_005343.4	ENST00000311189	1	0.416666666666667	10	24	ENST00000311189.8:c.368G>A	ENSP00000309845.7:p.Arg123His	protein_coding	123	FALSE	Missense_Other	4	ACH-001127	MOLT4	FALSE
SJTALL073622	C1	C1_WGS	NRAS	NRAS	chr1.114716127.C.A	SNV	Missense	p.G12C	G/C	12	missense_variant	NM_002524.5	ENST00000369535	1	0.354838709677419	11	31	ENST00000369535.5:c.34G>T	ENSP00000358548.4:p.Gly12Cys	protein_coding	12	TRUE	Hotspot	5	ACH-001127	MOLT4	FALSE
SJTALL073623	C2	C2_WGS	KIT	KIT	chr4.54698476.G.A	SNV	Missense	p.R177H	R/H	177	missense_variant	NM_000222.3	ENST00000288135	1	0.4	16	40	ENST00000288135.6:c.530G>A	ENSP00000288135.6:p.Arg177His	protein_coding	177	FALSE	Missense_Other	4			FALSE
SJTALL073623	C2	C2_WGS	PIK3CA	PIK3CA	chr3.179218305.G.T	SNV	Missense	p.E545D	E/D	545	missense_variant	NM_006218.4	ENST00000263967	1	0.545454545454545	12	22	ENST00000263967.4:c.1635G>T	ENSP00000263967.3:p.Glu545Asp	protein_coding	545	TRUE	Hotspot	5			FALSE
SJTALL073626	C1	C1_WGS	NRAS	NRAS	chr1.114716127.C.T	SNV	Missense	p.G12S	G/S	12	missense_variant	NM_002524.5	ENST00000369535	1	0.535714285714286	15	28	ENST00000369535.5:c.34G>A	ENSP00000358548.4:p.Gly12Ser	protein_coding	12	TRUE	Hotspot	5	ACH-000937	PF382	TRUE
SJTALL074691	C1	C1_WGS	HRAS	HRAS	chr11.533503.C.A	SNV	Missense	p.A134S	A/S	134	missense_variant	NM_005343.4	ENST00000311189	1	0.3125	10	32	ENST00000311189.8:c.400G>T	ENSP00000309845.7:p.Ala134Ser	protein_coding	134	FALSE	Missense_Other	4	ACH-000636	RMPI8402	FALSE
SJTALL074692	C1	C1_WGS	ACVR1	ACVR1	chr2.157774115.G.A	SNV	Missense	p.R206C	R/C	206	missense_variant	NM_001111067.4	ENST00000434821	1	0.714285714285714	15	21	ENST00000434821.7:c.616C>T	ENSP00000405004.1:p.Arg206Cys	protein_coding	206	FALSE	Missense_Other	4	ACH-000197	TALL1	TRUE
SJTALL074692	C1	C1_WGS	NRAS	NRAS	chr1.114716126.C.T	SNV	Missense	p.G12D	G/D	12	missense_variant	NM_002524.5	ENST00000369535	1	0.566666666666667	17	30	ENST00000369535.5:c.35G>A	ENSP00000358548.4:p.Gly12Asp	protein_coding	12	TRUE	Hotspot	5	ACH-000197	TALL1	TRUE
SJTALL077294	C1B	C1B_WGS	NRAS	NRAS	chr1.114713909.G.T	SNV	Missense	p.Q61K	Q/K	61	missense_variant	NM_002524.5	ENST00000369535	1	0.163265306122449	8	49	ENST00000369535.5:c.181C>A	ENSP00000358548.4:p.Gln61Lys	protein_coding	61	TRUE	Hotspot	5			FALSE
SJTALL077295	C1	C1_WGS	FLT3	FLT3	chr13.28018516.C.T	SNV	Missense	p.G831E	G/E	831	missense_variant	NM_004119.3	ENST00000241453	1	0.507692307692308	33	65	ENST00000241453.12:c.2492G>A	ENSP00000241453.7:p.Gly831Glu	protein_coding	831	FALSE	Missense_Other	4	ACH-001737	CTV1DM	TRUE
SJTALL080081	C1	C1_WGS	NRAS	NRAS	chr1.114716126.C.T	SNV	Missense	p.G12D	G/D	12	missense_variant	NM_002524.5	ENST00000369535	1	0.447368421052632	17	38	ENST00000369535.5:c.35G>A	ENSP00000358548.4:p.Gly12Asp	protein_coding	12	TRUE	Hotspot	5	ACH-000101	KE37	TRUE
SJTALL080084	C1	C1_WGS	NRAS	NRAS	chr1.114716126.C.T	SNV	Missense	p.G12D	G/D	12	missense_variant	NM_002524.5	ENST00000369535	1	0.5	14	28	ENST00000369535.5:c.35G>A	ENSP00000358548.4:p.Gly12Asp	protein_coding	12	TRUE	Hotspot	5	ACH-000795	MOLT13	FALSE
SJTALL080085	C1	C1_WGS	PIK3CA	PIK3CA	chr3.179218305.G.T	SNV	Missense	p.E545D	E/D	545	missense_variant	NM_006218.4	ENST00000263967	1	0.35	14	40	ENST00000263967.4:c.1635G>T	ENSP00000263967.3:p.Glu545Asp	protein_coding	545	TRUE	Hotspot	5	ACH-003505	SUPT7	FALSE
SJTALL080086	C1	C1_WGS	PDGFRA	PDGFRA	chr4.54290347.GTGACCATC.GGC	Indel	InframeOther	p.SDH972R	SDH/R	972	protein_altering_variant	NM_006206.6	ENST00000257290	1	0.483870967741935	15	31	ENST00000257290.10:c.2916_2922delinsG	ENSP00000257290.5:p.Ser972_His974delinsArg	protein_coding	972	FALSE	InframeIndel	3	ACH-003503	SUPT13	FALSE
SJTALL080088	C1	C1_WGS	MTOR	MTOR	chr1.11128107.G.A	SNV	Missense	p.T1977I	T/I	1977	missense_variant	NM_004958.4	ENST00000361445	1	0.363636363636364	8	22	ENST00000361445.9:c.5930C>T	ENSP00000354558.4:p.Thr1977Ile	protein_coding	1977	FALSE	Missense_Other	4	ACH-003508	CUTLL1	FALSE
SJTALL080088	C1	C1_WGS	SMO	SMO	chr7.129212167.CCT.CT	Indel	Frameshift	p.P694X	P/X	694	frameshift_variant	NM_005631.5	ENST00000249373	1	0.194444444444444	7	36	ENST00000249373.8:c.2081del	ENSP00000249373.3:p.Pro694LeufsTer82	protein_coding	694	FALSE	Truncating	2	ACH-003508	CUTLL1	FALSE
SJTALL080088	C1B	C1B_WGS	PIK3CA	PIK3CA	chr3.179234297.A.G	SNV	Missense	p.H1047R	H/R	1047	missense_variant	NM_006218.4	ENST00000263967	1	0.196078431372549	10	51	ENST00000263967.4:c.3140A>G	ENSP00000263967.3:p.His1047Arg	protein_coding	1047	TRUE	Hotspot	5			FALSE
SJTALL080092	C1	C1_WGS	H3F3A	H3F3A	chr1.226064434.A.G	SNV	Missense	p.K28R	K/R	28	missense_variant	NM_002107.7	ENST00000366815	1	0.5	8	16	ENST00000366815.10:c.83A>G	ENSP00000355780.3:p.Lys28Arg	protein_coding	28	TRUE	Hotspot	5	ACH-000920	CMLT1	TRUE
SJTALL080093	C1	C1_WGS	PIK3CA	PIK3CA	chr3.179234297.A.G	SNV	Missense	p.H1047R	H/R	1047	missense_variant	NM_006218.4	ENST00000263967	1	0.466666666666667	7	15	ENST00000263967.4:c.3140A>G	ENSP00000263967.3:p.His1047Arg	protein_coding	1047	TRUE	Hotspot	5	ACH-003506	HDMAR2	FALSE
SJTALL080704	C1	C1_WGS	FLT3	FLT3	chr13.28018516.C.T	SNV	Missense	p.G831E	G/E	831	missense_variant	NM_004119.3	ENST00000241453	1	0.428571428571429	9	21	ENST00000241453.12:c.2492G>A	ENSP00000241453.7:p.Gly831Glu	protein_coding	831	FALSE	Missense_Other	4	ACH-002222	CTV1	FALSE
SJTALL080709	C1	C1_WGS	SMO	SMO	chr7.129212167.CCT.CT	Indel	Frameshift	p.P694X	P/X	694	frameshift_variant	NM_005631.5	ENST00000249373	1	0.533333333333333	16	30	ENST00000249373.8:c.2081del	ENSP00000249373.3:p.Pro694LeufsTer82	protein_coding	694	FALSE	Truncating	2			FALSE
SJTALL085558	C1	C1_WGS	NRAS	NRAS	chr1.114716127.C.A	SNV	Missense	p.G12C	G/C	12	missense_variant	NM_002524.5	ENST00000369535	1	0.277777777777778	10	36	ENST00000369535.5:c.34G>T	ENSP00000358548.4:p.Gly12Cys	protein_coding	12	TRUE	Hotspot	5	ACH-001127	MOLT4	FALSE
SJTALL085566	C1	C1_WGS	KRAS	KRAS	chr12.25245350.C.T	SNV	Missense	p.G12D	G/D	12	missense_variant	NM_004985.5	ENST00000311936	1	0.0666666666666667	3	45	ENST00000311936.8:c.35G>A	ENSP00000308495.3:p.Gly12Asp	protein_coding	12	TRUE	Hotspot	5			FALSE
SJTALL085566	C1	C1_WGS	NRAS	NRAS	chr1.114716126.C.A	SNV	Missense	p.G12V	G/V	12	missense_variant	NM_002524.5	ENST00000369535	1	0.296296296296296	8	27	ENST00000369535.5:c.35G>T	ENSP00000358548.4:p.Gly12Val	protein_coding	12	TRUE	Hotspot	5			FALSE
SJTALL092583	C1	C1_WGS	NRAS	NRAS	chr1.114713909.G.T	SNV	Missense	p.Q61K	Q/K	61	missense_variant	NM_002524.5	ENST00000369535	1	0.454545454545455	15	33	ENST00000369535.5:c.181C>A	ENSP00000358548.4:p.Gln61Lys	protein_coding	61	TRUE	Hotspot	5	ACH-000206	C8166	TRUE
SJTLL067328	C3	C3_WGS	NRAS	NRAS	chr1.114716126.C.T	SNV	Missense	p.G12D	G/D	12	missense_variant	NM_002524.5	ENST00000369535	1	0.428571428571429	9	21	ENST00000369535.5:c.35G>A	ENSP00000358548.4:p.Gly12Asp	protein_coding	12	TRUE	Hotspot	5	ACH-002551	MOLT14	FALSE
SJTLL077035	C2	C2_WGS	NRAS	NRAS	chr1.114716126.C.T	SNV	Missense	p.G12D	G/D	12	missense_variant	NM_002524.5	ENST00000369535	1	0.5	17	34	ENST00000369535.5:c.35G>A	ENSP00000358548.4:p.Gly12Asp	protein_coding	12	TRUE	Hotspot	5	ACH-003531	SKW3	FALSE
